-3.543647287521944356e-01,-3.326421430338249441e-01
1.271459497223974555e-01,-9.188024921333247663e-01
-5.438474578393341918e-01,-2.233603113262755402e-01
4.315907482477683854e-01,-8.952176477063646942e-01
4.316991846401553312e-01,1.847536590709379922e-01
-4.750176921060819124e-01,-3.859131676446526660e-01
-4.393140883940496733e-01,3.593434079633247014e-01
1.141307347090527280e+00,5.767035308988077702e-01
1.366177045901561860e+00,4.422260621002580550e-01
-2.078191206370124111e-01,-1.651775180036422874e+00
-1.116696091333400642e-01,1.748656467302495798e+00
7.650636232435338302e-01,-3.903244155518047487e-01
-3.780145897716754577e-01,-8.327538890671897231e-01
-1.001067947085293675e+00,6.996943877999439731e-02
-5.482390914901698054e-01,-9.504330469284888450e-01
5.367890091620534099e-01,-1.556696477018165437e-01
7.508304156539865604e-01,1.526957911128449252e+00
-1.487323301245376372e+00,-6.219223379593643575e-01
-3.690120011650679932e-01,4.273097401179649091e-01
-3.844096788615773974e-01,8.502613813138719667e-01
-1.071945618130526467e+00,-7.657713135775053859e-01
-1.014595945654921838e+00,-4.905076692956825690e-01
-1.383595871557173618e-01,3.730841488874683254e-01
-6.704274221262036537e-01,-3.383460521327745218e-01
1.851777318311460113e-02,5.515437542541296034e-01
6.642795447921696628e-01,-1.223244153694336145e+00
2.253945691080747882e-01,1.908607899027231838e-02
-1.302402427075946556e-01,-3.664029720569209059e-01
-1.654716989245294201e+00,-9.613616811779702731e-01
9.949180659109323477e-01,9.930965324007737793e-01
7.320224998496660529e-02,1.291965086992413192e-01
-4.077745531958618663e-01,4.664879486066092484e-01
-8.723944474287534945e-01,-1.155542124421110151e+00
3.170146309365873827e-01,4.128995416403161145e-01
1.163376986461506779e-01,-5.971986776580424650e-01
1.566646366063266516e-01,-1.161936736795954328e+00
4.024103415569256215e-01,-1.034366762570388731e+00
-1.532704557632802889e+00,-5.460426237793164495e-01
-7.404733396415605906e-01,-9.798565921707257376e-01
-7.626954080113009793e-01,1.306064493801545601e-01
-3.574767370855996829e-01,8.801856233749869585e-01
-3.054873225750510957e-02,-3.538662854426214820e-03
8.880938877918387320e-01,-7.893053420347027893e-02
-4.910715334396720255e-01,1.554323789113800369e-01
-1.294607405118472832e+00,8.608786690309262468e-01
-3.547141809254881206e-01,-1.340974378116517318e+00
-4.999108710815435841e-01,8.850493108497187178e-02
-1.474042818519968878e-01,6.337479600519441147e-02
1.246457847887854298e+00,7.330795141001995585e-01
-3.295595033472267232e-01,6.284756560357949162e-01
3.164037971695777274e-01,1.314579738735189018e-01
-2.472135532527875712e-01,6.410622044254156160e-01
1.777418819442972531e+00,8.161291063902018639e-01
-8.804485568795126227e-01,-6.942124887004142986e-01
1.397242341243556174e+00,2.124813662540463721e-01
-1.405154031738881537e+00,4.436879130673438559e-02
-5.508012895782451318e-02,6.962407510542445443e-01
8.950599991266051658e-01,1.604243212903548876e+00
3.802836875984685894e-01,6.003791646999984133e-01
1.123338117048694684e+00,-2.802487116868522254e-01
-2.902312231511888219e-01,-5.944794762823708556e-01
-1.097167449894879576e+00,1.511466992561601996e-01
1.066403745489836297e+00,-9.538933174511048108e-02
1.849845881559907923e+00,1.030337248640684544e+00
-1.176953858568891287e-01,1.404586201068285467e+00
-3.995485366801581617e-01,-1.514943750654171195e+00
-5.174792189810413223e-01,1.926170594151490612e-01
-2.259458184623697741e-01,5.703684452179534903e-01
1.404130166688208614e-01,-9.162513795288455831e-02
2.199754533769638087e-01,-3.493988268795573116e-01
2.862337768198759957e-01,-6.526619316723375475e-01
-2.457480581250426621e-01,-7.137846850321760694e-01
-6.797332750482019126e-01,-3.896827121644687308e-02
-6.526648382405229043e-01,-5.705245883699676668e-01
-1.022953773466536598e+00,-2.546446936611069245e-01
2.645621554560859678e-01,-4.193751625990205234e-02
6.913815085969851615e-02,1.018228541301082979e+00
-7.310283015661951378e-01,2.764673845439314936e-01
3.274690276362455243e-01,3.853800756095652202e-01
-1.324353572903671783e-01,-1.084225430048135097e+00
-1.739152530180203771e+00,2.890297585792983015e-01
-9.522361434294529525e-01,-6.835341179228069386e-01
-1.088556308821343022e+00,1.077482977109212037e+00
5.060345682513696097e-01,2.874867124337953661e-01
-1.012808748257326474e+00,6.472720030027313554e-01
4.330981866748124798e-01,-1.872798467601727024e-01
2.271936173496891531e-01,9.765603056503967608e-03
-1.386864402209054159e+00,2.341796224655778302e-01
2.096274304558939372e-01,-3.627996446877822245e-02
1.093863845803576679e-01,-6.537650207242058642e-02
-5.793196571475082157e-01,3.300914105382449781e-01
1.829591274023011083e-01,8.378094687761283854e-02
-1.044272418870350272e+00,-3.444712824048757893e-01
-9.201105797676599751e-01,-1.315950635712055172e+00
8.367631395118786675e-02,-5.927090274298446593e-02
-9.122625799525244661e-01,1.095683759086202025e-01
-1.542990382637117852e+00,-9.211822564137046865e-02
1.692478895247287785e+00,-9.294278387149076393e-01
8.387618752376649889e-01,2.070658133972923254e-02
5.602882811942806462e-01,2.880938481144309504e-01
2.314193310859161135e-01,-6.902390462095904233e-01
-2.906569319428494724e-01,-1.220961537589820844e-01
-3.854414145325703034e-01,3.503507590716530284e-01
7.943888147442924597e-01,4.545812179289915878e-01
-1.903654063357221871e-01,4.589386613806100690e-01
6.084944434681722747e-01,-6.678353978274865765e-01
6.089824298486284926e-01,-5.172464574777153601e-01
6.433512540500631038e-01,1.458620166620578251e+00
-5.416072754518072019e-01,-7.805698895848519614e-01
4.692271099190654243e-02,-2.559821668558271424e-01
-3.586593600188741626e-01,-1.040570309576109631e+00
8.942269806351257344e-01,7.740963562820778188e-02
-8.110748272355559063e-01,1.001716333592295838e+00
-8.544751594313875209e-01,-3.026378404483696105e-01
5.636216123319220950e-01,-9.362903151799494283e-01
-8.934381370783998078e-01,-1.019218428176376978e+00
-6.453076444326356631e-01,-8.743497163377637049e-01
-1.867798188358634981e+00,-3.010912051158946556e-01
-8.925715109496719091e-01,-3.873809873257471614e-01
5.744542918644551799e-01,-1.235934206654754508e+00
-8.467048585416867557e-01,-8.390133932824773710e-01
3.632192692843658199e-01,-1.159785705994996752e+00
-3.916937168784716261e-02,-1.480850981718306425e+00
4.913342135240103548e-01,9.511720178914635504e-01
-1.185060494708462392e-01,-2.784720701765446838e-01
-9.894844154927171509e-01,1.614203477312367851e-01
4.471228093610191689e-01,-9.923876007485288309e-01
2.808103683900117775e-01,5.963415719468019294e-01
-1.658235744287970548e-01,6.779318877741340454e-01
-9.781397068261941108e-01,5.742591351665625732e-01
1.590347117281134759e+00,1.064332179355504504e+00
-3.240927872147044038e-03,1.493870661641574449e+00
-6.019793245651112318e-02,-3.153960077740915469e-01
-1.862161545413032027e+00,-1.130693884166401320e-01
6.599840537826974218e-01,1.182978181957720309e+00
-3.649007258208741833e-01,1.695259302878765750e-01
-1.637704303581249410e-01,1.376281256106545392e+00
4.031164341457891265e-01,-8.061014274193379903e-01
-5.919142271491593110e-01,-1.269472357424227260e-01
-5.490483811083243237e-01,2.565495862428069929e-01
1.786078408331526479e-01,3.222608275075211082e-01
-1.019158183989271382e+00,-1.119135992431465665e+00
-1.061544706396532201e+00,3.988549841764451598e-01
8.096765637315368469e-01,4.600794808070607367e-01
-2.761941597433192896e-01,-3.163826127468000737e-01
-3.756573354727956171e-01,-2.187417144600720953e-01
7.625772962214768524e-01,-4.858784886735253439e-01
5.251632416607012743e-01,-1.019575355019641583e+00
6.098966001391623593e-01,7.752500386626458989e-04
-9.336488539137725862e-02,-5.465579241347481160e-02
-2.760840233814371714e-01,-1.167662962819297767e-01
-2.811730524825399868e-01,1.611904039286423451e+00
-2.510847714023725641e-01,-3.307636273230413204e-01
2.679247436970058072e-01,3.429200968248204417e-01
4.419928192988962223e-01,-4.287973173792318793e-01
-8.048532727835921996e-01,1.436630664491039600e+00
-7.774064742977926379e-01,4.013278491629377887e-01
-1.048492563650560205e+00,1.219610210361921770e-01
-5.346733589220483696e-01,-9.207590250177210001e-01
-2.464039235941955786e-01,-7.326313128326749080e-01
-3.522047998271869429e-01,-1.215532864977199035e-01
-2.131919181913379813e-01,-3.122406926262594196e-01
-3.438540810161347938e-01,-3.403626813410088880e-01
2.105123093057111316e-01,2.956678719357138663e-01
2.267095010991734549e-01,3.731359652075254552e-01
6.380341425987905435e-01,-9.966309715242250844e-01
-8.664960051456976897e-03,-8.875794648143756072e-02
-3.019995788805254211e-01,3.171474685424062190e-01
4.167091494547380814e-01,-5.691335574336522374e-01
-9.190991935498871168e-01,-1.841820489344933698e+00
2.589419900942070973e-01,1.201243850854846640e+00
-5.909005288826302271e-01,-3.902880674973243508e-02
3.711994848692330984e-01,1.244799116453346732e-01
-2.075029299091877069e-02,-9.353994830493708723e-02
-1.025862724178066704e-01,3.347139675272436249e-02
-6.102691664815477202e-01,1.208265278112655494e+00
-1.051390081827791034e+00,-2.907506965265534427e-01
2.346710346539387371e-01,2.180550882304199245e+00
-5.071163855900012729e-01,1.067588848263499729e-01
-1.352169780308307256e+00,-4.181615136408773914e-01
1.893549693759271069e-01,4.279686225594864779e-01
1.956355356846914140e-01,-2.462680104531573821e-01
4.344450605445019375e-01,2.823334232155124690e-01
-1.108938614231210540e+00,-2.982368755808571803e-02
-4.378357121315900602e-01,8.269811814827409124e-01
-6.370269586521726257e-01,-3.798745137945933048e-01
-3.309915745232093198e-01,3.319032032781169539e-01
6.729356779471196148e-01,-9.015789959658461195e-01
9.440443242882555763e-01,-5.909253384085094707e-01
-3.535821494665715714e-01,-1.338113494188815977e+00
-5.998780152888431028e-01,-2.703702420576480359e-01
-1.404126153539203559e+00,-6.670036736310254177e-01
-1.719641321131095135e-01,1.412153979306651985e+00
1.047998231256687535e-01,-5.093337730879535785e-01
2.859689307754206267e-01,1.709644335545480676e+00
-4.841041331376220308e-02,1.677969517728722160e+00
-2.137408996591039778e-01,-7.415361115004742709e-02
1.574629026908007656e-01,5.995115736722493871e-01
6.125760923359258037e-01,3.011799750706901646e-01
7.570488616055727482e-02,1.102192127489952100e-01
-7.025591541742286505e-01,2.393491204616245427e-01
-9.796104573014605688e-01,-6.562364547733334774e-01
-8.740719023177706548e-01,4.291102046046352814e-01
1.504776263215332088e+00,-1.255413082794925306e-01
-5.764062696791306672e-01,-6.162914429598981281e-01
-4.491095702210642360e-01,-1.424841522523848436e+00
-1.141535312767288923e+00,1.186783779446835663e+00
-8.867219824918085580e-01,-1.012744597432741145e+00
-1.171189424269655603e-02,-1.484890933285296644e-01
1.183927346832049921e+00,-1.065685305806740590e+00
-5.995745616460432942e-02,-2.169564378805591554e-01
1.671987430431703392e-01,-6.489723233283523074e-01
-4.747694974298766746e-01,-3.253472920902619747e-01
6.732676231360448793e-02,3.956270706635916512e-01
1.250423843886870334e-01,-1.127994959565047584e+00
-9.611285409966044968e-01,-2.947775884183564399e-01
-2.843499489846338935e-01,-4.661250128969195439e-01
-1.410232568669136155e+00,6.772043011482316022e-01
-1.029381904598065445e+00,4.559307322351446312e-01
9.215793504293500193e-01,4.459602193642165369e-01
7.424701300866193288e-01,-7.156494424897822393e-01
2.441161840690607779e-02,-5.870918892445956688e-02
4.870854399956545122e-01,2.768198878279908293e-01
-7.725159497378631945e-01,2.814301901761838143e-01
1.409498160125280730e+00,5.683107768889658074e-01
5.968191541891159080e-01,3.460411455872546282e-01
-1.576316244685619594e+00,-2.010092770120288641e+00
-4.580016644774725365e-01,-1.092371478661318784e+00
-1.044099395086970361e+00,-2.341234445158091315e+00
3.011741900281549728e-02,1.417013995722278263e-01
-4.064715704774683469e-01,4.369948411923350040e-01
6.918815314001796057e-01,-6.318564940586014478e-01
9.603160198545508397e-01,-6.115831715969747284e-01
1.452244102538096993e+00,-1.166343887499461607e+00
-4.281722840784821793e-01,-3.608761711110474169e-01
8.158667716708563056e-01,2.040747507882691852e-02
2.034684607023097280e-01,5.854899494082058675e-01
7.669264366398489408e-01,-3.296216059380406294e-01
2.373777211036442181e-01,-4.973006145722703719e-01
-1.307643850491921445e+00,1.105569836006135842e-01
4.769080856368280719e-01,-2.101626288089120387e-01
1.230449089227346970e+00,-2.586915463731255804e-01
1.785316094274078391e-01,-9.105785644603894280e-01
4.340524430229130703e-01,-1.898374816970269663e-01
-8.172237711693031148e-01,-4.689093131945694659e-01
-6.438180318600982277e-01,1.089607119843675892e-01
4.762734387691406890e-01,2.125428608479043024e-01
9.266968531870463099e-01,5.843548371207458736e-01
-8.279291684843399501e-01,5.299842473140206067e-01
1.818289696175550418e-01,5.984129789701362473e-02
2.038753660811299662e-01,6.084016840551903504e-01
-8.381419608730203974e-01,7.798154432778967027e-02
9.887500549901123703e-01,1.506389219983115257e+00
-1.427609218676123282e-01,-1.685425238400014292e-01
-3.563620104256965404e-01,-4.222844635106646205e-01
-5.421612122492054375e-01,-2.515514207589426565e-01
1.087907343187052733e+00,-3.948733838102850835e-01
-9.229196203075017424e-01,1.163464763869083374e+00
2.427249004106010050e-02,7.146475442224398122e-01
3.706226995081717823e-01,9.174604151106755534e-01
4.275438219363014158e-01,-1.994333111785908663e-01
2.827790120608312807e-01,5.203742765529998371e-01
6.853294078099841924e-01,4.478442358089153585e-01
-6.437850620536771373e-01,-8.385950959384194103e-01
-1.000630954723072286e+00,-4.938481208426178659e-01
2.862569683361563255e-01,-8.786387514483841032e-01
-1.078530184522584312e+00,7.513796842677641363e-01
5.987322826382752983e-02,1.032631672344957119e+00
-6.486661404849636270e-01,1.129330250742135666e+00
5.632217882119383567e-01,-4.691587384041813191e-01
-1.047778126369932061e-01,4.018076619194068111e-01
-6.414702009600082855e-01,6.506933042354146046e-01
-7.418316860410963109e-02,3.431969563866397177e-01
1.149844215575677397e+00,7.818914513982562209e-01
-1.583096792382371554e+00,1.006613156122044161e+00
1.261808983938584039e-01,-5.083494081809608600e-01
6.933211336314943907e-01,1.462837549392293601e+00
7.776450501779347269e-01,-6.292826465453167373e-01
4.673286325057423030e-01,2.505388828761363484e-01
-1.971698662383180867e-01,2.420335932167398674e-01
-2.547304537674777158e-01,-3.362507325181798290e-01
-2.963000806588497738e-01,1.322864866896917402e+00
-2.715782320189386589e-01,-5.574612911440267604e-01
1.841763291703197192e+00,-1.088905443426802178e+00
-4.996078178908874845e-01,-4.936506508404127080e-01
-6.065453259738263769e-01,1.131286889163607201e+00
4.619494634717532383e-02,-1.143915508852743512e+00
-6.135799276128750535e-01,-1.254304159639297200e+00
-1.466018162268140912e-01,1.649424041333326763e+00
1.312071550174799706e+00,-4.134807749632690155e-01
-4.192230809422172744e-01,-8.786520497363511373e-01
6.008390890261381401e-01,-3.125950274393079487e-01
-1.293143394457126893e-01,-1.150923340205291384e-01
-1.017976210975534007e-01,-1.306919740452763712e+00
-5.379785309027813600e-01,3.301952721788155576e-01
-1.251525785466151675e+00,3.068740224233019176e-01
3.813413652860800362e-02,-1.246851428692551167e+00
-1.255011631304848052e+00,-2.419794794831413298e-01
-5.695954429409757491e-01,-6.113205078205812271e-01
-5.992039863569028624e-01,-1.469722764880354360e+00
7.711858983691979308e-01,-2.401912878862081158e+00
-8.290125631656291016e-01,7.389558965770953725e-01
-8.783425178535647637e-01,-1.526317932767540242e+00
-1.948017912763982395e-01,6.973711463803996535e-01
4.744197388576932295e-01,-4.315735832118844373e-01
-4.427352807737051088e-01,3.830926087867433383e-01
-4.589138684541760327e-02,4.235227530572217014e-01
-5.822041629014819142e-01,-2.572760663530777037e-01
9.080948779341165844e-01,-7.393408851044969143e-01
-1.351126247523840584e+00,-1.248321182874511381e-01
-1.835092294630634446e-01,-8.136993939355390282e-01
5.375100243457003185e-02,-2.902306058150674328e-01
-6.513972507727274763e-01,9.840802339996181924e-01
-3.735723547519558263e-01,-4.493436653558444682e-01
5.598564594923369775e-01,3.595341993378356471e-01
4.490454507010741003e-01,4.579807872727216789e-01
4.844265015454788381e-01,2.307282372194198183e-01
-3.441195056605929614e-01,-4.075411978713428529e-01
5.322011590477370574e-02,1.342207660562767080e+00
5.938103746517970905e-01,-1.314194081728363939e+00
6.396580819127443140e-01,4.242615628955309082e-01
8.815459497528727040e-01,-8.872423156351454399e-01
-4.096067698939339086e-01,-1.018760281412665059e+00
-1.145696990473284160e-02,1.146690611194751686e+00
8.095584072342523196e-01,-4.842852622090267900e-01
-2.004592968419437682e+00,-8.526432942957867800e-01
-3.372475461550403231e-01,5.835168116159956675e-01
-2.861408697710943749e-01,1.496724612868715942e+00
1.167893395482453300e+00,-3.036619153352100864e-01
-5.820486353627900566e-01,9.218390172923369708e-01
1.819787180291350670e-01,-6.826757501428570851e-01
8.332435538159489452e-01,-2.800771834015270412e-01
-1.093325467963266018e+00,-1.535317383743210584e+00
9.420013536508712315e-01,-1.599691952553632168e+00
7.398570965531363341e-02,-3.835411612126914949e-01
-5.678164324277034103e-01,3.140400569162358768e-01
-8.956861050435547256e-01,6.232190182704078207e-01
-1.710381899118798843e-01,-5.927969010890924428e-01
-1.164811847791568100e+00,-1.126920209377971771e+00
1.011497760844487948e+00,-1.606972507152234358e-02
7.853838618772067681e-01,-1.574388490959946207e-01
-1.527001971703120464e+00,5.804847022305724691e-01
4.181380119380547211e-01,-2.787622245106665120e-01
1.297034938296138584e+00,1.427994957187472380e+00
-7.303328592058103697e-01,-2.654918080700333430e-02
-3.064126077720526475e-01,1.987313278365292479e-01
-3.455729646396408783e-01,-7.734408150184374220e-02
3.278631112386001800e-01,6.440084561782666306e-01
6.074294537784086234e-01,-2.371802482784100552e-01
4.368493673571260949e-01,4.312787538245717589e-01
-1.305960869139207281e+00,4.446766275818575444e-04
-1.441780891273591658e+00,9.996699025507762570e-01
5.120042311908338251e-01,7.669387248496999376e-01
7.537444683201349749e-01,4.138503969297590013e-01
5.189826191643134301e-01,8.621076146392527007e-02
1.077356946321283093e+00,-6.883745651881690852e-01
-6.113346881871953853e-01,7.311979578797512813e-01
4.241009993520681101e-03,7.017743024812922448e-04
9.748455105805339804e-02,6.617266888343400488e-01
7.391144339863100488e-01,7.574343819987781057e-01
6.085987193721376087e-01,-5.036344655746456400e-01
-7.308647294264407346e-02,1.292118498080825628e-01
7.081011820034208704e-01,-3.052892357473914811e-03
-8.444046493109802487e-01,3.303151283919354975e-01
-3.332370372359236971e-02,1.118796326616658066e+00
6.168333081398725826e-01,7.418324159073739210e-01
-5.307922267048568177e-01,7.171646883860324229e-01
9.791489422173595969e-01,9.585704991712827860e-01
-1.715212806453543015e+00,-3.217269990201656604e-01
-1.216562442763407109e-01,-3.167409609982194119e-01
4.022132911501186681e-01,-9.257576189275195100e-01
-1.167221614987738881e-01,-7.643158974109255654e-02
5.494143458057310081e-01,4.890339415403528456e-01
6.465266412637272753e-01,-5.800369974825019259e-01
9.513482665459208620e-01,-4.650417294916691646e-01
4.609774250910808058e-01,3.519919774588623484e-01
1.381758823498346056e-01,-5.997983984910931765e-01
-4.660626216668246613e-01,4.740709545629543387e-01
8.419567586435604545e-01,-9.325006259128085784e-01
7.110906832577613690e-01,3.020679955429393382e-01
1.151720862801245637e+00,3.619231925483065715e-01
-6.153093332221809542e-01,-1.154620115647080114e+00
1.314910750125072525e+00,1.028521036654718446e-01
-6.270264689897030452e-01,1.979356651503264786e+00
1.387427259710295901e+00,-1.401868509660029183e+00
-5.663771504692815401e-02,-5.667191960277808555e-02
5.721115192159347274e-01,6.938613546528600295e-01
-7.964075377743033979e-01,-4.105839389542059042e-02
-1.319343846085297041e-02,-1.673626754470455946e+00
-8.353872346759412260e-01,-1.045201731436726789e+00
5.331040122652210833e-01,6.736235924874400816e-01
-9.761055107454912338e-01,-1.104810686827765176e-01
-3.520367656185794392e-01,6.532071934706936700e-01
-1.499143607965173430e+00,1.439110553771413281e+00
3.062860642365607400e-01,-2.614789317145259084e-01
-4.420282780855677163e-01,6.147716456160496890e-01
-7.036108748636789034e-01,3.253971663249198842e-01
3.778256611855154018e-02,3.375204141623248666e-01
4.149941683286868521e-01,-2.323559982510881305e-01
4.217024756151071530e-01,4.470069125387622355e-01
1.338471484265392641e+00,9.334604435094019381e-01
4.493348184401384504e-01,1.050488660767149085e+00
-8.518091678468627803e-01,3.640293184017449057e-01
-3.582057100442013753e-01,-3.881788115539869244e-01
-7.087109943884684071e-01,-1.588862980929760305e+00
1.830291864286870851e+00,-3.918446062681188446e-02
1.183737998626415822e+00,2.358307350194826790e-01
-4.579617640301059805e-02,-9.959423627237996568e-01
-7.876747992509589569e-01,1.157862271738579363e+00
1.032819755720515875e+00,9.327619628031826871e-01
-1.355426148915740425e+00,-3.067787537665947473e-01
6.925580298158052761e-01,-1.278488721644371440e+00
-1.402300397527017184e+00,-1.507720250558586272e-01
1.790782368287390791e-01,-3.668683112877829111e-01
-6.100093613389675484e-01,-5.925207742534196326e-02
3.999251327698976621e-01,1.148846125530692985e+00
-4.905576182233915006e-01,4.441657388128336659e-01
-5.388413637588707061e-02,4.468387967982578868e-01
5.297252729887337308e-01,6.593688623222551115e-01
5.538816665033337028e-01,-5.048547033006430818e-01
2.834104106815522051e-01,-3.923028863935792282e-02
4.372412096170538165e-01,-1.982896618764793395e+00
-4.806479937197821045e-02,-3.314626519638141366e-01
1.073810390899176681e-01,8.987507423255455818e-02
-2.855563240142759973e-01,6.942510721386824235e-01
-6.972741890281695110e-01,-1.209927725890977079e+00
-4.134915764038046282e-01,-6.033269054806059684e-01
-4.519631986472781582e-02,5.937424091203397092e-01
3.232200876758792307e-01,-8.263937559580869507e-01
-2.266921901174010767e-01,7.999805623871003579e-01
-3.788214325288230544e-01,3.563013563426971619e-01
-6.487878815247076769e-01,-2.993152758104078437e-02
-6.037090395084206973e-01,1.161085155926539381e+00
-1.681479985700157775e-01,5.604747185428057832e-02
-2.898933275216045938e-03,3.621776204335194760e-01
-1.062738555831013842e+00,6.990539375049041881e-01
1.512383073894373764e+00,7.199298136403240456e-01
6.497388772726782058e-01,-1.057469274398437076e-01
5.075163702364474672e-01,-3.708246598344592804e-01
8.239670798547498176e-01,-3.766989245524667851e-01
7.161798198273179317e-01,9.650381927951349192e-01
2.169130918467320479e-01,-4.938674367311675084e-01
-4.542030232597297212e-01,-2.110470006123253417e-01
1.163772321633328666e+00,9.150672331084994671e-01
-3.907351726905931022e-01,1.126940301491606622e+00
1.111388765744452528e-01,-8.887559234857418389e-01
-3.143707663897501448e-01,-3.951004881701398186e-01
-4.317371124125110593e-01,-1.097287342113713260e+00
-8.401149588334631824e-02,-9.065339326323422764e-01
3.785418441708181952e-02,-9.332073987202829102e-01
-1.089823003127189827e+00,-4.715520127270341755e-01
-3.903122739339672659e-02,-1.005477261854854421e+00
8.880665255501863919e-01,-2.844425721242807570e-02
-8.428381963384409259e-01,3.382340076973081033e-01
1.808573446632493198e+00,-3.254560536085954192e-02
-7.813820308211361088e-01,-6.618493868657515655e-01
6.325803238656882432e-02,1.747973220891011481e-01
-1.602187953975187790e-02,-5.952585575034924359e-02
1.045802754195118700e+00,9.738830374294406012e-01
4.617074636383406983e-01,1.349432168498111650e+00
1.322368335873009837e-01,-7.432035003512281746e-01
-6.308146098776308275e-01,2.360129929073503385e-01
5.189538749397905049e-01,4.556126333688809149e-01
3.981830441399101250e-01,-8.485940626777299656e-01
9.733807333901277614e-01,8.892289405423344784e-01
-8.233453562444150720e-01,1.217469783562652674e+00
-7.086857061020779280e-01,-1.364734693735349669e-01
-7.409261941308634691e-01,9.259873990129778853e-01
3.265159844107443643e-01,1.248070256890633778e-01
1.033419827567284843e-01,3.632228828720924785e-01
-9.920984270864702248e-01,6.570355006884954774e-01
-7.947152768276359580e-02,5.921998167827444703e-01
-1.180842402746399955e+00,-9.946918935243193038e-02
-3.106256571860454008e-01,-3.856951647203699651e-01
3.210036951129237592e-01,-2.605561594991259722e-01
-9.298456617989893092e-01,5.721206867553340070e-01
9.327474443698762219e-01,-2.737458270210435529e-01
-1.189456806749955797e+00,3.638779104057659336e-02
-1.115548390222962150e+00,-9.602771514197214753e-01
1.103131589737614604e+00,-1.499635364036167928e+00
-4.460697302084668525e-01,-1.137497057372423903e+00
-5.663629924447485808e-02,9.698645706589937854e-01
2.230675984558618374e+00,-1.366103802769793152e+00
-2.171902520541210690e-01,-5.588963174209123919e-01
-5.907780226703898130e-01,1.015144169558957588e+00
-1.961292234835559478e+00,1.784713422024064022e-01
5.111384980190080141e-01,6.071897405386812441e-01
3.493858516334650832e-01,-6.934374727185681209e-02
2.750950122296592221e-02,1.587137003948665137e-01
-9.244918274334249508e-01,-1.727161460588367003e-01
-4.302239316111610701e-01,1.511881824795304308e+00
-7.257398831346637547e-01,-8.070442421286031509e-01
4.312148675781120044e-01,-5.523194205174830618e-01
-1.120673036450867244e+00,1.100827327163371727e+00
1.100906640707088657e+00,6.401060133559201004e-01
-9.707824695705444817e-01,-9.569447103965863510e-01
9.451672336592937818e-01,-7.341278430788081844e-01
-1.351830885134489291e-01,8.208085477334223223e-02
4.566369487172958208e-01,9.839747441009616402e-01
6.202944848507725428e-01,9.146307072536762339e-01
-5.951852323480908424e-01,-9.222256600051090825e-01
4.676147249801683170e-01,9.936027009402825794e-02
-7.513328074439682425e-01,9.264439311541998456e-02
1.290605413599697826e+00,-5.137677718997860632e-01
-2.166585658271321935e-01,-4.709198924584807183e-02
1.029249247294553138e+00,4.763250025178879243e-02
-5.329741547682464303e-03,9.536812705464267070e-01
-2.420787486102232711e-01,-1.328978445166480692e-02
1.460412766819775943e+00,7.309135807777520366e-01
-2.638493771566559343e-03,-3.432887852947106300e-01
1.098623205252880819e+00,-5.607703348064771998e-01
2.850333630601607493e-01,5.876154708136251958e-01
1.772976363357738894e-01,3.127182628377473406e-01
3.154953250462739223e-01,-5.478136617844737710e-01
3.360279330572148448e-01,-4.418468437461310350e-01
9.242670913455968140e-01,-1.454309897358616434e-03
-1.790906042119509156e-01,-1.472500058601760031e-01
5.356985853828509780e-01,4.943909692644648385e-02
7.030660613223222999e-01,8.954178656166476846e-02
-2.525165361172452827e-01,3.162734634115245691e-01
-8.576261937919267275e-01,-1.023956218989996669e+00
1.888828370637484655e+00,-5.989498022952748357e-01
-5.162291831138624554e-01,-1.119135858846658005e+00
2.972208130207132371e-01,8.474897095324866736e-02
-3.739459350025086531e-02,-1.319909441513379168e-02
-3.375048144172699272e-01,-9.147533323762235824e-02
-1.466557894903457671e+00,-2.623819760098852760e-01
-2.111301373760563482e+00,-2.181082115923407005e-01
2.948188160361764343e-01,4.713232626509988865e-01
9.394064121778831211e-01,4.239712427288798158e-01
1.014694414807038481e+00,1.338620359888347544e-01
-1.386225298279825990e+00,-7.100713847239742416e-01
2.104781752467317080e-01,2.272433944798884831e+00
-1.072714868450316494e+00,-1.600280888202954555e-01
-6.107725457448099915e-01,1.832780124430970214e-01
-3.660752246577842484e-01,1.707024462340052673e-01
5.591225196547081611e-01,2.545740744379469400e-01
3.736457246874101412e-01,1.509053675581079612e-01
1.499112100860412466e-01,2.231085093820290299e-01
-1.924174213864754124e-01,-7.483006079529479493e-01
-1.689535580138036286e-01,-5.047913841200970531e-01
-1.352708844548467237e-01,7.519800916884726849e-01
-7.369987281446236382e-01,2.625178559348420940e-02
-9.944832427016907506e-01,7.659575299039943497e-01
-4.096537380723503374e-01,-5.736798810229372103e-01
5.863539888125767208e-01,-3.672027547239443135e-01
2.124070926589733677e-01,-1.462851786821066091e-01
8.511216294938083182e-01,-1.032688287548789274e+00
-8.906977446505675022e-01,1.202582294769183671e-02
-3.563370872123572952e-01,-2.075514327729397479e-01
3.148710249222722579e-01,6.864079622682686677e-02
1.533324192432804489e-01,9.144715865626356077e-01
8.421516658390811871e-01,3.008559801525872435e-01
-4.147654980013510406e-01,-3.208519873438570591e-01
3.865063734459590616e-01,-2.504232911426346742e-01
5.061953303716589803e-01,-6.839929669439439586e-01
5.223016524136759875e-01,-6.979135198163973763e-01
4.944169027896705426e-01,-8.173746978431662980e-01
-7.415649235435661790e-01,-2.435060690496582136e-01
-6.439791671661516670e-01,-1.189420907290613671e+00
3.205828059025521704e-01,5.595478215597448068e-01
1.028758784367367340e+00,-9.024425443484094256e-01
-1.684678627288731800e-01,-3.243397963313547905e-01
-9.629974066855165327e-02,1.118722353643891720e+00
-1.297228157093938128e-01,-9.146867677114678408e-01
-6.545181601386742543e-01,-7.322521918644522287e-01
-7.792917544012674114e-01,-8.504580297855966753e-02
7.543966274478691725e-01,1.799632607015499708e-01
2.855390006775889167e-01,1.730250813933925880e+00
7.432138233527698645e-01,9.066786388393044405e-02
1.440032073573401308e-02,5.037692032652221208e-01
-4.690920621006841595e-01,6.811773158512691717e-01
-1.139272105844925997e+00,-1.321644267261163463e+00
-2.844956688790472588e-01,1.344801536492049032e-01
5.559096958639085928e-01,9.369760650957090209e-02
-2.397761911506030852e-01,-3.140582038332491166e-01
3.786534886110835135e-02,-2.635186019821945252e-02
-1.025872395626796552e+00,-6.583416256391887433e-01
-2.681146581355265957e-01,-1.330980434428289172e+00
1.461666400849705116e+00,1.982375307279715226e+00
2.101289845079277498e-03,-8.200365165126076716e-01
4.659150346177861057e-01,-5.912283449174616790e-01
-1.286790810583224420e+00,-6.016494013260873519e-01
-1.595779908103146516e+00,-3.957535664354590033e-01
5.115154389138414359e-01,-1.181927779316506166e+00
-3.493936251774136248e-01,-4.983961493712044666e-01
5.751485073521577229e-01,1.157758645133696973e+00
-6.341379116845931030e-01,6.590593280323934211e-01
1.665438494814801995e+00,6.635743128137565616e-01
2.678564206874670672e-01,-4.169815723008100661e-01
-9.753722015309306270e-01,1.066807357255040944e+00
5.428236308775663543e-01,-6.445043556847404043e-01
-1.228224520772059659e-02,-4.388240019204355247e-01
3.464074701475265416e-01,2.429995578368211728e-01
-8.955784013576965075e-01,-1.563909244941871668e+00
-1.065424076270803377e+00,2.284179665613432220e-01
-1.548807199878840191e+00,-7.348480306262983319e-01
3.863271111739472463e-01,1.410115501928906001e+00
3.599507851677071213e-01,-5.814067709670235340e-01
-8.817254327961437932e-01,-3.880630994868557448e-01
1.214029914051048431e+00,-2.798498264712784844e-01
-6.883149301051095792e-01,-7.598762261445312083e-01
-8.520292666545320470e-01,-9.298358764748911875e-01
-1.338216179868936928e+00,6.864170209990781701e-02
1.349082404159049231e+00,2.862054770695219297e-01
-5.721628284404965958e-01,4.962485561554462188e-01
-7.995535548415477756e-01,1.183012077977432241e+00
2.796407154658772220e-03,-4.433963946024727099e-01
-9.350330136199147546e-01,7.135821325746725119e-01
8.618264257000417539e-01,-1.147531950319043564e-01
5.122471166731943359e-01,-2.444147671832118951e-01
2.056470992244387730e-01,-7.897058410673822859e-01
-5.714614269791912227e-01,7.618613500220440538e-02
5.457709685181152404e-01,5.383978448522248605e-01
1.407239503068880015e-01,-2.519175873687921063e-01
-1.031482054493455092e+00,1.180975500193052613e-01
4.167255967254391291e-01,-3.511752716973267074e-01
-1.022102269829682664e+00,1.549947366926353320e-01
7.866813605225380507e-03,8.534531686005432105e-01
4.644540342093871343e-01,1.572214424306192515e-01
1.147698615253700094e+00,-2.307501637398924055e-01
3.652301367092098960e-01,7.096767166700289620e-01
1.011607215309787478e+00,8.703266428199797622e-02
7.089754446328634663e-02,3.152896103961788099e-01
2.234107826631507587e-01,6.933735357589200232e-01
4.564904419418132075e-01,1.202832609725096313e+00
-1.327850239236830543e+00,-1.254372320520786843e+00
-2.174075624202056467e+00,-7.205681962192024281e-01
8.273355170331503361e-01,1.012944625647777208e+00
-1.022356855014154992e-01,4.431494056348691535e-01
2.461903296415959841e-01,-2.579422840576252596e-01
-3.831782289980439349e-01,-1.320086306190180504e-02
-4.734815177095673122e-01,2.132164671686590796e-01
7.832308872635970198e-01,-8.155160319140069003e-01
4.146964061555745151e-01,-1.304859754599472010e+00
5.836287448900957797e-02,-1.954083065832461219e-01
2.469241156123193615e-01,-1.155582172653210060e+00
-1.623892190279371261e-01,9.686670304336751636e-02
-3.633682994975477865e-01,-8.513847145203030653e-01
1.395565645018303179e-02,9.643954244044592450e-01
5.067546829903897265e-01,9.335862259699183596e-01
-8.893517405213144933e-01,-1.025552233216474596e+00
-5.772050941800707102e-01,2.048868779942222051e+00
-2.768398661611851108e-01,4.633848827043913210e-01
1.090216969852245282e-01,-5.001328215747826711e-01
3.360141089456451513e-01,-7.472504343531630733e-01
-1.973854406214783808e+00,7.986374066529386972e-01
2.173591130525640014e-01,7.522544008620434264e-01
1.097671073339900438e+00,2.849438555980167431e-02
-2.931402186263188936e-01,-1.864759653542755191e-02
-5.563964178568081564e-01,-7.601414637057031243e-01
2.676035291454146453e-02,-4.064509664545126744e-01
-7.996362601159068273e-01,1.270176587209257135e-01
-2.435504537912540346e-01,-1.151280782023175742e-01
-3.242534898950565347e-01,6.946212241043098201e-02
-4.020936505167599928e-01,2.219045116948227481e+00
2.047250068477529938e-01,-1.482074775609936390e+00
-4.916270958248625811e-01,3.269073909062799599e-01
6.450171815048829638e-01,7.299211117618471523e-01
1.057574081285404866e+00,-5.221457256379600231e-01
-4.017366046914518929e-01,-4.815630681103031940e-01
4.633870376500970334e-01,-3.454842226597794053e-01
-1.946858766524252604e-01,7.162780087625115755e-01
-1.163662618944246052e+00,-6.158913082592715887e-02
-7.935493239969438894e-01,3.863224077867121187e-01
5.311742182751361119e-01,3.629488770693751198e-01
-3.348739732105128208e-01,-1.749202010257958351e-01
-1.283135646305692656e+00,-1.067706691936392976e-01
-2.840568989124045984e-01,3.979973063706951919e-01
-4.867673478694657940e-01,-1.200823643450073863e+00
4.088263611200305125e-01,2.287191266014084248e-02
-1.417342130733317551e-01,7.998405321723157657e-01
1.180074452305404309e+00,-9.336650823707859370e-01
-3.673832719426159410e-01,-8.874341022103633403e-01
1.289871382983604375e+00,6.297834772088021227e-01
1.994502730036378513e-01,-5.016719032136867096e-01
-6.510910279894831509e-01,8.582286133923149318e-01
3.267579436229613998e-01,-7.597751942046463425e-01
6.565927316441773076e-01,2.910721409501691448e-01
-5.946331940824227391e-02,-2.637600174453612056e-01
6.528784175237306586e-01,1.007232018557068093e-01
8.387021692697004260e-01,2.139006687736761114e-01
4.417930524544397275e-02,-2.406919339941870906e-01
-2.056115186519510973e-01,-4.931817369281690233e-01
1.075746464931118668e-01,6.330113377887316428e-01
-1.480920453793445501e+00,-3.158249951429513147e-01
1.139139113875262233e+00,1.807034296571665977e-01
4.242715287689909076e-02,7.077027478089319146e-02
-5.153013899803994269e-01,5.780251345764909621e-01
-7.461906157548264806e-02,5.527328656083320135e-01
-6.371849012198178563e-01,-2.394231304108272451e-01
-8.696345690683500163e-01,-9.527799460655006492e-02
-8.552322774108603864e-01,5.537199691929909490e-02
4.995896629345403794e-01,4.268404131350259090e-01
4.353128773551993014e-01,-7.791635617278734882e-01
2.538790928949208880e-01,-6.887667057962884032e-01
-1.270014012364861999e+00,4.802341261981532550e-01
-1.579317799994440552e+00,6.031224818684197686e-01
-6.092139422322734310e-01,-8.614588533645445301e-01
1.213036407950284223e+00,-1.003719221917000359e+00
-3.282390396141305344e-01,5.088414595647056116e-01
8.151116857052647102e-01,-4.800897062313242425e-01
2.390750381640079636e-01,-8.817039567562548474e-02
1.714006570340990687e-01,-1.076030135155439771e+00
1.036006413747243782e+00,-2.912114883903479390e-01
9.584647745433705346e-01,1.070550910528075272e+00
-5.070035126600289654e-01,4.355794955811367331e-01
1.187847997704367942e-01,5.642063926093906501e-01
-6.114300859412297173e-01,4.641484853661997367e-01
-3.303671902428900742e-01,9.745533258373428875e-02
1.877509989860777218e-01,9.357768568407318632e-01
-7.031391521054520810e-01,-5.235754330332471618e-01
7.415402791683848305e-01,5.070916297855321275e-01
1.234885911872435349e+00,-9.214208326576600605e-02
4.572657489211413018e-01,1.547821704929384090e-01
3.151722729922292188e-01,-3.447179588230372960e-01
-6.275119346913655693e-01,-8.658725280633843280e-01
-2.877286402339090943e-01,-2.218864717678916243e+00
5.945797372834177308e-01,-7.232364171603354874e-01
1.087287085727161484e+00,4.043097419522646563e-01
-1.017867903925325293e-02,1.254106436401692393e-01
1.127759216598712977e-01,1.319524457646245319e-01
4.336121066359876486e-01,-1.712709945911841669e-01
-1.255420958956127153e+00,-1.613740733519214710e-01
4.804538158224118116e-01,4.651793524022707071e-01
3.906337360008878545e-01,-7.074935864443676614e-01
8.229539644640073703e-01,-6.837962494014934722e-02
-7.767544846555758387e-01,-5.287209066919764666e-01
-5.735734066008268961e-01,-5.972943748781641693e-01
9.587701714364192940e-01,6.409788964005188605e-01
1.185545281086302749e+00,6.371327722885128386e-01
-8.898348938863031021e-01,1.041654106423626353e-01
6.411187046762530928e-01,4.515188247200642158e-01
8.858514736888056795e-01,4.424645099916964530e-01
-2.735252159296798768e-01,-6.653918937494066599e-01
4.048233107020163812e-01,-3.701323545008050261e-03
-1.157305301467723146e-02,1.017936394146265133e+00
7.522411833918266622e-01,-2.011902835686504021e-01
-3.249790737686163444e-01,5.326805695853651379e-01
-4.640529586947942514e-02,-8.078840208771169706e-01
2.401230560576044226e-01,-3.243616471390742828e-01
-5.882802484214530447e-02,-4.742692144669600207e-01
-1.128688575681636497e+00,-2.554179032376386813e-02
-5.474750802607216693e-01,-1.455087415298252917e-01
5.270981692344355318e-01,9.786248267576878046e-01
8.203729862569885123e-01,-4.048936033069758800e-01
-6.605836024147893060e-01,-2.137024526830132998e-01
5.342014377538203407e-01,5.993738990305195191e-01
7.613963100183528399e-01,-1.658833707945693847e+00
3.708081874673930245e-01,-7.154156127605851845e-01
-5.674736275942597885e-01,2.625056448379938789e-01
-3.878604112931279824e-01,1.010877701748174040e+00
-3.624424348417870645e-01,1.186145156241777965e+00
6.153244908358634913e-01,-1.145584546819027993e+00
-2.420169782725977825e+00,1.012947993789645347e-02
6.886253706382217121e-01,1.028777391305524480e+00
-1.259518883447226179e+00,5.354703948680513692e-01
-4.733650856018729591e-01,2.483055651131905739e-01
-6.597914654399912593e-02,1.261584846943700766e+00
6.588314478507431016e-01,-8.468229972119744042e-01
5.692326560742209107e-01,-2.241383925813304756e-01
-4.774339907440735553e-01,3.555508074368782800e-01
-2.422642592491532354e-01,-7.262804635997737179e-01
1.812512572578862668e-01,4.896649221658441742e-01
-4.050174818739404325e-01,-5.139848880914801160e-02
-2.645288099623365752e-01,-4.555558093865328395e-01
1.378410951122494288e-01,5.181093123429061365e-01
-3.801519323377199888e-01,-1.296431521660086073e-01
-1.101841237010103697e-01,7.824822810893553027e-02
-8.860860903745232386e-01,8.265354192090086372e-01
1.000941274549203008e+00,-2.736194668575054334e-01
-2.131958875823883603e-01,-3.336717991477401724e-02
8.921336630062731352e-03,-1.377356145985364266e+00
-5.318171379788155795e-01,-3.528718163750747538e-01
-8.342117800230344216e-01,5.008911868864381889e-01
-1.609748894173344214e+00,-4.504684474922623361e-01
1.323892756715466579e+00,4.275026044402590042e-01
-4.566483767363343493e-01,3.846135305913240265e-01
4.435984057367226563e-01,-1.172061876178517981e+00
-7.320531894299909803e-01,-3.404150361307831663e-01
-1.152610132170307056e+00,1.678318847777651446e-01
-8.847811240415357492e-01,-1.036653274893922339e+00
-2.316706741088293275e-01,1.410529272790807864e+00
-6.673854285258475905e-01,1.478397443838903036e-01
1.811518874551012015e+00,-1.195168022485658010e+00
-1.808725379181815029e-01,-5.179631672701090483e-01
-4.238607940286346909e-01,2.282984891913223680e-01
5.758287021556572904e-01,-5.124059553210312812e-01
-9.179091306414006723e-01,-1.033168245426631549e+00
3.560339409196505711e-01,1.683635175751186375e-01
3.052371072547802600e-01,6.573641574520708297e-02
1.587901052038952043e+00,6.963662741075057339e-01
5.299423378215899483e-01,-5.888097495822371963e-01
-4.315245222923267399e-01,-9.144175891448649285e-01
5.174800447974180484e-01,-2.827978545171691560e-01
7.414258187985740545e-01,5.890684038766843544e-01
-5.891637657831002572e-01,-2.099609058973639641e-01
4.425636055203944208e-01,5.914741069762732284e-01
-9.948883942189012952e-01,4.325270240000432809e-01
9.054246950915849357e-02,3.902923311510375637e-01
-1.193267156243445815e+00,-1.634021361554267859e-01
5.379380095668812034e-01,4.551969725362108310e-01
-1.100449431551713680e-02,1.163197585757245328e-01
-7.929390432358600638e-01,-2.593546457870375410e-01
-3.532188066582616082e-01,-3.798982427760988489e-01
5.599045346502548037e-01,-9.226691616783538885e-02
4.321442755461040730e-01,-9.041768384268896730e-01
1.462562330807805733e+00,1.198171257501399634e+00
-2.861891345018043875e-01,5.775102790859500956e-01
-6.291438145218591904e-01,-3.195358869649839728e-01
-1.430764424766910459e+00,-1.077015056777587576e+00
8.332402599276255151e-01,6.928136445927400855e-01
-7.879301769533706423e-01,1.234666728781664141e-01
1.587366392161777828e-02,-1.492846568100596460e-01
7.464002450282074264e-02,1.403261937542529258e-01
2.781502076207501006e-01,6.898950750159618117e-01
1.831535387154341610e-01,-3.284273703226846860e-03
-4.110607955527909030e-01,-3.656448395115788896e-01
-1.819773892676314953e+00,-1.232975990061372235e-01
4.057986887179474422e-01,1.037784728196622513e-01
3.680840283656819367e-01,1.724968275599672585e-01
-5.365898288413599726e-01,1.216112813765066303e+00
3.617708220472083680e-02,-1.235665892121483485e-02
5.036267822122528215e-02,-1.218604604173963324e+00
-6.661491556891686594e-01,-1.965667845172377678e-02
-3.143521492812108575e-01,-1.955745283052726657e-01
-2.800403917303973533e-01,-1.211405850572351506e+00
-7.037214171964712994e-01,1.183028200430234378e+00
6.222037602082440833e-01,7.492998195874696343e-02
-4.830798152272794410e-01,-1.412176035119728112e+00
-2.385992765980040342e-01,2.475307911708697628e-01
4.202202993715677404e-01,-1.271990577851900062e+00
1.579747581862851913e+00,-5.589791229912548509e-01
-1.915268195029816989e-01,-7.446747883432921489e-01
-2.248538117472201892e-01,-3.443572753681355403e-01
-1.532330419521162668e+00,5.261570172170445536e-01
1.285599994657453005e+00,-7.571981487985800230e-02
-6.246984337998644499e-01,1.802173633262203756e-01
4.238363972625271148e-02,2.151470550949541316e-01
-1.982409318090146755e+00,3.668034180190811178e-01
2.770770775972057898e-01,1.847307994962214817e-01
7.396250624675529961e-01,7.975907792703675059e-02
1.002567307892435089e+00,-8.334634838223756517e-03
3.564296784069730384e-01,-7.355357793084659201e-01
2.959020867765261853e-01,1.083608588126552252e+00
1.481709284612003463e+00,1.260120398498633332e+00
2.470169052067791582e-01,1.341015662175694789e+00
-3.190071071445967354e-01,-3.877378775595620164e-01
-6.341817464938054316e-01,-3.799378671586751272e-02
-8.186191098967358082e-01,3.767510162574562171e-01
1.771024743778488730e-01,2.185806065420753397e-01
-2.174960363999095814e-01,1.072062833274960214e+00
1.002490433194789698e+00,4.899500950690863221e-01
2.023757563458415676e-01,-2.393861330807370291e-01
9.326831128613507493e-01,7.603869514552116238e-01
2.165152147607965760e-01,1.124291459789337644e+00
2.943090059862191535e-02,1.019758526338534255e+00
9.063298287746036630e-01,-8.896921082995258301e-01
-5.575717696795096101e-01,-1.030457447860243736e+00
-1.309281378095901616e+00,3.269127695022057412e-03
-6.534707915318885285e-02,-7.675739560159262620e-01
-3.887827033998047521e-01,-3.881013621163521554e-01
4.601008060679698253e-01,6.250257002420906982e-01
8.502433225913591519e-01,8.511584166566158460e-01
-1.571990293480711065e+00,4.785844666873388387e-01
-4.817975194480573209e-01,2.279304538647200229e-01
7.798448193791027716e-01,-6.284675590994067695e-01
-2.031153262491661605e-03,1.553731549375637622e-01
-1.011418356227787863e+00,5.902362764136324103e-01
-1.282238042647447784e+00,-2.263908693660952598e-01
1.262567203513662140e+00,4.868459922215014890e-01
2.607702787755882823e-01,-1.082114277233876987e+00
-1.958676969043349647e+00,6.718266699145230003e-01
-1.956089334421207138e+00,-8.964634185915135722e-01
8.413555565657274693e-01,2.343525367863228404e-01
3.318677676178872216e-01,-2.032562606592817900e-01
-1.474920259754997742e+00,-4.630957440209401699e-02
6.048625939952341213e-01,2.982942678262917591e-01
1.267203438979940033e+00,-9.273516109805002294e-02
5.887222163768875971e-01,-6.764069239603375250e-01
-1.096259879598585757e-01,1.292885723885420224e-01
6.254773505518751442e-01,2.035207286201868193e+00
5.437221591607270810e-01,-1.013507950573989680e+00
-8.732667660256481224e-01,-5.736476771598579827e-01
-8.290928665865158198e-01,1.292428152084721615e+00
-2.340644604034387011e-01,-4.155845100626714417e-01
-6.069482298716969426e-01,1.163831170158440731e+00
2.784506087654436413e-01,2.262419353521823440e-01
-9.501340913587780213e-01,-6.702273599269232829e-01
-7.263075178129121401e-01,5.353908400336520462e-02
1.438517151447841647e+00,8.594898619526923911e-01
5.737685332472951538e-01,3.707981014985189394e-01
1.826328083333149110e-01,-2.565129067758000758e-01
-6.273948755097625840e-01,-1.202293461313140188e+00
6.589910387478521425e-01,7.728375471093733573e-01
9.655989421382537019e-01,1.784530010317517457e+00
3.809351346951463935e-01,3.118313160804866424e-01
4.763418649670081439e-01,2.370171727327153102e-02
-7.622224744490283532e-01,7.899919419602188242e-01
-3.331812365746952657e-03,-5.352917460175221631e-01
5.051188154196849522e-01,4.307574338125852997e-01
8.135413237368294137e-02,5.332925966435444476e-01
-4.676492973348744808e-01,4.140074593310150153e-01
-5.176585468861953920e-01,2.764915979554111725e-01
1.074747925726782682e+00,2.771446833837161727e-01
-1.838030765253062526e-01,-4.094508567113951392e-01
1.084949814147431857e+00,-3.493334427861610192e-01
1.865805930546593668e-03,-1.226593316623383334e+00
-1.704917083966855373e-01,7.459904643229576804e-01
-2.926504031506232395e-01,9.726609922386064699e-02
3.877099779779882849e-01,-7.739539750871455848e-01
6.694010801429871593e-01,6.670894911669141836e-01
-4.463228334488862914e-01,-2.321017830232411372e-01
-7.992463779117218170e-01,1.547399441754823413e-01
-3.662853514023783896e-01,-1.104525835437135228e+00
-4.015075661830319609e-01,-7.801732860271429204e-02
-7.703035879990788315e-01,-1.410424986169550143e+00
-9.454547570189616446e-01,-5.726068113531654902e-01
4.329250762568223054e-01,-4.522506982015994104e-01
4.242382656236953764e-02,-2.043796150460657657e+00
-5.461386061308288742e-01,-6.322128964430446807e-01
-7.368478805226734603e-03,-1.752521569712282845e-01
-1.499449507170358964e-01,-9.552257982376270717e-02
-4.702884751333901159e-01,7.270058951345677034e-01
4.516838798729905236e-01,-6.217649486981480234e-02
-8.035297369136587542e-02,-8.256789844967298286e-01
-4.362709291218118124e-01,8.266407043509459429e-01
1.259364279408583087e+00,3.958020602870824245e-01
9.269989413833290559e-02,1.898156294633623065e-01
8.910619646621609213e-01,-1.133378401613979181e+00
-9.524208913013818556e-01,-3.456688174292288362e-01
5.193913985001228674e-03,-3.587204274136932547e-01
-1.207678000206287017e+00,7.150457377920723667e-01
-4.788130339749452347e-02,-5.651254343459016782e-01
1.050625342385314021e+00,2.174579185806566062e-01
-1.095094202854133281e+00,1.517831498731967654e+00
-6.404393646171622212e-01,5.507555119167943936e-01
8.805078761635607432e-01,-2.878217449451129228e-01
8.363430798798973109e-01,-7.064176282671162932e-01
1.302140422366591332e+00,2.751448065130546738e-01
-3.758590919460483293e-01,-3.041319425181650549e-01
1.926190150165781165e-04,2.271014602204140809e-01
-6.641535209208256907e-01,1.380644807762835546e-01
1.365743249999490372e+00,8.819437419840152337e-02
1.076157029852489844e+00,-1.065125411303884245e-01
-6.444196770079761716e-02,-1.146444320501975644e+00
4.930892835679599462e-01,5.172117831800210341e-01
-2.341549081084988784e-02,3.734732483951611615e-01
8.341763651687797987e-01,-6.586623530196242804e-01
8.023480448527342546e-01,2.448683418310560467e-01
-4.848775854296824006e-01,-8.050254606309929784e-02
1.567194601908004747e+00,-6.345687227250064177e-01
2.741195469663149087e-01,-3.489951325848454355e-01
5.881732204245822965e-02,2.129636234772759595e-01
9.657131640178735488e-01,-9.136762328586035542e-01
-1.733332539747135748e+00,-1.439824663075874422e+00
-7.062699947213783025e-01,2.285659525103000411e-01
-9.677529900860085688e-01,-5.113223925234779976e-01
-1.044706299849865072e+00,-1.318858682553865069e+00
-3.535073734027923131e-01,-7.546473689530223128e-01
-1.567132597522026716e+00,7.539681078762564548e-01
-8.446256750135003669e-03,2.943948790761287751e-02
-1.170798680664921099e+00,-1.095350288392588745e+00
-1.012221534468922268e+00,4.178228448142189966e-01
-2.497759819561184702e-01,8.047274558041482839e-01
4.578280969480824081e-01,-4.295841818368332787e-01
3.957951745133558297e-01,1.176749806506246721e+00
7.059569616063079422e-01,7.243050644179040987e-01
-2.105204101882285628e-01,-1.353684927799464033e+00
1.156876010385958359e-01,8.217736446496092251e-01
-5.470674511244353333e-01,1.700094540499201279e-01
-9.739391459294423070e-01,2.802571780210332819e-01
-4.617666345731695314e-03,-3.290472484585820201e-01
5.012842976296743025e-01,-8.809713292854569333e-02
-1.037150638665448543e+00,8.601779178636653755e-01
3.459998560588384894e-03,-9.651914209732487260e-01
1.303285918462500526e+00,9.384130245648214519e-01
-1.048122579104329821e+00,2.481537636935416888e-02
-8.591761393003961578e-01,1.048703800999277735e+00
-9.953002395218673026e-01,7.445020537065040189e-01
-1.522043976688174149e+00,2.054728422747751804e+00
6.247711958250083963e-01,-3.925241529790581829e-01
-1.054523212767317641e+00,-5.596917996574184428e-01
-6.644581670419591468e-01,2.750992358306073582e-01
-1.865693643701791249e-01,-1.734057412764371087e+00
2.601682765280529108e-01,7.126508519198326841e-01
-2.096595047973157211e+00,7.976464082678231815e-01
-8.093407292314287738e-02,-1.809969924999415558e-01
1.582672080370081669e-01,-1.437375820566885398e+00
7.089813855771094353e-01,3.665329580609279492e-01
-4.771503941703534313e-01,4.069026900935943103e-01
2.695900411098105520e-01,5.513632950681273126e-01
-9.567335012648209291e-01,5.969604432687665163e-01
-1.016646387415367947e+00,1.076323332746353723e+00
3.454711702171711640e-01,-9.232989740744974583e-01
3.784229752758517806e-01,5.032805243654576710e-01
-9.657831836659967750e-02,-4.527567386274141681e-01
2.306048608769322994e-01,2.446501555407306905e-01
3.649086344186867614e-01,-7.666111037573721809e-01
-5.458972323841841945e-01,3.370332161583075026e-01
-2.792192516189053730e-01,1.087416714759214115e-01
4.954833929610759635e-01,-9.032869104797300874e-01
2.700466394116363578e+00,1.037203386835975127e+00
1.822901543786376310e-01,6.782472464600873829e-01
-5.300560011333722565e-01,-6.070802056087201137e-01
-7.296199399998029023e-01,-3.966887708860067363e-01
3.267929799237265787e-01,3.096980405350971965e-01
9.438052133885238559e-01,6.807360508218263107e-01
-4.607293035947572224e-01,1.676826282952995351e-01
-7.595363987942463924e-01,1.682030077683088487e-01
-4.812862547601010621e-01,8.343098495821479887e-02
3.793940382472354433e-01,1.948500622583844988e-01
-1.077219292102278958e+00,2.001478970220580411e-01
1.264968820598683763e+00,2.881418143783163743e-01
-1.425814522135542495e+00,1.555364398484420541e+00
1.550045230029454824e-01,4.174217763261403591e-01
5.775387015116464351e-01,1.022338446419953417e+00
-4.445550370487286740e-01,5.639832250530721902e-01
-7.228586506584814275e-01,-2.865807687569192908e-01
-1.898822026558219800e-01,8.395350850090864403e-02
-7.845187222714027353e-01,4.233403821359880137e-01
1.117951498222162110e+00,9.817564138504296656e-01
-1.047609632284022707e+00,2.753397339005744793e-01
-1.283305165270174075e-01,8.240820436359054257e-01
6.636584950201037669e-01,9.365145036653720334e-01
-4.944457694492875865e-01,7.057279450128689513e-01
-7.720477739612563450e-01,-8.710566802566523936e-01
1.452005125307622491e+00,3.245811760128970991e-01
-1.113664602476092780e+00,-2.448459255304145932e-01
-5.279357450399723151e-01,1.499956946987557882e-01
7.279118229707605137e-01,1.122407271349280533e+00
3.531640581800959966e-01,-3.147043975149183687e-02
-1.528907756592087497e-01,3.276599958380803645e-01
-4.096844184695464519e-01,-7.006561972408509309e-01
-7.882086177575151620e-01,-1.248047694615905145e+00
1.405691673741683856e-01,1.185430025086879002e+00
4.078065117559099284e-01,1.297554833925504747e+00
6.047809524220422173e-01,3.589649036745707900e-01
-2.163969681675229628e-01,4.551545414069297357e-01
-4.771538338410886704e-01,-3.601067465318852912e-01
1.358614516135396189e+00,-7.083565118304048502e-02
5.039200222161185350e-01,-9.691647575241549850e-01
-1.179851779835372261e+00,4.656644205332881592e-01
1.652886119549330735e+00,3.883289334968809681e-01
-4.211791688851599935e-01,-1.146945592281887860e+00
-9.691686560940053763e-01,4.416613760425985857e-01
-1.012004291272557560e-01,2.771342812833913483e-01
4.762787388632595820e-02,-6.412997315744187743e-01
7.577437794268127025e-02,6.659935211762048057e-01
1.023317803536218706e+00,-1.728920163531333820e+00
1.034154655981806226e+00,1.345950431493031063e+00
4.322720235841643333e-01,-1.287180676504535937e+00
1.691654572453254179e-01,-3.383326392844309138e-01
1.259513278488092469e+00,-7.613760605299664252e-01
5.239015672331432949e-01,-2.099326344431868829e-01
9.823447100366416995e-01,-6.295105472764283006e-01
4.661161718072917015e-01,-5.120821915734364849e-01
-1.002169828975749688e+00,2.265636309063468468e-01
1.245499735800083219e+00,-2.249459384458078193e-01
1.216826740706354465e-01,-4.252388316382707534e-01
8.818526327783788865e-01,-4.490709168787602734e-01
6.829452682086134541e-01,-2.383815185369951919e-02
8.409791522930373242e-01,-4.296845084900051126e-01
1.633490305415160826e+00,-1.469253495977837387e+00
1.426694384743530108e-01,-9.660728414106855011e-01
-3.758726458002484838e-01,-3.069498007327589942e-02
-1.676468258539619838e-01,7.898445641476168344e-01
-5.604251041120973387e-01,-2.371876372356228613e-01
1.189761596095000540e+00,-1.258527671622421629e+00
1.485378196078287028e+00,7.389850574220718782e-01
-7.835750504323296672e-01,-9.552788383419403839e-01
3.706191602048752864e-01,3.845893198091890341e-01
-1.199130793035195541e+00,1.856194036340503284e-01
1.532303298074248477e-01,-3.147198814590170257e-01
1.019252674676236481e+00,-7.048963049122243252e-01
-3.593890652626690607e-01,4.323758539236776111e-01
-9.284465817664712128e-01,-1.255089330372717304e+00
8.157381027128911555e-01,-4.519131348268141668e-01
-5.971992753920397634e-01,-4.421228659924031357e-01
3.093905609923670585e-01,-5.865930241620231911e-01
3.450515511885174358e-02,-3.094590694735151470e-01
-1.070417892279150740e-01,6.082292156766040403e-01
5.475418388742624431e-01,-1.230976699570209387e+00
2.659167813673763425e-01,-3.454158833934765083e-01
-1.004327172761114939e+00,1.039562388824464501e+00
1.157227577027303278e+00,1.216069237105956491e+00
5.622485133284957914e-01,-7.599581020673227272e-01
8.827974209028986718e-02,-4.218526969285015249e-01
-8.755264551811797746e-01,1.728534532623052788e+00
1.003145040678689259e+00,-9.423697556696393196e-01
1.315490582010694576e+00,-5.213187533718026678e-01
1.948404412181049261e-01,3.641401062638757180e-01
1.905614070431779217e-01,-3.090941889586270030e-01
1.216422631917276898e-01,-1.486911780610310041e+00
4.867337222018404130e-01,-1.340260797445066154e-01
-3.570787449710980388e-01,1.144585205184006638e-01
5.471221970551279901e-01,-3.125005345381282051e-01
1.588142580776067282e-03,8.339475059570971016e-01
3.191989934951747765e-01,-7.737718810084752707e-01
-2.149704409689823681e+00,7.790583736766912848e-01
8.657773666656513878e-02,2.076245481488379063e-01
-4.524432184410527857e-01,-3.556407073590782675e-01
-5.680501871229098887e-01,-7.002063827172660959e-01
1.776315135351778318e+00,-4.337234307180043991e-01
3.008045670633214819e-01,-6.452125136793797067e-01
-3.302399917256180761e-01,1.250263741239098669e+00
-6.897093708991454131e-01,3.723681690484414442e-01
-9.179578579509360958e-01,2.696072617356951584e-01
3.657045694702019123e-01,-1.060736775475358273e+00
4.287423914289644200e-01,4.754844801766601181e-01
-1.147066550006827557e+00,-3.550051722411554644e-01
-6.340864332770234091e-01,-4.733385091718282367e-01
-3.364005832138253771e-01,3.617944305212270062e-01
-1.502039724619526062e+00,-2.373252466972132213e-01
1.773991944920336739e+00,-6.360759506893483017e-01
6.474404590729487818e-01,-5.430253591657372425e-01
-3.092803972228586051e-01,2.739466886468508791e-02
-6.472823502176259236e-01,-2.537345599664619922e-01
-6.439268675586082846e-01,-4.242682084352069061e-01
2.434757252516041859e-01,-4.412146467695607366e-02
-7.147476792967598636e-01,-5.967419257238893993e-01
-1.570830604570190026e-01,-1.889330687979149159e+00
-2.950603174726346145e-02,2.917779031098761133e-01
-3.345390978605326526e-01,4.923930853423398313e-01
9.719415720058360852e-01,-7.176427447411801719e-01
-1.588333194631119383e-01,-1.317673517434578612e+00
4.922434582631107780e-01,1.146336065865579679e+00
-1.177375954793620227e+00,-7.969128318412561640e-01
-1.520257022511334766e+00,-6.376022073393894374e-01
2.650835919563678499e-03,-1.112313389345203962e+00
5.461132306693003424e-02,1.042970702346775580e+00
3.119368005071939121e-01,-7.600141682866298765e-02
-1.505185507659332345e+00,-1.053526065901899678e+00
5.797895967010712193e-01,9.477429090010818236e-01
-5.936149979915875674e-01,-1.278970741885943063e+00
2.758957287390752522e-01,-6.392577631131006743e-01
-2.634195982618503518e-01,5.490657304078926382e-01
-2.490713447941204639e-01,6.675636316550912497e-01
5.331962824291481828e-01,6.530703151035786025e-01
8.116230735349617698e-01,4.448713114584429418e-01
-6.777568621501275370e-01,-1.521429961362242567e-01
2.746960474459254065e-01,5.248069966885767768e-01
-2.746779139437000115e-03,-1.140430661508823468e-01
1.519049056205314052e+00,-4.531018484704863458e-01
-6.471048584523855229e-01,1.163841394311462274e+00
-2.824300093781225152e-01,-6.978805160526224682e-02
-9.098574679393373055e-01,-9.570068903343934563e-01
-1.406791451681568272e-01,-6.329783869755201131e-01
5.489062119676179075e-01,-3.429816132573419996e-01
-3.717641071841842892e-01,1.974676780073154198e-02
1.296920790002501933e+00,4.231096439076963978e-01
-1.069980557809360744e-01,1.102417168918506940e+00
-3.542433461863100930e-01,-7.327608769482238382e-02
1.647206733455643668e-01,-3.909641038735540697e-01
-4.090238103264277059e-01,3.088469774087090891e-01
-7.189920262612056190e-01,1.222068430326867405e+00
9.311583107731785658e-01,-1.006335353351192952e+00
-7.767892473517147289e-01,-9.543356234107176483e-01
-4.797538417910178210e-01,-6.323233478400890339e-01
2.547044094563350569e+00,-5.112201781886007712e-01
1.788624753645390753e+00,5.842640120926707176e-02
-2.672449007151772027e-01,-6.122774038193056212e-01
3.873854547541886739e-01,5.947430131300043277e-01
-1.090214141210913007e-01,-1.084125416986099905e-01
1.452239863176288115e-01,3.446126119787698561e-02
5.806740553088581835e-01,-7.517524396713229917e-01
-5.706766757895400666e-01,-3.186108408296912664e-01
-4.651651487380342731e-01,5.468498045550481690e-01
7.715498133838172290e-01,5.519815767679064900e-01
1.014639099862614913e+00,-2.441664493581474638e-01
-5.086093340020902964e-01,3.977157403205378722e-02
-9.003352814121259318e-01,-1.034141231991618781e+00
-9.641627863819193234e-01,3.506693761593537295e-01
-1.745933523717363711e-01,-3.139233227493344325e-01
2.502490099315371475e-01,8.243661380862954413e-01
2.799313845912226317e-01,-3.071969558969015468e-01
-9.203572814784330980e-01,8.165824196681809033e-01
-9.053304905953429849e-02,-4.925209506590341180e-01
4.590800360664174518e-01,-4.043589498829445184e-01
-1.122510547661347058e+00,3.325949800172464665e-01
1.024474995830356061e+00,3.445649623211239354e-01
7.239149344863525792e-01,2.712548577423612439e-01
3.687570396198147638e-01,1.371253967906820970e+00
-1.186895623107847797e+00,1.559239093236636786e-01
6.479042603702463987e-01,5.547782979908191248e-01
1.832141032071703812e-01,-1.141561446738550867e+00
-6.697252839842107175e-01,1.018124442497489124e+00
1.231449528971754637e+00,2.544875847624392118e-01
1.340786993584309306e+00,6.026535931139087587e-01
9.491583982862894509e-01,3.780130383707035469e-01
1.961201635262554976e-02,-7.247955655692578381e-02
7.210517324256723523e-03,-4.479892928705228039e-01
1.328893603383167754e+00,-1.247110026760721579e+00
1.984470211345296109e-01,9.612904448891190778e-01
1.783357990471374777e+00,1.006348705953937106e+00
-1.382689487050946797e-01,1.043880666085809317e+00
-1.873314395622475426e-01,2.042090225865853537e-01
7.383277366899693162e-01,2.350273546954680104e-01
-2.161010563155960074e-01,-4.344001559994054573e-01
7.405476839915549336e-02,7.243115615234684279e-01
-4.878295615606823010e-01,7.777336673572253778e-01
1.514457607521098592e-01,-9.306997308327183971e-01
-2.800266932714470802e-01,2.022450607629717290e+00
5.315095231723100389e-01,-7.974111059983002292e-01
-4.751050029774647049e-02,1.086195767366272130e-01
1.424614514169511681e+00,1.352801693183239007e-01
5.289769323215609553e-01,7.014302563795171697e-01
5.137453679674226503e-01,1.879507692263882729e-02
-6.766284323864840689e-02,6.089460320466713039e-01
3.518461698529036508e-02,3.846444936437534157e-01
6.251827763277350014e-01,-7.210232087979975280e-01
-5.503299710646333137e-02,-1.493226546866468218e-01
4.252755641554511468e-01,1.744413656274273472e-01
-1.536337640034071805e+00,-6.915801638982870259e-01
1.187740499413930895e+00,-4.218484917651925681e-01
-1.895431021867945987e-01,-4.049804832089882733e-01
9.890520160527804805e-01,-1.566229740969733164e-01
2.864505486874115436e-01,-8.057341996812926732e-01
3.239072863541074265e-01,5.955997317484986731e-01
-9.235527326612694710e-01,5.481103619320371045e-01
-1.284940238917031241e+00,-4.443880177616271743e-01
-6.603485607410723712e-02,-1.255001000371428477e+00
1.325178846286034995e+00,-6.453068667566048688e-01
-1.099523239589279333e+00,3.731139619032700638e-01
1.475209256189599971e+00,6.345057965900047225e-02
8.979127916511616680e-01,-5.031025332619776247e-01
-2.496551987577497467e-01,1.038448307577357177e+00
5.644077464375940600e-01,9.480869702892569251e-01
-9.692439755577370031e-01,8.962325561267264762e-01
-1.116892802191715051e+00,8.069711604968154983e-01
5.997714408378029827e-01,6.662922629214396153e-01
1.478996148460302029e+00,1.152421989270514091e+00
8.486091061083674836e-01,-1.548188851520224896e+00
-1.288712090217965400e+00,2.122305876144942871e-01
-1.227962938466208159e-01,2.538721601909725220e-02
-1.000928619749195253e-01,-2.162787203282256210e-01
9.232621216555283450e-01,-1.029182959365405325e-01
7.582214046047653921e-01,7.646282210269859103e-01
-1.535196764794288571e+00,1.229455257362660703e+00
-9.028447239509951316e-02,4.018855978970528597e-01
-5.865622528256784207e-01,8.261111848114517375e-01
6.598787328740561842e-01,1.219804045489269739e-01
2.292061465989477520e-01,-8.398628347125745019e-01
6.122582104720396268e-02,9.848550815571345263e-01
1.397524771124405429e+00,-1.445861945731996834e-01
-8.994884848698792013e-01,-1.096508692221971337e+00
-4.370237014275898946e-02,-1.656767432860411227e-01
1.113026996060052731e+00,6.619340496579722011e-01
4.770966111695526535e-01,-5.054712300666700520e-01
5.088089089606399051e-01,5.901208895724111003e-02
4.875732063901431768e-01,-6.957352244897091476e-01
4.266904435393719663e-01,-1.263634165672446352e+00
-4.460606139990904162e-01,-1.169694203628817153e+00
-3.926784068991149845e-01,1.943796885340771219e+00
-2.118168306733725012e-02,-4.072124006290294695e-01
3.695140531867865952e-01,-1.401214265874723530e+00
1.422304947213775539e-01,1.531263489412152679e-01
2.445375924346029906e-01,7.207952493503774205e-01
2.535398597110616499e-03,1.692358591520400024e+00
6.961798474242951729e-01,3.464216754158311318e-01
9.194913017974806757e-02,2.740243768667925961e-01
-1.415189013296015208e+00,1.086065122862883259e+00
5.206387802513363638e-01,4.069666624980463054e-01
-1.421300074275787750e+00,-2.656080739843784677e-01
-3.378566319968454579e-01,7.636420938935206681e-01
5.472834695355872636e-01,-5.151182187801081058e-01
1.152032145084616044e+00,-8.638053018701501162e-02
7.645499793533937494e-01,1.562768909528123862e-01
-3.981589593998696025e-02,3.027770011452662891e-01
-1.240544260607660820e-01,4.875373012842217357e-01
-1.428545945202930045e-01,-1.222094191836718524e+00
-2.698237666417992453e-01,-1.575209029421833273e+00
1.475408177976841539e+00,6.746566001982404748e-01
-1.956267945855844625e-01,-6.652963313436189852e-01
-2.601035225710751631e-02,6.444334842459519264e-01
-9.738636186134627115e-01,-1.330064494754785498e+00
1.381940422383872047e+00,8.741929238695347326e-01
-4.684092463093404990e-01,-8.826612689906673248e-01
1.287837616045561517e-01,2.612714091077339984e-01
-3.245687524906823440e-01,5.554610423886262305e-02
-6.196420072451772620e-01,-4.897591593732346649e-01
3.288725563106398853e-01,-3.973357787098663052e-01
-6.968774747619284060e-01,-7.622198982903751752e-01
-2.550509483626124327e-02,3.362167182854060021e-01
-1.963431844988338115e-01,1.424973600710177368e-01
6.507268754344677220e-01,-4.874931030418864220e-01
2.175274682293107942e-01,7.667455703631483044e-02
-1.562097105237260364e-01,-8.386522850518771666e-01
-8.106424713998110210e-02,9.501584540800440681e-01
-7.708703413308701791e-01,1.260460113600720411e-01
6.361364174709714936e-01,4.432267331878065320e-01
-1.639782801592407357e-01,-4.488960290068121917e-01
5.998116419718003689e-01,-6.744927931916699926e-01
1.112388446911505291e+00,-7.526042304280813333e-01
4.307936101861769007e-01,1.038703643358487083e+00
8.874932005213771735e-02,5.908566499673348904e-01
-8.233923404884477826e-01,3.082219315456419806e-01
1.267660350261180735e+00,1.701072288182723102e-01
-9.787755048913120426e-01,-5.389090397856473036e-01
9.083192205306374056e-01,1.165389706966945216e+00
2.419458644851631840e-02,-1.473136980596749135e+00
5.564527382329162997e-01,-1.739542507643571378e-01
-2.972614420388821621e-01,-5.667209128036335697e-01
-1.591962872535504156e-02,2.691168771860929509e-01
1.664454705243719079e+00,5.971414128181220388e-02
-1.080967372100061219e+00,1.151830051402007449e+00
-2.433728507543172215e-01,-1.014626509024487255e+00
1.881826431151143453e+00,5.567645384716929380e-01
7.532263659811364587e-01,-4.546248893910306843e-01
1.057111622975458465e-01,-1.000419626343085566e+00
3.042751385641813688e-01,-1.484953722884318483e-01
1.834975272874115049e-01,6.294900892407463422e-01
3.256727747786941629e-01,-5.146490194905383592e-02
-1.161052031140001051e-01,6.062503561269372288e-01
1.137489869150626998e+00,8.410338240904434715e-01
-9.659080267394948294e-01,-5.859526893523852448e-02
-1.374290082296079074e-01,-8.282579848935385236e-01
-7.027158310376079298e-01,-7.266913476687683615e-02
-4.649078518858221210e-01,-1.462791812677618264e+00
-3.206114688512756716e-01,-6.926952582886571896e-01
-4.426543068801244152e-01,-3.738217894718893208e-01
6.419028933245146673e-01,8.308052488585219164e-01
2.422742162916221298e-01,3.765177080459808368e-01
1.275492432292772316e+00,-3.958228530427168601e-01
7.177031171248250407e-01,-2.905425701529418814e-01
-2.916803327528119660e-01,-4.665014088860079400e-01
-4.572812338389446729e-02,4.436573350248391168e-01
-9.245232096229560881e-01,-3.001022904243474954e-01
-6.587387112988757343e-01,1.520505627148268424e+00
2.110680423043782006e-01,-3.577572563802644545e-01
-6.113535677694867942e-01,-8.292550951694388495e-02
-9.977843090223048605e-01,-5.556518426045817804e-01
-9.605265618221172641e-01,4.160930587890852017e-01
4.670957936718916209e-02,4.845881823266336430e-01
-3.958642339429952611e-02,-1.590021015404301519e+00
-3.075593004533401231e-01,-4.457558408960675678e-01
-8.590277641479429072e-01,-1.948109975943485894e+00
-1.357876534977324641e-02,-1.017065951377159161e+00
-3.168628898368378022e-01,-4.936129368468046286e-01
1.317845992024123003e+00,9.339760780181396438e-01
8.076771561543625300e-01,-1.913939941025311287e+00
-4.671039033735888690e-01,7.830147399196145663e-01
-3.692175521642496183e-01,-1.153764208634177280e+00
-6.029888901073893193e-01,3.892444043696601241e-01
2.785769353132197534e-01,7.909327883351364719e-01
3.092221225115062699e-01,1.288728725992449142e+00
6.900630511061138783e-01,6.496231967540109231e-01
-1.078682125607606374e-01,-8.282706863285369536e-01
3.743578950729243848e-01,3.202223971917558254e-01
2.270989354656756387e-01,1.502851520920961859e+00
4.667338949622619193e-01,3.007172822935249429e-02
3.529744865686180177e-01,-9.203906324492170388e-01
2.049521424989912077e+00,-1.103938557649423835e+00
3.280669709615988694e-01,-8.797568121857841650e-01
-3.416970482348185567e-01,-1.666220501175443292e-01
-8.924372055613888355e-02,-5.824515254764279781e-01
-2.126873825888597469e-01,-4.646687195148465066e-01
-1.388499840501054017e-01,-8.410040128403429849e-01
1.098367477620993959e+00,-2.479990355007378466e-01
-1.028081916506200066e+00,-9.037636707532078484e-01
-4.062588939685589373e-02,-1.082779688172649246e+00
1.773800330466373809e-01,-1.695080439802087557e+00
8.405759705070114940e-01,2.903124343347550096e-01
6.174663400742292918e-01,-9.671368142869479767e-01
-3.237807087906600656e-01,2.784869103825920456e-01
9.081350880486439570e-01,-5.285001457362105137e-01
-1.184028763795515138e+00,-8.795489162391976201e-01
4.168812439381286983e-01,-8.315079027981088222e-01
8.720667202529081008e-01,-8.232403807694967934e-01
4.799316529022491090e-02,-3.709496470160149606e-01
-1.339067032232097221e+00,8.560094717034401057e-01
4.217996495988368677e-02,-1.134556542462614503e+00
4.675644266018511019e-01,-7.823755596284668323e-01
-3.053249197605404919e-01,-3.515840708153112337e-01
6.908330623558532613e-02,-1.352733022746837044e+00
6.224498769602778703e-01,-1.488870395564363180e+00
-5.179663526305586796e-01,5.835723076851124791e-01
1.265410804407924195e+00,-4.048865977553505746e-01
5.203818329852247793e-01,8.955612168377894422e-01
1.381819653015354143e+00,2.909075438125094948e-01
-3.797142821283407410e-01,8.101637128707813718e-01
1.593322758306148001e+00,6.121266995536045474e-01
-1.366121383886022445e+00,9.595749802446071897e-01
-6.902539968322314312e-01,2.847539908470455017e-01
5.058266626402214972e-02,-9.530291440059197594e-01
-4.886301045484134908e-01,5.041340417355533177e-01
7.081513460028862061e-01,-2.146738149915203842e+00
5.594644990011421459e-01,6.126541096292882349e-01
1.342442959503240552e+00,-4.599554279492925057e-01
-2.958501066339464525e-01,2.078008058619768672e+00
3.640217395437499170e-02,-6.552248607423361015e-02
8.215594410380647750e-01,-1.267238735525912929e+00
-7.186422900773162814e-01,-5.285482168715859713e-02
1.183081682798820811e-01,1.275383543932300523e-01
-1.100766157167715198e+00,6.710986962298597369e-01
-5.177857454134959792e-01,8.530046593804837540e-01
-4.110245389352360501e-01,5.605903990945967363e-01
-3.998140809214562608e-01,-4.683656155204897753e-01
-6.959941119987353431e-02,-1.334233582325969059e-01
-9.991883049986789028e-03,-1.234349717780427236e+00
4.928631191413406221e-01,9.392944790145643097e-01
-1.062358454326366664e+00,2.172356143367007997e-01
9.434269399157000358e-01,5.390701465489393662e-01
-3.257757575502113201e-01,-1.193308016744178079e+00
-6.616739146621762879e-01,-3.227953590724327304e-01
1.247261383673439417e+00,6.894995390322372630e-01
-5.099506658559912475e-01,1.216364251891567161e+00
1.002079422588044055e+00,-3.390296326283224072e-03
-3.904598440837575568e-01,5.995122506899426551e-02
8.040091040503375419e-01,1.352962122067378425e+00
4.872402579578022919e-01,1.437836195928399174e-01
-1.980345930863196324e+00,-4.396992783493820500e-01
7.924254224763647159e-01,5.374202139944409540e-01
-7.133167186353195355e-01,-2.455427471284686636e+00
4.425241767896046508e-01,-1.274259699079509645e-01
-1.593402869360008856e+00,-7.788414567401608091e-01
3.176876442057295913e-01,-8.935319533908158141e-01
-2.948928492836855875e-01,-8.099404625328078255e-01
-3.006192881303899611e-01,3.356728620357414261e-01
1.621218395036582438e-01,-6.986788615858131601e-01
6.462795686444004761e-02,1.812102008724691959e-01
7.539546512202696116e-01,-6.555922313992129657e-01
6.295958545260268435e-01,-6.221987675208230373e-01
9.564745417523800031e-01,-1.074144409559058877e+00
-5.451638745933743424e-01,-4.893574763747907674e-01
3.529013448113467455e-02,4.483922051943036724e-01
7.504087317272264412e-01,-1.249902791137071506e-01
1.129845786671746399e+00,-7.096402339005914994e-01
-9.084641267220378014e-01,-5.203363332133823516e-01
7.333092104992153804e-01,-8.834655556724734238e-01
-1.789199237910267248e-01,-5.948705500006443714e-01
2.908627926231621696e-01,5.964165664724143667e-01
6.415450269889031443e-01,3.211775900490026481e-01
-4.123146971079324485e-01,-4.935161497721315405e-01
-6.918795660621209764e-01,-7.040756663737858245e-01
5.311778736729484696e-02,-7.266451603178762653e-02
4.451913530260472318e-01,2.093905389603778033e+00
-7.017841331914906333e-02,6.177974429996165862e-01
-1.689711533256548659e+00,1.379953027562640377e+00
-5.063596230845758273e-01,-1.552523979462574255e+00
1.453648581366666859e+00,-3.198859974156043756e-02
-1.064884201197576097e+00,-7.452701867081382714e-01
6.375815897697119095e-01,1.414043245320804887e-01
-2.220351438837336322e-01,-7.474145888267235138e-01
-6.155755487803515891e-01,2.300211429594448131e-01
-8.133123487466189516e-01,-5.472535754775616906e-02
7.233894815654087207e-01,1.128765403108770160e+00
4.972364665173448772e-01,6.092049340785928857e-01
-5.815768354296482201e-01,-2.266061723123772298e-01
6.399105640113252891e-01,-1.373788157083792594e-01
7.447953122987842622e-01,1.020358293005695360e+00
-8.747259532558691042e-01,5.066627400258729708e-01
9.019849719249940501e-01,-3.832665909046501507e-01
1.028940717450949727e+00,-7.486106007661268158e-02
-3.340224360263810421e-01,-2.370866799825176452e-01
-8.218108233524548112e-01,9.404321371844801686e-03
-1.775434044573964004e-02,5.768714053216067450e-01
9.162921762461133657e-01,-4.963670860384550299e-02
-5.716322151350579361e-02,-1.188575457840951533e+00
3.409494712127135729e-01,1.337966871964651583e+00
3.213698741270771264e-01,5.009429333507925408e-01
-1.265904000107515026e+00,3.375875768953857242e-02
9.469808968136624872e-01,-5.646971964266803701e-01
-1.113383180913544823e+00,-6.793458335853812535e-01
8.287525690909342338e-03,5.977939841052808401e-01
-2.703570532900950729e-01,-7.347529516019694062e-01
1.424835198530425506e+00,7.551034006538374088e-01
-5.818358402332647339e-01,1.404155720492926918e+00
-8.789001972012818742e-01,4.472542947479730691e-01
-8.548936883785105412e-01,3.323554979702076362e-01
-5.965021724735207753e-01,1.313161018182161799e+00
9.319843165621343184e-01,1.287092560988567058e+00
1.393150211008962192e+00,1.302622187970947920e-01
3.192334198618309027e-01,-9.941994492379450932e-02
6.360436633413579788e-01,-4.166542924667234193e-01
-9.115261554126987686e-01,2.304715327405427727e-01
-7.365825146868050233e-01,1.180352428651155750e+00
8.090422050397232112e-02,3.393941828911335445e-01
-1.173424129938072935e-01,7.579950210692275592e-01
8.102681426471500803e-01,1.567224863894320919e-01
-9.514483663749798148e-02,-7.631663740532840245e-01
4.336151840809253089e-01,-1.105519457914589720e+00
-7.281745375518382524e-01,4.715622160130737983e-01
5.471420226496517270e-01,-2.253430974033314160e-01
-4.228328504161043000e-01,-3.023159387630802164e-01
2.351701559003188391e-01,2.297173676554964405e-01
-4.986377829385584826e-01,1.450792938260095644e-01
-6.344245643855737082e-01,-5.792238227351864666e-01
6.738209881616256114e-01,-5.601401285317831880e-01
-5.019184870137677335e-01,1.082326314112112664e+00
-2.733065619442390792e-01,4.872563098004842330e-01
-8.608817771473520342e-01,-6.053481667393075805e-01
2.010160852327783632e-01,-1.062496090643059651e-02
-3.762189378505669812e-01,7.975675075448398488e-01
9.596526622323608979e-01,3.568414598900705725e-02
3.971893985898855561e-01,2.478914813666511785e-01
-4.824883652356685149e-01,4.142157900953205019e-01
1.779112404427940219e-01,-3.370823126799893932e-01
8.846763361347315113e-02,-4.711778719988414244e-01
4.247443445385865046e-01,-2.408534502887705320e-01
1.103307874559621427e+00,1.100457102340578253e+00
7.389648336964197428e-01,-6.072683362741664315e-01
7.731920778882731549e-01,-8.804779561563531587e-01
6.354361610362238011e-01,8.613777134057203355e-01
5.584025711246372037e-01,-3.032853414806506165e-01
1.215960401145195491e-01,8.165412831369247559e-01
-7.719143806498516280e-01,-1.181779399284346610e+00
-5.295869254188943775e-02,-2.308746613680667525e-01
1.555666956615281982e-01,-8.443853385964184000e-01
2.644289249873826853e-01,8.370191360146297943e-02
3.449575176994966741e-01,9.918237112760599494e-01
1.277686223879455074e+00,7.208018891588773291e-01
-6.480467942963701322e-01,-2.721096629829082569e-02
-8.764165154174660133e-01,1.279388518279444442e+00
5.984696190357903234e-01,-3.561445617560954902e-01
-9.491288778528003123e-01,2.588298862429546654e-01
-6.860239844947080279e-01,1.520652226666566964e+00
4.494147876942598541e-01,2.060162722035897009e-01
-5.124057232249570326e-01,1.420685340895655902e+00
1.285319475019037483e-01,-5.465728482426709389e-01
4.901158121980270788e-01,1.978936240817411735e-02
4.927944923957971457e-01,-6.251482974899180700e-01
6.099129882076004955e-02,2.232643218297952203e-01
1.544382582641564382e-02,-1.075054030165985441e+00
-4.411115248632744845e-01,-9.027164281175753535e-02
-2.012743239908204307e-01,-2.633927801708165206e-01
9.174879590575910626e-01,-6.267989625378620477e-01
-8.268103233740192737e-01,2.948360281410123962e-01
5.855832695207620064e-01,6.763827088467093684e-01
9.320416233950358231e-01,-1.017109323685914946e-01
-4.602776019108593270e-02,4.840145648694497149e-01
-3.219065820241125975e-01,-1.354014088486672707e+00
-3.812955491809242314e-01,-7.115770765026993017e-01
2.355800177784047322e-01,1.885795612522916942e-01
1.025388092904276016e+00,-1.216908536135296703e+00
-7.205419371421014629e-01,-6.906009312275284140e-01
-7.209391567366907339e-01,-1.682793003808303045e-01
-3.303214251254536493e-01,-1.481347955487724910e+00
5.469116654138355127e-01,9.019815914201576579e-01
8.689819314283065976e-01,-1.212221187137357159e+00
9.075131959693473194e-01,2.038892151642814454e+00
-3.606992958511237579e-02,-1.564228954936358829e+00
1.726175182381204376e-01,1.043003589041314294e+00
-9.827989663148739563e-02,9.172497679799975767e-01
-4.769080203282298203e-01,-6.294662746119946695e-01
-8.152327437970393609e-01,-4.220407895368769383e-03
5.072351710707792005e-01,-8.565776296506666387e-01
-9.286898858299046378e-01,6.844038156990922550e-01
9.161056693691534136e-02,6.341400521714050109e-01
5.829823002414489252e-01,-5.432816206978017259e-01
8.395677497395852562e-01,-5.975789275216016883e-01
-3.597093045564817015e-01,1.766224641356433089e-01
3.569624496416748394e-01,2.904726752228808939e-01
1.294987819143868624e+00,-3.334883525285955996e-01
8.795083142914100760e-01,-1.012840368588067141e+00
-5.445369175379645155e-01,-2.228261135160829742e-01
-2.294951060341364479e-01,3.033263276043188794e-01
1.039639533847011243e+00,-9.440269948928982080e-01
-5.611549472980000841e-01,2.382302864210447402e-01
-6.971772757848377911e-01,7.052114346677145207e-01
-2.538403452429225868e-02,-1.278676538298002263e-01
8.782414352863869844e-01,-2.377037683516321498e-01
-1.035746166357952996e-01,5.200371094281159845e-01
-8.068644426897461641e-02,-3.046562906801666970e-01
-2.493307419461986696e-01,2.910115304272111181e-01
-1.096763479927450824e+00,4.487281794422408043e-01
1.227347325670586464e+00,4.703614899939569938e-01
1.203818861650664679e-01,3.523479460730905566e-01
3.005158494802463998e-01,-3.170543467955482253e-01
-5.946665182320620691e-01,-9.215479680151514863e-01
4.864645799406406290e-01,6.468637284451186353e-01
8.324329315135367002e-01,-8.689996305010873057e-01
-1.059974731579039542e+00,1.996608556784782995e-01
1.131364597670353467e+00,1.623640988335139923e+00
7.451637238317899981e-02,3.606069601994602025e-01
-1.413081651100629221e+00,-4.470235236184672556e-01
-4.383759262642102916e-01,-4.359031510017470912e-01
-1.188062511457131487e+00,2.019031163368315285e-01
-8.448067230867753463e-02,-1.505660434214585397e+00
-5.553899965934753213e-01,3.690695976548304946e-01
2.887427734768273704e-02,-1.543670961710451595e+00
7.321313428940871837e-02,-6.252152553096658183e-01
8.811896471200145742e-01,-1.193092049208962946e+00
-3.129348782374163918e-02,-1.850754142930957358e-01
-6.034089986940385231e-01,-3.024092742945428958e-01
2.437516085808736632e-01,-1.365764752336652288e+00
1.426584632821555898e+00,-1.256758561260975515e+00
6.731639498037333968e-01,-1.956561244955627721e-01
1.324277576500428211e+00,-1.431068469666946452e+00
6.958189244381185468e-01,2.660487973736388456e-01
-9.804936877432171016e-01,1.386254948110150265e+00
-5.702915246533462046e-01,-1.929062604491031951e-01
1.881282460399814338e-01,1.060222562146888592e+00
-7.729091754424209926e-01,6.077434083244989127e-01
1.387454384774167160e+00,-1.921597620510494542e-01
-4.515318040351275486e-01,1.711271007540876576e-01
1.428924494254158128e+00,-4.321887878608011713e-01
2.530315624803555208e-01,1.453582960821445891e+00
-7.515535901266603425e-01,1.198455393431113597e-01
-2.823855249387575705e-01,7.730986843221826499e-01
-1.364260399940826485e+00,6.361388422270322640e-02
6.302034127682012432e-01,-6.812632617542744295e-01
8.570635151648557937e-01,6.276894559002099694e-01
7.104046634723020226e-01,-4.959438133532120818e-01
-3.492855582989841112e-01,1.731229835158507036e-01
-6.047712963031993683e-01,-1.115149332043226416e+00
7.585858424900018271e-01,-1.877403019281360941e-01
8.671037155745822123e-01,-9.119440826524263244e-01
-1.989799001909143827e-01,1.364612217600966959e+00
-6.117098526621670557e-02,-7.852297879804384095e-01
1.423056402195091774e+00,-1.078359670324474440e+00
6.365193981225500397e-02,9.426286053504175921e-01
7.346754762159081187e-01,-8.080612560353837015e-01
4.714186908324260461e-01,1.452741973414715115e-01
9.448314785477648914e-02,-2.843011243298576018e-01
2.112343400425397422e-01,-1.261358564059613219e+00
8.828537229763082708e-03,1.517706679482131241e-02
-4.435671759821502302e-02,-7.862655881150311110e-01
1.949281363550510737e-01,5.708101524499770152e-01
-3.811046137769811271e-01,-8.726427833654245569e-01
-1.318300333985878980e-01,2.733443827933197401e-01
-8.244267347429605486e-02,6.111326807034714315e-02
1.002938610286162602e-01,8.163290560551903496e-01
5.734475927982665144e-01,1.210844918299883860e-01
-2.410710896298264405e+00,1.015938873515978225e+00
5.528666417425618373e-01,2.352263447009768360e-01
4.914977101757384559e-01,-7.095238341503314894e-01
-6.272802974812016208e-01,-4.909006185983847553e-02
7.923827957098055208e-01,2.405482489400949941e-01
-5.233036936433480557e-01,-3.006149583261305547e-01
-5.899246457244669006e-01,1.456474088774944775e+00
-7.810615466867972811e-01,-2.742412035629037126e-01
1.081427217681149022e+00,2.999255287491147878e-02
-4.818066836779422712e-01,-7.103440450514112436e-01
4.001851152330189731e-01,-1.059133732322294241e+00
1.143387545108233844e-01,2.543774677310082361e-02
1.570334034637365983e+00,8.445867538805964386e-03
1.125363762733303741e+00,-2.071308395351991460e-01
7.642887903369736113e-01,1.828370855545520257e+00
4.294281830376677211e-01,1.840743357158633353e+00
-2.006569072215402538e-01,-5.483321208987028683e-01
-1.162268778701065264e+00,1.191675422823198716e+00
-1.389265712878646308e+00,8.489588260774754147e-01
9.251809556022770886e-01,-1.606874339248028249e+00
-1.491554284236768169e+00,-7.366191664530179484e-01
5.494989344560450295e-01,-2.513919931517787781e-02
-1.141295724329189687e+00,7.195641761811807369e-01
-1.444882930603683946e-01,-4.833251140192031392e-01
1.732349829089762094e-01,-9.241644025511678295e-01
3.520625351654799173e-01,9.002460022976939147e-01
4.764623981788522755e-01,-4.966710208173343855e-01
1.308747789841134546e-01,1.626909507576223823e-01
-2.411998712179616311e-01,-6.212826560574427059e-01
8.657159003481971205e-01,-8.005321245860763657e-01
-4.377911227948670381e-01,-4.609884297633095041e-01
-7.923165492832575652e-01,3.950507425923856508e-01
1.093796935237552892e-01,-6.143822216815417736e-01
-7.089875370358021955e-01,-1.392184829143638058e+00
-2.988928670286324363e-01,8.370017190608454172e-01
1.589742885726318500e-01,-9.695010270896785576e-01
-4.700114602159231048e-01,6.656002174660665682e-01
-8.548752448817144300e-02,-4.244013503376782293e-01
-4.207746778750190431e-01,-1.430023878300326068e-01
-1.480041878133669941e+00,2.789071353756231719e-01
5.107293382080712041e-01,8.293282264555155159e-01
2.544718272344643206e-01,-2.225132530571580780e+00
-7.157193772091120787e-02,9.429762018099256959e-01
-7.762908938707100415e-01,2.982423865523202156e-01
1.162810761835526320e-02,-5.672201278516101342e-01
9.547439312383428911e-01,5.723843939984710749e-01
8.674162410176393390e-02,-4.074530443227459831e-01
3.966550116422213335e-01,8.695321031552742941e-01
-1.852381575813923709e+00,-1.759625106786456339e+00
1.811542779449804241e+00,-6.634564098447828240e-01
2.576725141647046025e-01,2.021280889637494527e-01
8.072132400846725175e-02,-9.756274666486521030e-02
9.875002549540967678e-01,-1.933934138082538667e-01
7.762255667140103288e-01,-1.698051354425093473e+00
2.188321735047726174e-02,-4.553115701251286146e-02
7.008083165344030085e-01,-2.879952917601278362e-01
8.693061633525009380e-02,4.549952677809747659e-01
-6.613665965840793692e-01,5.954385256628256240e-01
8.427194273120804935e-01,1.343285128908131842e-01
1.667584418614455055e+00,6.044849596031460770e-01
4.688137106049862224e-01,7.941037663142184178e-01
5.046923611917040198e-01,-1.245174962179963485e+00
-6.953668774849195433e-01,1.014394712350111583e+00
8.242739902987991085e-01,-3.904268990758896773e-01
2.244969396655267235e-01,1.057309291137530360e+00
1.228518658212456538e+00,-8.459305691893966861e-01
-7.346554907447034877e-01,5.358436679069921160e-01
-1.523597576887365745e+00,6.898861210674001043e-01
-2.729672372570956518e-01,3.694749983458041620e-01
2.439813123266015571e-01,-2.334289154831691526e+00
-3.163602795272743018e-01,1.436435873447477363e+00
1.146389950619811415e+00,1.858401927199206716e+00
5.792511433968083878e-02,-5.215079440177430858e-02
-3.109463228182705596e-01,1.288017244424568275e-01
2.015454858066626775e-01,1.067228594928667229e-01
1.827316779298490790e+00,1.742165484612814286e-01
-1.075013321525132515e+00,4.357090262603898756e-01
1.498025087726050142e+00,1.570161540194856320e+00
-1.118507523208000620e+00,-4.039861285705002025e-01
-4.183823412272189568e-01,-4.756432807871233681e-01
1.108269709425154570e+00,-2.091059355927526731e-01
-2.869648817228568835e-02,-1.137844366395018625e+00
7.789765870281772919e-01,6.959589701746492496e-01
-8.531537393015156123e-01,7.439054417299748589e-01
1.031224786660134729e+00,-8.044500129865782556e-01
1.038778619294650651e+00,2.066874169515337645e+00
2.183123068632366326e-01,-1.021863493565572517e-01
4.469358675944280490e-01,1.608041046073352132e-01
-5.748168803530959714e-01,-4.073789212249444569e-01
7.679809837052370414e-01,4.242026803507363275e-01
-7.094333895462632267e-01,-4.148653776337933308e-01
8.865898968951759773e-01,-7.384974989937530543e-01
5.681152094657649920e-01,-5.709816971033294247e-02
8.649833825879933435e-01,2.439155170162035646e-01
1.296879910418214044e+00,-3.894428208094903865e-01
6.347596225142279058e-01,6.722670210437375893e-01
-6.112158712287956153e-01,2.145402326365791756e-01
2.304445518007560145e-01,-1.432638095886951790e+00
5.131860959121650745e-02,2.228749778327897002e-01
5.323682182306584965e-01,6.504604557233670259e-02
-6.716095012610577841e-01,-4.200218430606631470e-01
-1.885793435120086958e-01,-2.417142470404853583e-01
1.223078107973313733e+00,-9.738494642380514099e-01
-2.137732155543703438e+00,-9.514942416571291195e-02
-1.647688154396313331e+00,4.666596450889086700e-01
-1.815938907777004507e+00,-4.606938100535326042e-01
1.052349552625808232e-01,9.979812583154611116e-02
-2.073878695415931617e-01,6.389037114731027645e-01
-1.717276532816956747e-01,-2.846774234738180809e-01
-1.122344635740553986e+00,5.466355190303588962e-01
-1.033893697745404516e+00,-1.246738423890255548e-01
-1.343352299092812063e-01,3.036926355895166463e-01
-4.365955193623324848e-01,5.849053238503986590e-02
1.001756337380589779e+00,1.065997604639310259e+00
-8.458069111708034216e-01,1.957401694980165710e-02
2.403585753461956812e-02,4.651034939074817909e-01
-1.667890884412321362e-01,6.121999560346045310e-01
-2.281338998047349464e-01,-3.683927204827196489e-01
-1.348606266792530539e-01,1.222375005246986585e-01
-1.937281189262550996e+00,-2.427780665353438838e+00
-1.119571233210631123e+00,2.704296420205341001e-01
-5.693788654798971338e-01,-1.015260084429304266e+00
8.306524493315383673e-01,-1.614743404494695111e+00
-4.451856628503191304e-01,2.555708335565858857e-01
7.051008083986367581e-01,-1.620338109238208257e-01
1.223779929164340530e+00,-2.579225732074236777e-01
8.523661354996546480e-02,1.009335733028750681e+00
4.838287546358901459e-01,-1.259582200299195001e-02
2.781746848397346206e-01,-9.016324273220295282e-01
-1.451312598996749581e-01,3.861850369434469132e-01
-1.144614515342183836e+00,6.169436075104938189e-01
-6.188122853790905403e-02,-7.205149669560546588e-01
9.234103835484739342e-01,7.599514734380517778e-02
-4.305518559875162743e-01,-4.961739475787666637e-02
-1.322503199886444492e+00,-6.490447353997675917e-01
-2.549171431908798247e-01,-1.194845948305528927e+00
1.493132199877606148e+00,-2.374628998912874600e+00
-2.816535877526484682e-02,6.487001198689754666e-01
7.096112089195320827e-02,-3.808454924610798348e-02
3.347671182114162480e-01,4.554821429175130443e-01
-8.439353455323714281e-02,2.803130291031234456e-01
-1.260336012791376303e+00,-3.614100625781275222e-01
2.119824354184747794e-01,1.389571383751034617e+00
1.879814968261972197e-01,-8.878425362720384628e-01
1.559659736467721380e+00,-2.509499440201117815e-01
-7.445465421012247287e-01,-7.588744841855992185e-01
-1.070807319256804613e+00,8.603133197433570079e-01
1.159208607411158942e+00,-9.144638932492031858e-01
3.688996469605685391e-01,1.177763684034089264e+00
7.543181720581062510e-01,-9.556395297400918087e-01
-4.887543704778740117e-01,2.262125868495830014e-02
-6.848534612525314369e-02,3.398990058163187666e-01
1.410827002581139356e+00,1.722780985014737976e-01
2.763398366465905087e-01,8.682577865058299649e-01
3.329848602137454594e-01,1.339208526124514853e-01
-9.041669928100555531e-02,1.059043379174732458e+00
1.240779039072640755e+00,-2.415244386911219732e-01
6.905758048108868730e-01,-9.085380060538084113e-01
-2.441356483417515544e-01,-3.404502435902994062e-01
9.921692544365808830e-01,-9.848274289104713697e-01
1.539363391774853096e-01,6.798863625222141549e-02
2.133984392669946092e-02,-9.857823583611543539e-01
6.342359490636660935e-01,1.397089489295188169e+00
4.874391005093590690e-01,-3.553767700789945971e-01
5.284067874833471290e-01,1.123677355822471524e+00
1.454564516791619078e-01,-1.247978713592811539e+00
1.504468998140162883e+00,2.812198529098401401e-01
3.803019154484782449e-01,-1.334165338235735687e+00
-6.699226040698124107e-01,-3.817917740743729249e-01
-7.823217071345666129e-01,1.353970985199863808e+00
-1.244823305659553819e-01,1.528885302755344178e+00
-5.289538177438410371e-02,-1.005063201926765237e-01
1.964284613085200970e-01,-1.020487862017533665e-01
1.654859159656049961e-01,1.507155411938270462e-01
1.856581271467084571e-01,2.695257210781131646e-02
6.405515796783611826e-01,4.162061703086263331e-01
4.509834848411745090e-01,-7.778855307488563575e-02
6.490007706685516631e-01,-1.123280550138153755e+00
-7.428879343976710903e-01,-3.030184947819089536e-01
-5.435416896745529636e-01,-1.792185492113504974e-01
-3.667405035265829394e-01,-3.504075038747239135e-01
6.034177356996639485e-01,-2.552325655374437230e-01
-7.914639290736427690e-02,-5.220003741772023809e-02
3.831221235882181775e-01,-6.005781547154945832e-01
6.004100756083297075e-01,-7.369412669085325662e-01
7.020483095584831856e-01,-2.623750688475867676e-01
-3.517045080031513948e-01,6.126135271158524853e-01
-1.777821861549874205e+00,3.276116732023096577e-03
-5.317483910881538600e-01,-2.391129126617115574e-01
3.168219972637901227e-01,-2.000516421232839126e-01
7.471638328144684094e-01,9.004512959717243803e-02
-3.020544670665514242e-01,2.007409641033769676e-01
-1.690440457659629359e-01,8.462205289455206891e-01
6.990370243044815579e-01,4.053035682759319469e-01
-9.110042047796135245e-02,-1.119642861942679257e+00
-2.133273166390141640e+00,-2.256063833056654588e-01
4.953211820736658222e-01,-2.152745298227851656e-01
8.045078769039205602e-01,-1.130902119231244729e+00
-2.121794933978534969e-01,2.684211790060202218e-02
6.127720690616341725e-01,-1.168829512798042147e+00
6.515678355331931682e-02,-5.471943652851264384e-01
5.198603218986308505e-01,-2.157737500966258049e-01
1.155945112708860689e+00,6.897322901900452274e-01
1.599415314747286709e-01,1.176642536813546247e+00
-2.485911492110713383e-01,-1.084702872607629792e-01
-2.139354129571815200e-01,-1.062829345404431081e+00
6.111317625439698364e-01,1.239735946682959944e-01
-1.850015052289073925e+00,1.217875934424059725e-01
1.839170945354557718e+00,4.735133042402751569e-01
1.207824458923615341e+00,-9.433793458981288849e-01
-1.030372981885928352e-01,-8.037922459619195603e-01
-6.807561655568603043e-02,-4.769565512226703330e-01
1.419247783269385887e-01,-2.154410855303761363e-01
-1.302446545275680601e+00,-2.745257246195771939e-01
-3.238568211653444773e-01,4.800750156832704341e-01
9.269655084779052645e-01,9.445886353425193560e-01
3.366131367603000801e-01,-9.469031890141774710e-01
1.450552385795972121e+00,3.566299432252266755e-01
2.633867155364214563e-01,4.065848141050245612e-01
-1.685741669367419593e-01,3.954102447006616061e-01
-4.734876597673897125e-01,-5.861114506039940553e-01
-8.320079936856993319e-01,8.396453740430974699e-01
7.628264766575697520e-01,1.622479598703897019e-01
-3.452362716026769474e-01,2.887586573907868215e-01
1.367440070751643200e+00,8.922615645033784570e-01
-1.583549316801794893e+00,4.720913054124023511e-01
-3.593770860808286338e-01,7.377981027082182175e-01
-1.557163828701628061e+00,2.787537943510488003e-01
-9.505509956426720919e-01,-7.293613435901800945e-02
-1.206669479275613632e+00,-7.049408398974594814e-01
-6.114904534619974852e-01,-1.088955255643909048e+00
-7.127134043557752374e-01,-9.528646776447091682e-01
1.888977120046909236e-02,-1.368676037397841716e+00
3.410259555939284537e-01,-1.952217978546033073e-01
9.023196132486941412e-01,-6.993672577804520563e-01
3.045555924317961891e-02,1.043436453088718852e-01
1.137850572251491110e+00,7.735288183525860228e-01
-1.280905819726204431e+00,-1.194433017057099589e+00
-8.512265384551578329e-01,-2.671415456657365572e-01
-4.020501351619054642e-01,-1.404830090854750635e+00
-9.007347258651391408e-01,-5.828373918976776924e-01
1.266394522278747159e+00,-6.570656546400044373e-02
-2.120504959690620306e-01,3.617086609922562923e-01
-8.606074076731410338e-01,8.354182402499946702e-01
1.937442182872715357e-01,-1.270584624001134921e+00
4.439815019660448558e-01,5.192345776192760498e-01
-1.495738914448011825e-01,-5.239988616246211706e-01
-3.363636690759325143e-01,-8.349070867815420183e-01
-2.031067489772973300e-01,1.599825911690781588e+00
5.772171294120264085e-01,-1.437695744263930431e+00
-5.790048970504331205e-01,3.212240796250151464e-01
-2.312227641430274760e-01,-2.582655310751008071e-01
9.885369844323205202e-02,1.143041034915913468e+00
-7.811971297117806801e-01,8.260172624718089551e-01
1.167562301678859299e-01,-7.813465050884089713e-01
-1.352984047920655186e+00,-2.352736781835312319e-01
1.380174840641541278e+00,7.404914073537698371e-01
1.116085128215194844e-01,4.548720215314976945e-01
-9.635354792884807118e-01,-9.685686096856218619e-01
1.342085068048944674e+00,-5.843416655696497264e-01
5.778538214952225749e-01,-4.468371270081187077e-03
6.120055191271777106e-01,5.191159905452286810e-02
-5.782946930516021933e-01,8.946506448712880921e-01
1.111024336156554826e+00,4.364234881454414489e-02
6.932545707821258230e-01,4.757527633246123600e-01
1.093792042495576933e+00,-6.544038663642066933e-02
-3.191430825524907422e-01,-3.349915621095154172e-01
-9.609585303345182794e-01,-6.875496123213646893e-01
-8.954188872240274044e-01,5.047617246090033705e-01
3.602109106442180075e-01,6.691517966754363667e-02
-8.334857055085614919e-01,-1.027022094963291193e-01
4.063396241074950233e-01,-5.277510908695810798e-02
-6.509375033271537214e-01,8.064229990448703589e-01
-5.090958477550456829e-01,1.897606498447234613e-01
-6.753443685895188509e-02,-4.240848508199817624e-01
1.024374431155023885e-01,1.250957935663808307e+00
1.740798596582384949e-01,-6.231111087522190894e-01
1.796915924367432416e+00,-2.527826493168865429e-01
-1.615385451924524540e+00,-1.244586630298514240e+00
1.304640838337391973e-01,6.901828877224943648e-01
7.663454691544789865e-01,-9.029792908742033664e-01
-8.417103081536002618e-01,-1.463042123015462881e+00
5.184161380589443757e-01,-1.296981481278948189e+00
-6.168998104741986177e-01,8.008572498829961139e-01
8.741353313271782444e-01,-1.725459037633462756e-01
6.644578465960861990e-01,1.318533207717692779e+00
6.117451665418145446e-01,-3.702903210411291890e-01
1.285304655387430106e+00,-1.689293126761122865e+00
-2.594065696499192608e-01,-4.420525953233321315e-01
8.726752029119256848e-01,3.571389579352967636e-01
-1.020831155827360837e+00,3.755801746675446195e-01
-1.152931550640014402e+00,7.565652502831637927e-01
-9.885631554353836448e-01,-1.465622100640681658e-01
1.639060408398291813e-01,6.520830453612871391e-01
-1.327425603095610807e-01,3.403854971174339883e-01
5.528705286232020732e-01,8.946653958271232332e-01
-8.436120343387157883e-01,-5.756537548715617847e-01
3.000205008172639881e-02,-4.246251118084715115e-02
-7.438076004331933833e-01,-8.873173257906420419e-01
-7.429817123267815626e-01,-4.477202649529515854e-01
-1.197614798282707671e+00,-2.612989931391238585e-01
-6.386257575138774012e-01,-2.090745006216697954e-01
5.292071355734825205e-02,-1.677317797931640320e-01
1.948492029077921461e-01,-1.403224234274923765e-01
-1.257526486597634330e+00,-1.368017816980268142e+00
-1.286859588143254296e+00,-1.210276930291278807e+00
-3.834946751611410798e-02,3.791348916290580850e-02
9.672732575343576666e-01,1.333027886455748212e-01
3.478509214420441031e-01,-3.909769662744395080e-01
9.424207300960753264e-02,-1.145150412126852091e+00
-1.157480406642762860e+00,2.224730375973987151e+00
1.452696844940706944e+00,1.142855081584414734e+00
-5.729410499778733179e-01,4.488236076258187990e-01
7.295637448173791784e-01,4.042017125895864260e-01
-3.625033048287285564e-01,-3.689029067622712765e-01
1.870393277912665297e-01,-6.195856941937721851e-01
-4.669471385154183030e-01,2.268945414911216762e-01
-1.557468740160040221e+00,1.275238830961176628e+00
-3.878214922716259894e-01,-7.280300354560625964e-01
5.796961695306712681e-01,5.144792696317991298e-01
2.587967927953228386e+00,6.303132179868490281e-01
2.232546571595817320e-01,3.909246668391454932e-03
-2.433703958470559772e-02,-6.120377497688391788e-01
-8.536511157723382370e-02,-5.902299016415726296e-01
-8.209674717366384211e-01,-2.321319025948994086e-01
1.039301792770809474e+00,-2.383975681362916765e-01
-1.464199788369566546e+00,-2.957198268132515961e-01
4.402494501546082017e-01,-5.224825622657701396e-02
-1.846478108759932679e+00,-2.565614393607567045e-01
1.269429110925996695e-01,4.672722505117154479e-01
-8.282868193308680071e-01,5.980757669185777781e-01
-7.026601369917084838e-01,-6.719274389096874245e-01
-1.443066451145515461e-01,-8.148372546217411694e-01
-5.567602098026237512e-01,2.851365361234137752e-01
7.341362656922673091e-01,-8.921628076912077043e-01
-1.005554786045964821e+00,4.226351605913103993e-01
5.994440052736231817e-01,1.993007992750937263e-01
-5.438004707187700237e-01,4.808192991804191574e-01
5.339061820337331898e-01,7.998291021694526881e-01
-2.159088728061473728e-01,2.672471579895758786e-01
-1.215356022569437311e+00,-8.530471413450211315e-01
2.593380549152023429e-01,4.478795804481349729e-01
-9.522217985727686740e-01,-1.611078225018227339e-01
-1.134795579530335941e+00,7.168177269911502059e-01
2.119747324337299399e-01,5.008435803767606886e-01
1.117726629346341261e+00,8.733849057250610004e-01
1.362605122961584314e-01,2.387793778467832695e-01
7.475573007057616237e-02,5.554439827968297161e-01
-2.374765255033613187e-01,1.106924647163060271e+00
1.927542939607415295e+00,-6.507593200065080463e-01
-4.589776632283432134e-01,6.530303800422875282e-01
2.841848240949346738e-01,-1.846515163588379471e-01
-5.651327075074827899e-01,-1.428466978984316293e+00
-9.551055209429283321e-01,-1.067428852745686330e+00
-1.646642512721830653e-01,5.660196823609669331e-02
-4.785837125860148977e-01,-2.370528917173691796e-01
9.880775134275048277e-01,-9.113825211599223264e-02
-1.268154161738371588e+00,1.483204064928842587e-03
5.331403149935127761e-01,-1.435280367845342131e-01
2.322441246061565934e-01,-1.317544966098738168e-02
1.146052616024066315e-02,6.623386228462135872e-01
9.914162883896922018e-01,-1.314492704935773804e-01
-3.257213540031792531e-01,-5.447780228098110245e-01
6.063624353854931703e-01,-1.054771655363210492e+00
3.577972656894406467e-01,3.384018251929002408e-01
-3.929756033899163281e-01,-6.480900225226475797e-01
8.332317957014925280e-01,2.563523013182694932e+00
8.118673978532445767e-01,1.033428571119132444e+00
6.832640400386686963e-01,-7.732350422521186983e-01
6.180677499380631268e-01,6.317530868425569324e-01
3.153133359206679032e-01,-9.664519682344406837e-01
-4.631701231051099099e-01,-6.165977040437227163e-01
-4.115249730719665600e-01,1.662842971113712931e+00
1.878106167520545156e-01,-4.580772550925508654e-03
1.059734002412436205e+00,1.791979438073332709e+00
2.942202622013411206e-01,-7.044570048733688195e-01
6.783960249628838701e-01,-2.724439611050499255e-01
2.418963416466730632e-01,-4.140588482225164291e-01
-1.003206502227896202e+00,-9.882391054867785130e-01
8.180322245399537229e-01,-1.081625283050306585e+00
5.804797623092781134e-01,1.449761590862522542e+00
-5.086093345868704096e-01,-6.894692596200265866e-01
5.923258240475336445e-01,1.047997940468335720e+00
1.146038092300270678e-01,-2.708225249801725631e-01
-1.043170253994242680e+00,8.752994015286070795e-01
2.537808841127891513e-01,1.360226258535186250e-01
9.821151045538201174e-01,1.407080171694646165e+00
-9.551439706617197434e-01,1.302623028221016499e+00
-8.710165725200882947e-02,-1.475645347385532657e+00
8.443295095438133613e-01,-7.148399764347497243e-01
-3.472386118295606172e-01,4.732079578264123364e-03
-2.832615333528237245e-01,9.998213197161294197e-01
8.982216034255252612e-01,-7.372056084044158464e-01
2.911447331370189406e-01,2.086909324682139300e+00
-5.239233253479588237e-01,2.331184975073738119e+00
-3.676289447112089381e-01,-2.889863789463812949e-01
-1.138037281573174075e+00,-5.602853894238037924e-01
2.053842675476038604e-01,-8.831681521845486937e-01
9.524057861995258722e-01,2.628865414571150971e-01
1.253747823632066737e-02,-6.098025204061422455e-01
-2.321791620773187570e-01,-1.063152775928798643e+00
9.906258653706002948e-02,-1.348062112640361798e+00
2.998031788674455078e-01,-1.527092069318018552e+00
3.218334355542946945e-02,7.823579609395930889e-01
-4.817725370425368636e-02,-1.492269611055024037e-01
-1.189619236331876384e-01,-7.257815281002517882e-02
-7.651902822138123561e-01,-2.189080761635136818e-01
8.636884106432702879e-01,1.036810822940854138e+00
8.692617958545391099e-01,-1.457675707148993416e+00
-6.839031397267202328e-01,2.277700088307131610e-01
-4.712532710363772637e-01,-2.828374795052248092e-01
3.216209686762525610e-01,5.328159385092160472e-01
-2.161663996681403022e-01,2.128713460353170162e-01
4.240060197101167688e-02,7.712269678922353267e-01
-4.244987812029008545e-01,-2.610159337288055492e-01
-9.536470575973564623e-01,5.696472284835542021e-01
9.072689906029464124e-01,1.277877706256966617e+00
-7.241033478133723778e-01,2.394934716536142316e-01
1.033450854184652767e+00,1.083807891875251173e+00
-3.861758923691828160e-01,-2.030355281170805604e-01
7.405282153232476405e-01,-3.844101948585559869e-01
2.064774529308232576e-01,5.940775458789150365e-01
-1.386714709132917112e-01,-6.956558417588390442e-02
3.219956550984285903e-01,6.058962449134519535e-01
2.354154155439607266e-01,8.670909650053212347e-01
-9.712900293453983203e-01,-9.273471287163078669e-01
-1.050948402103478951e+00,-1.120678315775140571e-01
2.535104054373383264e-01,-8.751904222212510964e-01
7.152499373403169436e-01,-2.798448045850518984e-01
-3.579506225467741776e-01,-5.318187051489862149e-01
-5.934123781313501711e-01,1.193395219104951943e+00
4.380176139897120624e-01,-6.265134989336278160e-02
1.191946858231152540e+00,-1.439373725037963681e+00
-1.643527655599784865e+00,-1.316337076089846736e+00
1.985894100278131902e-01,5.978979463372090242e-02
-8.451764371049420577e-01,-7.319899174983885981e-01
-3.984982377664361003e-02,7.875898552860658430e-01
-6.817947278660386745e-01,9.162154875400962961e-01
-2.416868552498521172e-01,-1.214791027533189904e+00
1.101488696093609443e+00,-1.492414338790359341e-01
-3.213488957831971415e-01,3.972927297486120168e-01
7.305520256694474357e-01,7.280282227536724049e-01
6.949057328113096288e-01,-8.635870579829381388e-02
-5.360271680993644941e-03,-2.347213661946891683e-01
3.585194932601849516e-01,1.697585654923790266e-01
5.204875224013529866e-01,3.958468407905449959e-01
-4.495331016926592538e-01,5.313185082701914475e-01
-7.138382424319076325e-01,-3.231879412823546183e-03
5.561060328991986879e-01,-1.530029384120722147e-01
-7.781767801034322751e-01,-8.710214143067221970e-01
1.192240439704061794e+00,-6.586406560362859652e-01
7.319655903380550832e-01,1.090093372348085454e+00
-8.385961140658249047e-01,1.775385635380723193e-02
-8.174790679460068876e-01,6.424247002160246023e-01
-1.320347519580026496e+00,-9.216572130748948988e-01
-1.720876220007090840e+00,-4.271593264850114258e-01
-1.207650063701695586e+00,6.773626507376594164e-02
4.295111405454155595e-01,-2.126976446883277749e-01
4.001416470348738708e-01,-4.740167194720406041e-01
8.867460684609708432e-02,-3.580848355556928708e-01
-1.548678480088709009e+00,4.722950334086481461e-01
-6.515212683902127377e-01,6.873775694753999632e-01
-2.114273036374575421e-01,1.147901928235047775e+00
-3.677231305878742584e-01,3.254062659787083089e-01
-1.163285452263900233e+00,-5.694409202821679727e-01
9.835571739903322674e-01,-1.416065684675953618e+00
-4.082469356848186237e-01,-5.695777439427496258e-01
-5.829743355114991310e-01,4.929180841622299997e-02
6.420618892015462764e-01,2.364594347143045006e-01
-8.047093058110187103e-02,1.998497550396911293e-01
-7.055116624374041523e-02,7.714174038284070667e-01
-6.209623888292851168e-01,-7.783333539033947535e-01
2.261658562736942046e-01,-3.854259449297012807e-01
5.804340106473618865e-01,9.273057820174723798e-02
-3.672272635005680574e-01,-3.516931804277332874e-01
-2.421642480292886535e-01,4.738235788415676164e-01
1.037618227175709951e+00,2.049364640632727053e-01
-7.612803110187300604e-01,-2.769474557446702234e-01
2.542213827915482671e-01,8.850336900337344437e-01
3.441359619801069303e-01,6.104875171572130554e-01
-5.652278039441349655e-01,-1.799464069262253774e-01
-4.987232167020803908e-02,-8.459790427829581017e-01
-1.267939335357103792e+00,-7.928685571050101411e-01
-8.014022246605332356e-01,6.463237614812173959e-01
1.438206966180407331e+00,-8.297589990832754392e-01
-6.579761683611862200e-01,1.309817469025142955e+00
-1.121085237733207229e+00,-4.881976222947524979e-01
-6.992649673610514816e-01,7.966256787119471161e-01
-1.026578363447859576e+00,1.227718798743392403e+00
7.449745398307725530e-01,1.211646227211697902e+00
1.144635408468782201e+00,6.046320709657893033e-01
4.941183691904430485e-03,6.989689428343131006e-01
3.218367941360826545e-02,4.364422223736373896e-01
-2.623782824025306382e-01,-1.151738357731282081e+00
-5.245186469743581270e-01,-3.924441250271603621e-01
3.450257509819543711e-01,1.620379342473465545e-01
-7.085246057504405170e-01,1.605253899808411600e+00
7.412956080827848293e-01,-4.473994382241547330e-01
9.532467149716972177e-02,2.309027127530348944e-01
-8.544057958022495125e-01,9.684932814506646004e-01
2.861667656597635667e-01,-1.082147664606586179e+00
-1.212371355473148560e+00,-4.519312852977671047e-01
-8.841891335002106667e-01,6.884225046504469647e-01
-3.840702027019360365e-01,-5.735337882686338817e-01
7.464907190001399129e-02,-5.798337600375961243e-01
1.644346149641296231e-02,-1.266722284344379834e-01
1.079064849852662093e-02,4.480534661957448206e-01
-8.409921436241390991e-02,-1.537883206422965277e+00
-1.142845035401683085e-01,9.635214207530579111e-02
1.931749481393455758e-01,-6.196095698935666363e-01
-1.941520166806192868e-02,2.273363006232129446e-01
-1.541206517073171911e+00,1.712112161989581549e-01
-7.267516739807754200e-02,6.498223038762103443e-02
-5.834364203848035543e-03,1.644763724111399039e+00
-5.324082894136669131e-01,-4.213854082048241190e-01
5.139330365726038075e-01,5.738701273337069031e-01
-2.579714140686110713e-01,1.324489678464436881e+00
-5.003818437560327848e-01,-3.823404205543242673e-01
6.930693642132308430e-01,9.505487673753017230e-02
-6.415672459346157819e-01,-9.851163381099972138e-01
1.403871062830393868e+00,-2.057512580091975796e-01
-2.836109040071482443e-02,1.051924971510282747e+00
1.172634946684165236e+00,-3.470263145620768874e-01
-1.470156542194011484e+00,-1.631147590623131194e+00
-7.179523351823864641e-02,2.286940578686946779e-01
3.041830449676666825e-01,-2.384508376401631435e-01
2.244653262693396267e-01,-5.747293486441206189e-01
1.688561567338612776e-02,4.005313760045715044e-01
-8.394971864988274302e-01,2.169273088161483565e-01
-1.406363496393036927e+00,-2.056984676229149933e-01
-1.046395390789573554e+00,-1.927119325356116408e-01
2.180510060824595031e-01,3.338686809321505383e-02
-2.327081954342557768e-01,3.275818520514822002e-02
2.598958735305962331e-01,8.215743367707443179e-01
1.006731358918534713e+00,2.222248759336187957e-02
-1.781610948321935561e-01,2.507121517424799051e-01
-1.105575775132626282e+00,1.423273388256603988e-01
5.256930685899150468e-01,2.997308529395176224e-01
-1.416104134130370840e+00,-8.780549370844574764e-01
4.117748328995369245e-01,-2.534713963795153790e-01
-3.723082848142563600e-02,-9.264479270862434612e-01
-3.734888850184890363e-01,-5.230885217703709622e-02
-3.326713097555114018e-01,1.783003509024251310e-01
-2.656665992610596910e-02,1.242127453554030980e+00
-6.568955352469184605e-01,-3.909765963892370966e-01
2.865382770792687106e-01,1.876687212979515906e-01
-3.430055584777456090e-01,1.915242273590872790e-01
-7.899455598992769501e-01,4.179824607482768850e-01
1.921210411598884837e+00,-3.439989425868978934e-01
-1.800934829266408466e-01,-5.229507807974063116e-01
4.742098452403301634e-01,-2.542299077162810672e-01
6.983077127776106396e-02,1.184469025907464834e+00
-2.314135938846878737e+00,4.186780843575197419e-01
-5.236492707067680330e-01,-9.813264729698499833e-01
-4.412124169667553386e-01,1.176820480351713355e-01
9.114092284091993568e-01,3.858538463893705639e-02
5.618736511747808304e-01,5.261478690920459167e-01
-9.882335922035033748e-01,1.095365585409055376e+00
1.893521999470325345e-01,2.002763338590506093e-01
-2.638515418345003249e-01,5.030962718066312594e-02
2.304544584480733641e-02,-2.134846839744405922e-01
5.079292442665759300e-01,-1.561005392380974133e+00
2.921173415609298329e-01,-1.395667654416191006e+00
-2.082413818118685478e-01,-1.129761657843483036e+00
-2.314838641732246960e-01,6.752373705293509554e-01
-1.140741038899293125e+00,2.407873997166752600e-01
4.015285521055350082e-01,7.957157663320368890e-01
-7.392887698464375434e-01,-2.151037243561102763e-01
1.190933671760809331e-01,5.779699835307637867e-01
-4.112222228214553743e-01,-7.214087373873213638e-01
-4.577454884558149195e-01,-7.450038872332531703e-02
1.359377924244162816e+00,-4.832953212144333044e-01
-1.857246385944434641e-01,-8.505918448909515206e-01
3.799228821093199593e-01,6.879926350250652467e-01
-2.508520567282996327e-01,-1.355594748774320957e+00
1.376564477072570680e+00,5.249371281980531601e-01
-4.656992514221042039e-03,5.981084088783924502e-01
8.252417415794496280e-01,-7.403538190158744925e-01
-4.339857289016649800e-01,-1.541350430908550839e+00
8.444553748841574503e-01,5.567065078389609178e-01
1.046368133498221109e+00,1.680363652957577836e+00
9.351689455349937452e-01,1.244512189048476714e+00
2.423544919112257112e-01,7.326908411310316671e-01
7.827966472822180943e-01,-1.509706771030975003e-01
-1.206399748661269589e-01,-1.454588704314334846e+00
-5.185203981228824199e-01,-1.541616957171295432e+00
-1.812828961920600612e+00,-9.413678621718870598e-01
1.657359013812605697e-01,2.560828114646209741e-01
4.070329050510578806e-01,5.648573576729780665e-01
7.701303481413701579e-01,5.402236935550201909e-03
3.302468382122893953e-01,-3.103655052259555180e-01
4.878592126513719429e-01,2.741487204580786430e-01
-4.143895353371020995e-01,3.389687938610263518e-01
6.462446253839767563e-01,-5.994257092198930215e-01
1.163729060639170809e+00,1.230889569630426505e+00
-7.670604316267725098e-01,1.042376304773268980e-01
-2.179245125108703329e-01,4.141586565894744831e-01
-4.227363546915546832e-01,-3.895628445344531676e-01
-1.820464085033717538e-01,4.519950159258488420e-01
-5.292098109731512290e-01,-4.181523990320203388e-01
2.547801989281496815e-01,8.357082861690991182e-02
-1.048787092626708439e+00,-7.832310093508759730e-01
1.282030107225213600e+00,3.084704128889705355e-01
-4.487968804796592659e-01,-1.287353071419844230e+00
-4.537875959880561805e-01,8.954459196703857815e-01
-1.103862267801839492e+00,5.888432030001193862e-01
7.049131498009545416e-01,-1.819322415771087165e-01
-5.290417518367944716e-01,-2.002988498649585503e-01
1.809472686967259492e-01,-8.294743432026889518e-02
-7.615054679231302304e-01,-1.299095445912996638e+00
3.852557275856750563e-01,-1.649160881016420888e+00
1.808400869556181734e+00,1.588432102406570900e-01
1.475126171472974645e+00,-2.936310246539783689e-02
1.810543940349403691e+00,5.433850676964432219e-02
9.746124028530164241e-01,-6.775753968312705489e-01
2.979263553313884483e-01,-7.518591885394401153e-01
-1.425716151031830803e+00,9.270229791965130250e-03
-6.599111622897584073e-02,5.854383716307375723e-02
3.100315958050958165e-01,8.496549906052849321e-01
1.588755570183147281e+00,-7.286528817203348218e-01
9.477544173787293413e-01,-8.819603734978835874e-01
-9.021704088155414747e-02,-9.277956021740781933e-01
1.211377505434704793e-01,5.372387934036539914e-01
1.154441635091519425e+00,-3.330110974747775288e-01
1.765100756702713547e-01,-3.174810319944275094e-01
-5.576190778102428913e-01,6.403030778028812042e-01
7.204532817043167447e-02,-5.645356834271052504e-01
5.580463774759791828e-02,-3.422591232679969564e-01
-4.137297286574261879e-01,-6.869071682923680866e-01
-1.122249877273802987e+00,9.725923276893196079e-02
4.267661182572818901e-01,1.350179991857123785e+00
-1.045485125948883764e+00,3.725263167880534798e-01
-7.338360205964599148e-01,5.792212707140310946e-02
-1.206576947064359917e+00,-2.896047599560875874e-01
-4.537242910678379038e-01,-4.736704695889764616e-01
-4.953528038309515935e-01,2.528913778297666171e-01
-8.096651059238274550e-01,4.465763318398824344e-01
-1.019075045097189047e+00,-6.901255916067858820e-01
-8.117929744884277987e-01,8.385731873949030524e-01
-3.234403558532693013e-01,-9.920283554754444344e-01
5.866604998501724344e-01,-1.400127499822600985e+00
-1.370268875616169890e-01,7.963695949271200336e-02
1.272373746188596888e+00,1.608892192669431412e-02
6.937588516620191159e-01,-7.349216814304219136e-01
7.406943523992992606e-01,9.843764693724900150e-01
-7.640329022266900694e-01,2.944663626173885107e-01
1.901410869610738463e-01,4.838159807911917021e-01
6.463805487421913076e-01,-1.329892845113952893e+00
-2.268734216278823004e-02,-1.148661272931000399e+00
1.352609745161508004e+00,-1.624358249991537884e+00
-7.634177533273760474e-01,-8.496219518909734481e-01
2.600961939021981598e-02,7.164285546222908252e-01
-7.046462924570957853e-02,1.637015004797481854e-01
1.072343729335114348e+00,-1.163086453078523652e+00
-1.548768108238365082e+00,2.280644234507587520e-01
2.732414502616196950e-02,4.431299975330367236e-01
4.552891502415967739e-01,2.135711431849600123e-03
1.103131709923839576e+00,-4.543303513000677696e-01
5.765197094450461579e-01,-1.035904124085956557e+00
8.190704113476077186e-01,2.508507044041277112e-01
2.542180326881680053e-01,1.308135025933658380e+00
1.962746408918056407e+00,-7.041186990601451257e-01
7.598059666846893601e-01,1.491231325066827984e-01
1.525914993479959847e-01,9.714022486515824228e-01
-7.065156604346320979e-01,-9.612011495154151874e-02
-4.277653318792055681e-01,2.020858810186005050e-01
4.347902966993661411e-01,9.767593271350718531e-01
-9.959647761443825020e-01,9.501364188286747225e-01
7.793987759652858394e-01,1.232046759551192194e-01
1.450584865806395118e+00,5.079700481756698194e-01
-3.939842560882478306e-01,7.937524756026432815e-01
1.396884673383198106e+00,-1.339994956441254992e+00
1.129930753113266018e-01,1.056267068520003072e+00
-6.261120770031820548e-01,1.217937239252721904e+00
1.536058215395492421e-01,-1.277210820803058144e+00
2.256791970009620063e-01,-9.523710654347105065e-01
-5.689125174259984652e-01,7.769191868491454045e-01
-1.328121885690031645e+00,6.659721825320317201e-01
-8.372866076632368149e-01,1.548486458484561457e+00
-5.136800718307444891e-01,-4.733113485174999524e-01
2.211248432232596206e-01,1.087877148010814310e-01
-2.606116461545678886e-01,-9.959726536409480024e-01
-2.089202314861212106e-01,-7.975291888319320233e-01
2.479181419196762881e-01,-7.274304490331218176e-01
5.220143042772632525e-01,-1.429728435769962891e+00
-9.522751928710426750e-02,-4.935589140544728304e-01
2.115678804894005893e-01,5.832489862963958355e-02
1.266611211668212944e-01,-3.030665598422946916e-01
-1.460396092475611529e-01,-7.617876476646257000e-01
1.604704033128758311e+00,-2.868813115345918985e-01
-8.874773412216164781e-01,1.757321658581655413e-02
-1.056222000127420513e+00,-4.179002423078117534e-01
-1.866277157716584423e+00,-5.318246423785311788e-02
5.752001938221639188e-01,-1.701997273045371184e+00
2.918103764398913835e-01,-4.060303602924347777e-01
4.847413230440811294e-01,5.050571259958317460e-01
1.266425557626419174e+00,2.891396182676361781e-01
1.276413782474790648e-01,4.098331632551041048e-01
-2.783691733932496248e-01,-1.551450097054209554e+00
-1.063704137840741221e-01,-6.969694099525816089e-01
-1.508689533832426877e+00,-6.013004050937464928e-01
-1.139985868592992280e-01,-8.452124257529298745e-01
3.292291912430905798e-01,-1.202775571736931726e+00
7.316363781765633512e-01,-2.620752794882246217e-01
-1.155565426857764644e+00,-3.383972006992182480e-01
-1.142351855692108793e-02,-1.696025788770125775e+00
7.551907046110556410e-01,-9.861722459719793887e-01
2.865863016879621750e-01,4.626549442647875932e-01
5.899111152076962350e-01,-8.637195974970762746e-01
5.363462104641095740e-01,3.191406402785213481e-01
-2.456502807857121051e-01,-2.527555240711645834e-01
3.552839518888086245e-01,-9.585368012926426262e-02
2.356349104633582991e-01,1.296388793206296186e-01
-1.099376029365714658e+00,-9.503032304086951598e-02
-9.741517261661913896e-01,2.110326619823474359e-01
2.499037613713978034e-01,-4.979190278999216512e-01
-4.808718789801852411e-01,2.003667017387454063e-01
6.196201837198598295e-01,1.328725825314634568e+00
1.181230022511462252e+00,3.093186387116330649e-01
1.284802957717229965e+00,-8.556843874313646570e-01
1.436936537512560619e-01,-2.321920173650302011e-01
-1.314651098820922570e-01,-1.213056960806984802e-01
-5.363199066946119364e-01,-9.462984896391175849e-02
5.960027208561701206e-01,-2.194908493604519062e-01
4.174189007029470155e-01,-2.140466280754902417e-01
-6.270101465596441548e-01,4.901781810510362769e-01
3.538975473544468398e-01,-3.414121871490059523e-01
-8.550927115317384641e-02,-1.089939295474094544e-01
1.081937837505488664e+00,-2.529286702162730216e-01
3.698509650273479887e-01,-1.098163515332319512e-01
2.426385724323827098e-01,8.693704094033636309e-01
-1.562734035677304734e+00,-1.383992686902115077e+00
-5.579614255146532198e-01,7.397994112026325952e-01
1.725192149638031247e-01,7.457893871853036316e-01
6.344647834834820088e-01,2.307003817066729523e-01
2.853877683937303678e-01,-4.692823953566619410e-01
7.041971880970411268e-01,-2.972085023945854054e-01
-2.126436191659922259e-01,-8.718536717774669764e-01
-1.184733255235044941e-01,4.476348219337501766e-02
-1.108221282762801296e+00,7.571259532013377980e-01
1.448972248658707274e-01,-4.203570508844012843e-01
-5.965148449766137784e-01,4.961255198822531742e-01
2.005991002917081989e+00,-1.527411971904328425e+00
-1.463839997797819203e-01,-2.330610807988279798e-01
-1.182752204349974967e-01,-5.481801669154251488e-01
7.327368738348264410e-01,-3.733460106562214165e-01
8.506844181535222482e-01,6.298463464869987760e-01
-2.606059317711639789e-01,5.457858837119021755e-01
-1.185933732786773609e+00,-5.955414363344048168e-01
-1.026115874928897664e+00,8.611604615601868851e-01
-6.705318848904601170e-01,2.578728940060005748e+00
-8.739323810484880273e-01,-5.912532406232710036e-01
-9.159826052955796216e-01,5.800279444796608841e-01
7.758119415972626609e-02,1.037658594800989320e+00
-7.068186850033947310e-01,-5.008550369965422133e-01
8.737871728271473515e-01,2.704597930028094233e-01
1.156700792954766133e+00,3.724907470429315026e-01
-4.348227803473102560e-01,4.563008042172551071e-01
3.526806875543805342e-01,1.974533684155201779e-02
6.935166394800568179e-01,-6.072705048717113030e-01
1.178892545899767663e+00,-7.170573385395602184e-01
5.014425097830783606e-01,-3.710883244259022273e-01
7.121085967500508929e-01,-4.013124061534046882e-01
1.763128390218559938e+00,5.407776025424370497e-02
4.190152452339324096e-01,1.945867788126171560e-01
1.809404905691200105e-01,-1.239950419490170874e-01
-5.658968512982384125e-01,9.120505478671761534e-02
-1.849475342110094012e-01,9.733556459459518084e-01
-6.444748399263480754e-02,2.510078791355651040e-01
2.319796205914312071e-01,-5.555198065602131585e-01
3.116964978695753730e-01,-1.422493006411799765e+00
1.207669781709906021e+00,-4.154796984524249948e-01
-7.400229488508749398e-01,1.965472990193579683e-01
-4.617484587155959996e-01,3.432390452997515634e-02
8.547631699612668887e-01,-1.034197422407728828e+00
-9.235345067457356727e-01,-2.981493231090661666e-01
1.319175815565713616e+00,-7.673256142738753560e-01
1.138523627967137131e+00,-1.960945872593304218e+00
1.624910457857170254e+00,8.608276976198084296e-02
-9.366837283982742957e-01,1.720231433896138862e-01
1.626151251265277597e-01,2.698292640792784858e-01
-1.094450432346109947e+00,-4.426084605454018717e-01
5.632573683269154197e-01,-9.171841764053384471e-02
1.557663968233149676e+00,-1.023026881925419573e+00
-7.756000465914890396e-02,-9.159067236350968422e-01
-7.090657215292012205e-01,1.755637567302588131e-01
-5.526620592527099474e-01,-3.520411298034799574e-01
-6.675392727761534362e-01,-3.662014219369138512e-01
2.197940226430396826e-01,-2.142031278136800054e+00
6.342390071564008025e-01,-5.796696381896121464e-01
4.805242054357638515e-01,6.023253530958855295e-01
-4.616152447294351036e-01,-2.500304809537124973e-01
-2.916245626764714660e-01,1.429666061373502384e-02
-9.497430435219362810e-01,1.715814293223229814e-01
4.744745545186455637e-01,1.289947311752756676e+00
-1.657001630654792168e-01,6.872774206536839126e-01
1.200623403600758810e+00,-3.077206312105629227e-01
-1.498007443565689156e+00,-4.007205450142272696e-01
2.973264704895937638e-01,-1.077020726960051578e+00
3.032895978494725697e-01,1.077259839122804153e-01
2.363790611139851838e-01,-5.931897833158217975e-02
-1.076047036075035823e+00,6.331590345960290689e-01
-9.172027003619650509e-01,5.270686200054135462e-01
-1.124362691393535174e+00,2.191415909701296127e-01
5.945102212236641481e-01,7.681450215609975096e-01
-6.574023093636453818e-02,-6.363746932375653476e-01
-4.550754291101324900e-01,5.570160143770642724e-01
-8.758607929084387678e-01,-6.381321566773249243e-01
9.149096407661025943e-01,-9.887128081560855319e-01
-6.541096607127037110e-01,5.880191699166351649e-01
2.648849313153427421e-01,6.722542383854753778e-01
-2.404716669775061599e-01,3.140699986423541312e-01
-2.069703574721706851e-01,-4.893164792515548034e-01
3.241115544593353714e-01,2.901749680651946051e-01
-1.461354537708261236e-01,-1.923266565910308978e+00
6.408576800142826713e-01,1.397470476701735853e+00
-1.044327437351467713e+00,-1.038825728908900903e+00
-5.732030639782377257e-01,6.947362098459417545e-01
-1.158488812537001644e+00,-5.302356491412423267e-01
-2.243028621096135877e-01,-1.470121333713107825e+00
-8.624315295583003804e-01,-1.687007084166226856e-01
4.414477211330906092e-01,-9.421205258833517115e-01
-5.361245438028379162e-01,9.997909253923851214e-01
-1.256315676865423503e-01,5.404747481922155261e-01
-1.038385916136103537e+00,-5.522721397679777322e-01
1.540715635109703108e+00,7.443543187255484694e-01
-1.087616676201631716e+00,8.077262144923764708e-01
6.406302975666314792e-01,6.782359941738036468e-01
-1.729155324859129872e-01,-1.438568860118578874e+00
-1.221449663759444304e+00,-1.308510119113125425e-01
-1.412196819341687393e+00,1.260500107904399592e+00
4.895105969522700051e-01,1.806589868276057720e+00
-1.042669715340027503e+00,-3.326333361860266402e-01
-2.776809041654859644e-01,-4.136202927225522685e-02
3.632767829383797831e-01,1.988328438332497283e+00
7.680956781127522559e-01,-2.252143971346897422e-01
-9.040118295916519386e-01,1.252976149168321673e-01
-1.632490425022743441e-01,-9.619064320268522206e-01
7.744518099786050769e-01,-8.709054983064938860e-01
-3.904717206077476521e-01,8.438703691333985235e-01
-1.194717286645915033e+00,-1.057636738484525774e+00
-5.625952938101247414e-01,1.270521584130937243e-01
4.486603441396655456e-01,1.874805102279362978e-01
-3.508760721494191270e-01,2.775304906877180677e-01
3.102971516108276595e-01,-1.776133605569240048e+00
5.269270684715398056e-01,-1.404983599055853238e+00
-3.435987296273105285e-01,1.089377390530599010e+00
-7.814760144245531948e-02,-8.876611715580391693e-02
1.151955271755755073e+00,-9.944853572214931159e-01
-8.272143444011377245e-01,2.529218249645945882e-01
-8.606856073743123225e-01,-2.370562599117530863e-03
-5.995397321551001468e-01,-1.256563661599929604e+00
6.518588509846715007e-02,7.494725601365080925e-01
5.541950664492234502e-01,1.399171440171086633e+00
-5.794366174286292859e-01,-1.142085189724870498e+00
2.737306633916384291e-01,3.701783379646272215e-02
-4.503459686168037046e-01,-1.328027954282080980e+00
-2.896075512218656001e-01,5.157181146145677075e-02
-3.428985734815900854e-01,-2.743772808957991582e-01
-1.074350545635245069e-01,-5.335403015558904949e-01
1.393787282637074521e-01,1.063365742851237333e-01
4.009295901786523730e-01,-2.268068063363309350e-01
-1.013175461340611427e+00,-1.170112260069811283e+00
-3.515478756469757604e-01,-1.170084418481125849e-01
9.269316465797307059e-01,1.278354901850974557e+00
9.807863945773841463e-01,8.119130930868276863e-01
7.792577674407018540e-01,-8.203844093525011205e-01
4.249334267264666676e-01,-1.344984969042550382e+00
6.733296271009596712e-01,1.604504350490021602e+00
-3.202338944345398120e-01,-5.385067098058335944e-01
6.855523997921375567e-01,1.726737336288493851e-01
6.327386501006657671e-01,-2.819201949281876729e+00
-9.216223978335073008e-01,1.539801685287781607e-01
-4.563192347845708152e-01,1.155145464745675365e+00
-9.370330358423875072e-01,-1.260327450116597525e+00
-6.955351455000179373e-01,1.368360017088031955e-01
-1.253149245736280282e+00,3.705609712255491517e-01
2.897035816921774559e-02,-6.710628396835337517e-01
2.383306745068994870e-01,-8.489560436896291806e-01
-7.704747066003543587e-02,-8.273729749709338721e-01
5.906754980265019883e-01,1.071238930623359176e+00
-8.779273821995962068e-01,-2.400321405673078168e-01
-3.213387304924083532e-01,-6.365972348486089727e-01
4.686819831741497189e-01,2.706927813528952065e-01
-8.770775298307951218e-01,2.263078528877098539e-01
1.481163214874236245e-01,5.532563795367028137e-01
4.165275250270228380e-01,-2.285825958959334936e-01
5.054264761032605247e-01,6.522617890938876561e-01
1.717114691376858959e-01,-9.031566555371396410e-01
-4.237666071123650235e-01,1.824886638815016671e+00
5.872283375099913300e-02,1.243027885757480799e+00
1.406393412539200360e+00,3.864225918758293354e-01
1.026124293248869071e-02,3.692237630918070446e-01
-1.134929279398849411e-01,2.061226828633045544e-02
9.750027234425203693e-01,1.053479965247402061e+00
1.394529952710267529e-01,1.021397587136339477e-02
7.164646415832002235e-01,3.406770199811481881e-02
2.004745258142228426e-01,2.390936121269349734e-01
1.208586139641951857e-01,-3.679373721814142573e-01
5.744752163565761682e-01,-4.585258025082951661e-01
8.982018340232721387e-01,-6.954084269513811922e-02
8.489742642243035542e-01,9.060873932787644192e-01
-1.313528862697876942e+00,-5.223604357222879635e-01
9.479306176525917893e-01,-9.470350766831949763e-01
1.006574501394228882e+00,-6.223803183391177773e-01
-4.817294172380757189e-01,7.318160048653176153e-01
1.001971621852873334e-01,-2.444272042888564755e-01
-1.645665724668969876e-01,-7.680758097549469365e-01
8.979858715687800697e-01,4.371750831178446428e-01
-5.116107460160206344e-01,-1.619362982065074119e+00
8.660339240692754847e-01,8.850360550540368187e-01
8.794604378125969735e-01,1.136917994547393951e+00
-6.074974766593560505e-01,5.789720604481459754e-01
6.555334863004440571e-01,-4.951007298331572271e-01
1.218203690611895151e+00,9.863196503521814984e-01
-5.809334632812629406e-01,-1.229883973225268656e+00
1.386443478759891601e+00,5.214996140946062120e-01
2.039839540143415508e-01,-2.625759484644750175e-01
-5.931457765892534928e-01,1.212781211791099212e+00
-1.301432611251753357e+00,1.558721351479709583e+00
6.464477630892839777e-01,4.931703892980270898e-01
-1.153578543680161966e-01,1.692776368627609551e-01
-3.155763136443533456e-01,-5.010623629806000290e-01
1.272190020157782098e-01,-8.756898052327074522e-01
4.536798407411868350e-01,-5.173600127347932620e-01
2.451487836546758226e-01,-8.077378807863894172e-02
2.258162753147448798e-01,-9.088628413847338328e-02
1.103096679824209503e-01,-2.143292927977518969e-01
-1.384964398093972759e+00,1.630839361862862838e-02
1.067067747106851483e+00,-3.261777446000685421e-02
-5.497249757465085818e-01,-8.473779527281613544e-02
6.578488917965299998e-02,3.300218976569722629e-01
5.428848557700201027e-01,-5.159479739386524377e-01
8.621139523548243533e-02,-2.465288815955949120e-01
-7.097457180076534033e-01,-9.978498464272745894e-01
1.049303229633451906e+00,-4.752266467246917814e-01
3.337921275153323819e-01,9.184793148201839674e-01
-7.111902521566935975e-02,1.041940764555634003e+00
-1.534078538636591826e+00,5.224692332215735702e-01
-1.254637617262154003e-01,7.835849865025300287e-02
4.661949366685561036e-01,1.471167302666430698e-01
9.281657073315668915e-01,4.469644120930029718e-01
-9.307535961379918010e-01,-1.204467314459705340e+00
1.679404476634930587e-01,-2.001573995930702843e+00
-1.975443176707024628e-01,-6.932531577356154662e-01
-9.656109233233061140e-01,-4.206466345856577638e-01
6.237708422429978361e-01,4.337946204181750698e-01
-3.576118750428181059e-01,1.052587600476729612e+00
-8.924057026953571281e-01,-9.709536532424341004e-01
-1.265714734278084341e+00,-5.924333124585703936e-02
1.052891677851658825e+00,2.799527710017074011e-01
3.166576041079164905e-01,-3.089942810298254017e-01
-1.553073703288721852e+00,-5.452626549978221160e-01
1.057683211160852732e+00,7.176580050963676793e-02
1.502181840551977954e-01,-2.572945650699290931e-01
-3.142746727190691147e-01,3.162711560489774865e-01
-1.121787682661102847e-01,6.918991576614585970e-02
-3.448723472890443675e-01,9.138144099690324040e-01
-7.349877143349720088e-02,-3.592807494124134471e-01
1.128021517540505059e+00,-9.499730589635224653e-01
4.702301569912317736e-01,-8.318469689645399123e-01
-6.988517995661613913e-01,-3.464513645146731213e-01
5.360587438120029136e-01,4.480182987732714284e-01
-4.027985005944578201e-01,-1.574834552051835201e+00
-4.115729059286969971e-01,-1.103300683470285759e-01
-8.670138744883700843e-01,-1.522171093729688673e-01
4.859319200647227999e-01,3.075429050565783862e-01
-1.215793389137527436e+00,-1.000675590820537142e+00
9.406046943937018678e-02,-1.780242141663862521e-01
-1.094157062536846858e+00,-1.008894065696373625e-02
9.966503289285865153e-01,-4.288321845975542335e-01
-1.977318567118028780e-01,4.496513756677687490e-01
1.242905787598549798e-02,1.880427230260735882e+00
-3.228474581475612726e-01,5.928711175746795847e-01
-1.095949618799531011e+00,1.526463650617720658e-01
-1.185254645299255616e+00,6.870037188774591463e-01
-5.224630343990217113e-02,-6.533698761242622277e-01
-1.233331612457741061e-01,-6.515424641867358924e-01
1.838090339949774332e+00,-3.547224541905837358e-01
5.402786799673515716e-01,-9.136354865177757079e-01
1.785558031416369373e-01,-5.602867487921817657e-01
-2.407407266661278633e-01,-4.941661850844648596e-01
6.470881942967429690e-02,4.382437876563653467e-01
4.003381777660063312e-01,5.968963945085301558e-03
9.842272136553000816e-01,-5.985446373976295309e-01
-1.497692470584252866e-01,-1.018695785739772264e+00
7.853790355388828859e-01,1.135202040368947785e+00
-4.429894534520533722e-01,2.117876405719648636e-01
-3.693669692690121908e-01,1.532507801417860582e-01
3.610946150797084697e-01,1.941961815730465502e-01
1.009010191235319848e-01,-5.513521020405097728e-01
-6.818368742898510693e-01,7.018945931081390643e-01
1.392242776006733740e+00,-3.090312061006126321e-01
-5.552621369689005881e-01,1.833851192367375038e-01
-4.348066853121404507e-03,-6.379706807282693459e-01
4.135227533541188660e-01,9.224601774389600273e-01
-3.787372125474943729e-01,4.401966228280698723e-01
-1.263123680777484548e-01,-1.744630594381842148e-01
-6.441577997497893726e-01,-5.873938289673159563e-01
1.805787809261646601e-02,2.954353933868685347e-02
4.021671651461877217e-01,-1.592504179472566728e+00
-1.102306984782620125e+00,-6.200782365391127593e-01
-8.799068615733131038e-01,-2.436216696923935832e+00
5.516023997865897588e-01,-1.837936526023216555e+00
6.584725544141694087e-01,-8.325293296087467043e-01
-1.149219156544008191e+00,3.034565406515646324e-01
-6.311938615864103042e-02,-8.949138460584538102e-01
-7.914196216977232856e-01,-3.720217718575125065e-01
6.645540714204655197e-01,1.338381854732155485e-01
-8.218430703095391462e-03,-1.511468904634164223e-01
7.528460035517983151e-01,1.257473418831668743e+00
5.753798189145210573e-01,-3.260908436122895160e-01
-5.968479896205295399e-01,-8.202652832654840909e-01
1.850706083057971074e-01,3.081747761036419675e-01
-7.118878564345965110e-01,-4.219192537369018114e-01
7.041615738387729806e-01,-1.617799862311355419e+00
7.102205232965103088e-02,2.102770350592100823e-01
-5.679848376400605803e-01,4.745005878827819323e-01
6.556952982825637877e-01,-5.432861066643444037e-01
-4.521739883945385396e-01,-1.966995666448385915e-02
1.009720869961180822e+00,-2.585642029327056002e-01
4.381774996002028855e-02,1.587117857096295159e-01
3.458135608190232024e-01,-1.925869582896637122e-01
7.371537653041029259e-01,4.464229532143325074e-01
-1.381866132117700596e-01,1.090337645457810423e+00
-5.580792331933566164e-01,7.864951522880282431e-01
-9.512631319510069794e-01,-4.821816557053924535e-01
2.758438848467626991e-01,-6.642432715611148453e-01
-9.333277839728546521e-01,-4.743981732811943797e-01
-5.714809617645767448e-01,2.147022651833038753e-02
7.020714095640473570e-04,-3.284304121235954305e-02
1.020258992744978555e+00,8.274436320810810708e-01
-3.122771366842406193e-01,1.300524942036859422e+00
-1.040274574664435958e+00,1.420613160269491304e-01
-6.231434708348388973e-01,-3.528723034182454366e-01
-4.237061337845948739e-01,5.871487825644833985e-02
-6.488758000950203275e-01,9.656380867810202551e-01
1.698220172139037198e-01,1.681305189506628661e+00
-2.689684462774654672e-01,-6.099674618019299555e-01
1.137145876670375033e+00,1.060607396307812866e+00
5.218489548940780098e-01,-7.268700145549388258e-01
1.111878153105180456e+00,1.024907294847812622e+00
-3.227701333017490848e-01,-1.132837275859513992e+00
-3.014326544175898182e-01,7.825328222750502216e-02
6.291270767031486022e-01,-1.024091815151277896e+00
-5.841667624781681223e-01,-1.947042566164742805e-01
-1.206593113459180355e-01,1.471298281049051582e-01
-2.266212686921495190e-01,6.379371118441767852e-01
1.436065658095521780e+00,-9.426942160656642811e-01
7.743139608072067137e-01,3.648484955480246761e-01
-3.438395732944212746e-01,-8.438367903446310214e-02
7.947741594562496292e-01,-2.761496280029603345e-01
-1.460414951356150182e+00,-1.472186837424362738e+00
-7.497032304964877936e-01,-9.420094145607974534e-01
-6.734992750035239117e-01,2.510936180422091990e-01
-2.539041035845179817e-01,-9.177902108388199531e-01
5.986395869066883924e-01,1.351285121469124606e+00
-4.041704640912858332e-02,-3.462031965859839744e-01
-5.658209416827560956e-01,-1.161520937305816403e+00
4.556895853720125955e-01,2.080897333489588608e-01
-6.075959883077014512e-01,-1.581936650470155081e+00
-2.826801445156152948e-01,-3.156623432429454118e-02
-4.345173686543640224e-01,8.918295572337632537e-02
-5.094481947011139100e-01,-7.083629047239768939e-01
-3.767042912664006482e-01,-1.003167655079610032e+00
1.576999754669151099e-01,3.068772698773708507e-01
-5.147320872733300856e-01,-5.602758970168931763e-01
9.220509278042549051e-01,6.006144045168571033e-01
-4.561681404493130310e-01,-1.146533169446150024e+00
-1.273267928079539812e+00,1.603330149534098470e-01
4.059850076984244382e-01,1.029187115108906703e+00
-9.982243193912879176e-02,2.135053051439421978e-01
2.309851287854901847e-01,-6.752132304741321756e-01
5.627101730501044008e-01,-4.440216183226200486e-01
-7.997492108010549883e-01,-1.285791390951866564e+00
-1.335764486366435522e+00,-3.084141914087094039e-01
-2.127824742635363864e-01,6.521780461980668520e-01
6.218909693829973717e-01,-1.670082660694358623e-01
-5.065452002697384826e-01,4.804977506317762576e-02
1.169453889476635283e-01,1.999502106592950246e-01
-5.441269105801341960e-02,-1.701558848448830527e-02
4.472452840151998621e-01,-9.613818720476256796e-02
8.286996274016528163e-01,2.769109453059514017e-02
-8.848299836074965397e-01,-9.560984913508634442e-01
-1.019733251985484868e-01,-7.295286852489604179e-01
4.789489966954709188e-01,-9.478354773444571668e-01
1.336890608319815307e-02,1.079520148077516527e-02
7.032411047664300918e-01,-8.307318997781893977e-01
-2.469215744610511465e-01,2.464824270833232134e-01
-5.193999172438321793e-02,-8.901914433127002813e-01
6.902979381398112180e-01,5.386532756215123285e-01
-8.090362780370387030e-01,5.226950181228691150e-01
2.253254523381084395e-01,7.035014113541852021e-01
2.965227401701407695e-02,8.553899398085972328e-01
-1.190687751727873556e-01,7.750664468704196453e-02
4.511226458046377341e-01,-5.168580264952941095e-01
3.973327564449903870e-01,-1.553595034168879563e+00
1.092856271948023039e+00,2.885298328693832251e-03
3.902711611876515385e-01,6.050167216043308427e-01
2.403950333495248060e-01,6.859491600060398930e-01
-1.573667903487302178e-01,5.095059073010774764e-01
5.450103703777292585e-01,-6.687553447018860231e-01
-3.514077224371423003e-01,2.091689453665970463e-02
-3.944452002385636646e-01,2.427883522850277642e-01
1.330583978782728716e+00,8.349629130193599869e-01
7.155774352360440016e-01,9.370219469225463671e-01
-6.509450330831181297e-01,1.020581761994769687e+00
-1.851843163399329084e+00,1.557600963336908340e+00
5.136934091984226569e-01,-2.237853569334050441e+00
-2.813152043779735267e-01,-2.541687562548488044e-01
8.151424809628161627e-01,1.686542199270582021e-01
-1.339426627498048861e+00,4.127968475353076538e-01
2.642463176106383815e-01,6.865496157955801593e-01
-9.933510631086162057e-02,4.713365308395994768e-01
-7.037981725648787545e-01,1.229766816125650086e+00
-3.592271769844084667e-02,5.567748980252414936e-01
2.807276833397416294e-01,-3.552929717368628060e-01
7.181588688960701683e-01,8.100778458896439327e-01
4.919883452122386092e-01,1.149860790186496701e-01
2.332646120092628228e-01,6.543340395138566024e-01
-3.434210161158342545e-01,-2.630913898020827979e-01
1.124532951031328887e+00,-7.117799777249051996e-01
6.512163560722754319e-02,-6.122217817262989303e-01
1.118612539692622976e+00,2.556766183151494287e-01
-3.091263331114194601e-01,-8.543295099155052974e-02
8.739030289751346103e-01,8.000060645650504121e-01
-1.695126080669035140e+00,7.093366163895638010e-01
-3.905055820649115383e-01,2.516766364433865810e+00
6.690955486771139604e-01,-6.143809797289264685e-01
-1.628976418296636197e+00,3.669606894612600922e-01
-8.360357016372449435e-01,8.219826672900744091e-01
4.892556574192425956e-01,-1.193928840137463254e+00
-6.102550717236944200e-01,8.891671312226275825e-01
1.287580647437650549e+00,-4.921012197068779792e-01
3.920260250640181243e-01,3.108221862705352612e-01
8.569363427516549780e-01,8.636689311072047459e-02
-1.950091813323738155e+00,6.254050495349011696e-01
-1.180534075568707569e-01,3.859221366655673363e-02
2.575732918813836148e-01,6.006656376614026849e-01
2.259952696497606259e-02,1.845680286606326215e+00
-7.129721276904896765e-01,1.098539824205403193e+00
6.692111561440250433e-01,-2.545371436744316984e-01
2.824028131446501000e-01,-1.631146597156097056e-01
-3.670357206224695856e-01,3.995561471153857291e-01
6.643033894117107430e-01,-6.983727183096977154e-01
8.370597777142350093e-01,-8.166014013440414665e-02
-1.875217860118507940e-01,1.117476447098822850e-01
3.472309913133493908e-01,-4.547283964725141736e-01
5.086543328024552002e-01,1.028973260478043716e+00
5.265253440028012655e-01,-4.296744016726068427e-01
-5.339044897149052282e-01,-5.905324614436714414e-01
5.099038233820866184e-01,-3.917170277072202778e-01
-8.005386698907425158e-01,-1.522872824919130563e+00
3.156627557392991390e-01,-3.843303921701323733e-01
-1.526878699217999902e+00,-1.246816058969981489e+00
3.379227867759908039e-03,4.703744875891806565e-01
-6.797948383307351738e-01,2.298610177360024542e-01
-2.322676423686358127e-01,1.887577271877279583e-01
4.904282489709970716e-01,-1.284116648486035295e-01
-1.065245221089773375e-01,1.061222184109114730e+00
1.969980101944670769e+00,-1.623702054761759772e+00
8.476672281507159346e-01,1.160863610032619175e-01
9.747981527987426009e-02,2.364110432641926551e-01
-9.285090259840368676e-02,8.598182298681456004e-01
-2.344260217181927342e+00,3.137160550994957942e-02
3.576729756655952497e-01,8.560496308696279311e-01
4.666878884593210486e-02,3.823588609474788957e-01
-1.243250846117294195e-01,-5.850181039365300872e-01
1.086341971861189137e-01,-8.723442543806940730e-01
5.889020203046262808e-02,-5.614602604141101239e-01
-1.686292366698451950e-01,-4.124558442446016326e-01
-4.095968727695649680e-01,-5.127253832256120081e-01
-5.723836598744710402e-01,3.054155368304193874e-01
2.064329716280340066e-01,-1.638658382551496651e-01
-1.288842160909621892e+00,-1.067490632687760677e+00
2.954107737079628704e-01,8.818293904114683501e-01
3.357012762546595641e-01,-3.627163315958129575e-01
5.915842780825275593e-01,-4.193387667248382189e-01
-1.211751579574797288e+00,9.671149747730821700e-01
-4.788345878018606117e-01,1.720829880559777147e-01
3.244054276343582566e-01,-1.699696362716046072e-01
-1.360906619145678009e+00,-2.683367524466174214e-01
1.198026885051362983e-01,1.219829938505481159e+00
-3.147017018064147617e-03,7.103342097579543601e-01
-3.252354822472662832e-01,-2.381128926766722942e-01
2.299122760481811523e-01,-2.508277634006234602e-01
3.377834442508560742e-02,2.832309991239614910e-01
7.181658714663480270e-01,-4.212480716676388348e-01
-5.419494193080667266e-01,-9.309677160594240775e-01
2.756599525823903440e-01,-5.152731658634815970e-01
1.582357292366438628e+00,7.222884115911597513e-01
-3.460981593510040200e-01,4.981603866218943799e-01
3.608645840522537590e-02,7.803660848306323006e-01
4.591378894064766514e-01,7.284156537155125344e-01
2.927501541070650082e-01,7.839786493898688313e-01
1.369422440985141043e-01,7.842131141905859248e-01
-2.931914625722824019e-01,2.869185747115459706e-01
-3.928963835047347142e-01,2.566756779339194328e+00
8.221839360488315540e-01,-1.537044978618624935e-01
-8.566486445055204735e-01,-3.655916315461874566e-01
3.004733494152274642e-01,-8.070169359567053169e-01
2.205270774898298036e-01,-2.412255996639894179e-02
3.323870809531990766e-01,5.676106651967126604e-01
-1.877819865661038423e-01,7.911327874113723846e-01
1.036858370565845622e+00,-2.648061123590378374e-01
-1.604189289754978320e+00,3.917137124270767545e-01
4.115441374504441585e-01,-2.799993297671526937e-01
9.871607958894298984e-02,6.188205672111283251e-01
2.610485895941890289e-01,9.951125299802556778e-01
1.165281038978377565e-01,3.696358024743619519e-01
-1.949984604149094802e-01,8.103247409865931283e-01
-3.577807544107633464e-02,-3.265269661257014927e-02
-1.678485550688854355e-01,-6.148660303806281757e-02
-5.504737657073792700e-01,1.143658639412788031e-01
-2.710556645206087523e-01,1.038949528048281612e-01
7.178965265894596826e-01,-9.747837544103107321e-01
-9.281789373053895842e-01,-2.710480515638694632e-01
-1.334150856489067394e+00,-3.000295600084439476e-02
6.298023791057565379e-01,6.993231743536175438e-02
1.881034665319175972e-02,-5.617147726611546599e-01
2.273764979328991298e-01,-5.600753783776640793e-01
3.028046541652976709e-01,-1.071281809814255803e+00
-2.443615195221070513e-01,-8.811069435744578460e-01
-1.032280177069949123e-01,-1.299413207902028411e+00
-3.533200241666488162e-01,8.502558639598013501e-01
-6.103031731622683420e-01,2.140837816039850572e-01
-2.759617124195894999e-01,-6.259424773029266253e-01
1.546582897849369809e-01,-2.031803694724255149e-01
3.994079676270324564e-01,-2.202493314467139363e-01
-7.169608338710669049e-01,1.110957554488182009e+00
-7.417972738386749976e-01,-9.092278832940323130e-02
-5.057801774410400908e-01,-4.599098828315367204e-01
6.200893790151078971e-03,1.225364399155855821e+00
1.633640685340585486e-01,8.009472744631509489e-01
1.135560016621220969e-01,-7.286233075524816138e-01
-9.152451064059759223e-02,-3.555489445459217301e-01
-1.125949044480812455e+00,3.067509555634126972e-01
4.806769777000433064e-01,6.689955256946814033e-02
3.870071665693768370e-01,4.885915058505514996e-01
6.713024836540113505e-01,-9.724959684973839835e-02
9.063441935428413476e-01,1.058587294187724570e+00
7.242591353135761079e-01,2.294200558511858556e+00
3.126780543034761717e-01,4.828976213564762920e-01
8.898461370631782774e-01,-5.930901444420952906e-01
7.439870345091688097e-01,3.429552155558726612e-01
2.617977484806148780e-01,2.543885298730330646e-01
-6.722561625350753634e-02,1.119561419355606713e+00
9.299021153504348491e-02,-4.549770111905749870e-01
2.679802250254956775e-01,-1.139862375711350739e-01
-9.911271494293637518e-01,-8.697830200043601412e-01
-1.153396924130049683e+00,8.480256792804800048e-01
4.030953140598246276e-01,1.537776787381224253e+00
1.143386340795644190e-01,-6.610341255432282681e-01
-2.543077473816446332e-01,-5.054558035264828941e-01
-4.889872375917662661e-01,-9.541826797292022322e-01
-1.814984550641589145e+00,-4.545590031873081305e-01
-8.111630621031286070e-01,2.060424647000207998e-01
4.273503380098487292e-01,1.095625358176030684e+00
1.144686271609284045e+00,1.703805667712671723e-01
7.460751688389793967e-02,2.556023223249742626e-01
1.196399664713539424e-01,1.634135764251449574e+00
-1.849670575414416041e-01,7.068197440085157712e-01
-9.241242781426231012e-01,3.692552257483545097e-01
4.671037449023484056e-01,-6.816062831971956282e-01
7.792093465813092479e-01,-2.396916116242657491e-02
3.407762987455068004e-01,1.132139315219657272e+00
-7.854645877542514310e-01,3.839019547104729480e-01
6.178402863424602431e-01,9.107582290091947863e-01
-2.936492701348703549e-01,-1.252749078689578341e-02
-5.053988329132274027e-01,4.003776152419939449e-01
-1.127653975677950227e-01,-3.317500117220422151e-01
-3.089839851216916178e-01,-8.545989587681226407e-01
1.673044739628590794e-01,7.637551752934491622e-01
-1.020903146666686245e+00,-3.733244356270451481e-02
-2.644978990605865166e-01,-1.321980466683599031e+00
-1.747547193930559351e+00,-2.823915285825783772e-01
-3.271878729787427442e-01,1.004698842094907951e-01
-1.051897832182919101e+00,4.439244161132736566e-01
3.652850461253158709e-01,1.921577172948072842e+00
-1.274435714448890755e-01,1.161682442375947533e+00
-4.169794639515300161e-01,-3.266224883314913785e-01
-1.342566924546499500e-02,4.678605907056404001e-01
1.104181862351975463e+00,-7.458543848928119724e-01
-7.474986422656069163e-01,1.073884859806857189e-01
-1.357683496241264942e+00,-1.281841869157734903e+00
1.854450818998263806e+00,-1.190216511761511109e+00
-7.102719919057974840e-01,-1.063010422782864284e+00
2.172295182836391225e-01,-1.101391740944751563e+00
1.277397338124027226e-01,-1.123765329577494643e-01
-1.718709480865572514e+00,-1.117615113808366756e-01
4.167974579652572453e-01,-1.393337487693023513e-01
1.445971865078824914e+00,-1.412761650933303414e+00
-3.821172230194378600e-02,-2.415736133248508333e-01
3.466623688043686258e-01,-4.899427065651906221e-01
7.170370437980682077e-01,-2.180541304712884654e-01
-7.544199511386959767e-01,-1.747998088244592907e+00
6.882805162913588903e-01,6.110194186630190094e-01
-3.365635524058953054e-01,4.591159417737766812e-01
5.026371684322465949e-01,-2.962853359427679023e-01
-1.898598008006979476e-01,-2.878852217650834655e-01
9.311031060906552748e-01,3.300422711886372706e-01
-1.291945404866907898e+00,-1.010450839942154344e+00
8.615460815068789469e-01,1.156671533072848979e+00
-6.287211380566528618e-01,-1.895464204516928153e-01
1.188364856591240803e+00,7.862228574665245384e-01
-9.379930271002927533e-01,-4.837836119965810977e-01
-1.218460046105232175e+00,2.531986242983438329e-01
-4.176738203674218997e-01,-7.891448463796624235e-02
-6.474836376913961633e-01,-1.912988093911260901e-01
7.967968301281799226e-01,-1.790510030886687476e+00
5.157045653821479975e-02,4.485416409074905464e-01
1.054575183879594702e+00,6.662709795107872868e-01
6.681013770522137296e-01,-4.947965838639669101e-01
-1.089661292907701862e+00,-7.615584531205242813e-01
-8.042890931884549843e-02,-6.324405079128633256e-01
4.916144450958264689e-01,6.708295521301158582e-01
-1.147771279544839595e+00,-3.614894290176145497e-01
9.504109969872756025e-01,-3.967948225320646616e-01
-7.988153437947080604e-02,-1.931701899619014950e-01
1.169353172722505455e-02,-1.442035307426571267e-01
2.542902798213109161e-01,2.301588896724596905e-02
3.417875882012690048e-02,2.755400240271390494e-02
-1.152644485712142619e-01,4.714229805885081226e-01
-6.474146673366441007e-01,1.460758036480629407e+00
5.727834866237434541e-01,-1.339251606895290436e+00
-2.159744031509231721e-01,6.837207776323998010e-01
-5.546996796723032697e-01,-4.731914777609427247e-01
-6.791836631568921590e-01,-8.207411404090622087e-01
2.622812774184561380e-01,-5.595992831515975707e-01
-1.069887331872954456e-01,6.533345854790333362e-01
5.842353706386553824e-01,1.118597854277332937e+00
5.878869000036688330e-01,-4.416475378354561276e-01
1.452296348884750454e+00,-1.087159556478118905e+00
4.765692923777191670e-01,-1.223579863167799431e+00
-1.436053736526448965e+00,2.543634323966602051e-01
-9.830494858033267391e-02,3.502849475102071120e-01
-9.112559182003961145e-02,-5.794509101695002190e-02
-1.549548886467925768e-01,-1.412222504337781737e-01
5.942991263506988003e-02,2.259643776420114047e+00
-6.913704377569555026e-01,-1.020414325351602924e+00
5.599489897560179230e-01,-4.500225915522446975e-03
-7.416559744213109262e-01,1.481878249595000308e-01
1.788214564652218952e+00,-1.105751515972479782e+00
-2.468110613524292785e-01,5.307474922681592044e-01
4.242753702937666072e-01,5.370408981856094055e-01
4.241523681652989985e-01,5.349224289310924307e-01
-2.348189170914401769e-01,-1.321639830233641844e+00
-7.376098537220372453e-01,1.109858599690240144e+00
-3.644303164983623833e-01,-6.369881666262885433e-01
1.611773071314444916e+00,6.857495698567644959e-01
-1.787277162199488734e-01,-1.166157577566655640e-01
9.671706380744606868e-01,4.911608200582887052e-01
-7.946037752436528878e-01,6.521278091833581092e-01
1.436716147237027119e+00,-5.354622025349011771e-01
5.132854999389641071e-01,-6.535619180748206691e-01
2.118994961739666671e-01,4.582521512200541380e-01
3.250738873354058756e-01,3.941925236521160447e-01
4.637020350359561394e-01,1.408170726620320723e+00
-7.119289828237050921e-01,7.074735461258435665e-01
-5.506402112164813234e-01,-7.602544074452386447e-01
-4.681800973425858103e-01,7.944058720246959249e-01
-3.895176333460513840e-01,-4.848636496269600471e-01
4.836165062102320555e-01,5.786554616820581698e-01
6.495154109577960799e-01,-8.117854380556261962e-01
6.497533851062772259e-01,7.038903104813885037e-01
-5.724996596643694424e-02,-2.713439962126234506e-01
5.332301968672935599e-01,-7.374035544532365517e-03
-3.603675642486123265e-01,-1.118232220840452429e-02
-1.755361157074425693e-01,-7.104872433323101699e-01
1.003214618247706635e+00,-3.671477029785423229e-01
4.460095597226460540e-01,2.371156034786275624e-01
4.412306606077099347e-01,-1.242616244234306500e+00
5.702700733778393039e-01,1.407335418857730003e-01
-8.180523208405175994e-01,7.848192570324849515e-02
-6.710007274757125995e-01,3.559245460741132239e-01
6.031853974220695580e-01,3.917060752958353986e-01
1.830978811110715171e-02,-7.575779372579487525e-01
-8.163749138749469836e-01,1.620987638241465190e+00
1.469276550201892573e-01,7.351574158525294722e-01
-1.318756428619280441e-01,-3.073548387198867804e-01
-2.318803665886683407e-01,5.444210275471264016e-01
3.812506429244029715e-01,2.447266813883301750e-02
1.891837533012995232e-01,-4.733831187625281989e-01
1.048054835813059915e+00,-1.508917589952374572e+00
6.786981423025990612e-01,-5.876615839153437326e-02
5.418828449773833711e-01,5.774883448311728396e-01
1.052659067374983604e+00,-1.242316215740711050e+00
-9.407605748837030157e-01,-5.636398709567492782e-01
-2.852314592326917198e-01,-4.377812819291383439e-01
1.950054317573755858e-01,-3.054971111159416330e-01
2.150511080460800473e-01,6.937389113103446803e-02
-2.047553143936219899e-01,-7.749427347663769838e-01
-7.492665605923993187e-03,-1.495621981221480601e+00
-1.130346566981650369e+00,2.065481332263059411e+00
1.100992000657683878e+00,2.360182572294129699e-01
5.381159628805456396e-01,-6.267932119515068345e-03
4.079647558690372988e-01,-1.552566136304044608e+00
1.071219099243009010e-01,2.796962507278942436e-03
6.672851194964448673e-01,-4.817746145678512559e-01
3.336520420203544779e-01,2.744107104883566350e-01
-3.750881247151356401e-01,-4.048393964633786868e-01
4.282614088527229024e-01,7.074546854307347532e-01
1.507792688366010048e-01,5.784041718182444392e-01
-1.248696646624972845e-01,7.200530556729287657e-01
-4.452620102288361303e-02,7.330258891142851785e-02
-7.372986512174007911e-01,-3.904724255230596769e-02
1.448625963192724742e+00,1.765977593823224792e-02
1.077373160927660445e+00,1.056423363396143955e+00
-6.232138183346547233e-01,-3.476768463865179681e-01
2.049117858054299302e-01,-6.184324033017575273e-01
-4.900429688637073511e-01,-8.169817705543160058e-02
8.978494751578790511e-01,-2.117994930842907741e-01
3.138786521293542853e-01,1.120298285705874308e+00
2.053986317899902103e-01,-6.553642439627161975e-01
7.186184296480451206e-01,-2.150180846276873378e-02
-4.608595127540988656e-01,-2.135170344453669045e-01
3.844300895793356099e-01,2.832710461119369860e-01
-6.762643242984147651e-01,6.052047885709921360e-01
2.837454626859438611e-01,-2.808681864703703179e-01
9.134497697164217778e-01,5.123264685238555077e-02
-9.352531829450160261e-01,-2.470833898724537070e-01
-1.232084384229757967e+00,1.886993169631370648e+00
5.806619582979862804e-01,6.988916004657744763e-01
5.248176711132098715e-01,1.130245388716299537e+00
-4.537934220124865692e-01,6.341578165548341639e-01
1.840572578549163618e-01,6.070032198665924472e-01
6.792535056112727898e-02,-2.933689995814570128e-01
6.417427900666599072e-01,-2.461976792071375320e-01
5.851063995090627357e-01,4.867433951366960110e-01
7.444562562271480610e-01,-4.248465371751389830e-01
9.026709451964658459e-01,-4.171646819444245202e-01
-4.630309487713133443e-01,2.890190513595223276e-01
-2.763403248061354622e-01,-8.156928206738088827e-01
9.329013849280534121e-01,-1.206691764484189022e+00
-8.499492170487373821e-01,5.552415193721019770e-01
5.785821271047584258e-01,1.008680692340102381e+00
-1.580647396301940732e-01,-1.819300631769865673e+00
-9.548846856669261918e-01,3.884794207859557647e-01
1.236154921828465980e+00,6.213761984256349624e-01
4.709913149758783724e-01,-4.270552609002631894e-01
7.139711754164835833e-01,4.562625131977640636e-01
-4.894344957315083233e-02,9.728294782330838553e-01
-8.555196309192371062e-01,2.578526886284622233e-01
6.271371675914350075e-01,2.555271470232639563e-01
-2.590904331609813482e-01,4.407195413187655619e-01
7.603475653058008321e-01,-1.050692119702951954e+00
-9.271835094089071749e-02,7.287860070047641470e-01
7.104966043122217245e-01,1.632855939637796738e-01
8.291571375443725911e-01,1.758535944677964702e+00
-9.068242643950334969e-01,8.796065766300070754e-01
2.509997446124663800e-01,-4.965112673764989770e-01
-1.559584544361649172e+00,-3.861576240971726359e-01
-4.967774181254328569e-01,-6.278145908533488972e-01
-6.076430727250026892e-02,9.007268679537993039e-01
-3.748332042415420395e-01,3.229920864884319731e-01
-2.333146564735899542e-01,-4.028368614701910988e-01
1.646526760672765821e+00,4.294166785095088201e-01
6.952967221267444264e-01,-6.109324402263491827e-01
5.347572968920353276e-01,-9.032170561726790003e-01
-3.621032959342769253e-01,3.190148057721033936e-01
1.125289774248417363e+00,-8.020392009293089708e-02
-1.069270906593467130e+00,1.823971545071233935e+00
4.758788026249791137e-01,-3.725279012464745021e-01
6.514409062995638600e-01,-4.486335320114844816e-01
1.014568984114893269e+00,-1.449825901697794073e-01
-1.289841314536195771e+00,1.135611093895395163e+00
-7.174147116396965007e-01,1.257327888039376784e+00
-4.456668002492266689e-01,-1.481919196392200988e-01
1.637810708913797875e+00,-1.082519587306285835e+00
-5.762279305603140722e-01,3.193698297669805841e-01
-7.581792759854697472e-01,-2.684170040900431542e-01
4.912524704135737830e-01,-8.564366243237168108e-01
7.212167833656055738e-01,2.358912360645320505e-01
-5.060607612713792225e-01,9.664536785776779437e-01
3.264225052159953899e-02,3.739839450883706284e-01
-4.910166669254790173e-01,-1.149007122132045478e+00
-1.306557545524976494e+00,-8.566744612845490492e-01
1.662518820557112864e-02,-7.068077027648493882e-01
-1.062533922536050834e+00,-2.426167253563902282e-01
-2.368778043699581448e-01,1.285313648311889656e+00
7.976548673115316790e-01,-1.582729337065384545e+00
-5.687110337516555481e-01,-7.761609834855259793e-01
8.374716822398278193e-01,-1.356509693261587657e+00
-9.615378408870248750e-01,3.052804609395746160e-01
-5.564969992169657154e-01,7.157086122021613095e-01
6.486255895696202423e-01,-1.267404236588860922e+00
3.942342182213360302e-01,-8.400896415362155700e-01
2.428204574419057793e-01,3.384231435006781474e-01
7.664567090047512687e-01,1.338834300208804895e-01
-1.433604291020248445e+00,7.816835423757584334e-01
-6.820291748374775198e-02,-5.790745628941970091e-01
-2.446553280116264828e-02,-3.133596646860885987e-02
1.296217625276679497e+00,-6.020628643708875183e-01
6.029749924901572217e-02,1.249613225405776351e+00
-5.910898092496572609e-01,4.612133154958120151e-01
-1.330547775757867368e-01,3.085521427290272567e-01
1.032242311298751519e-01,1.746403072372934295e-01
-7.845975821801434158e-01,1.133095268157296553e+00
-9.148580170792480759e-01,-7.179086504093041832e-01
2.913113818270932631e-01,2.016783563040426275e-01
1.310505770438438189e+00,-3.077610531708194208e-01
4.342129178607778139e-01,1.133716006189465553e+00
4.373365537781667700e-01,2.092794945792589290e-01
3.874674490009869521e-01,-9.187331589651150932e-01
-9.771626149879298895e-01,-6.137809128056931351e-01
-6.568351108007709493e-01,-6.986950749576664732e-02
-3.631914365817616730e-01,8.831840213206733070e-01
-2.240745378515904274e-02,3.771984654903454692e-01
3.141341072656469446e-01,4.629994775676066765e-01
1.091049022208241182e+00,4.423444306213592525e-01
-5.892041052231693221e-02,1.585104509559569497e-01
9.043927569064961203e-01,2.548551021759130619e-01
5.684279994586844964e-01,-8.742826233781393341e-01
8.094355402960561330e-01,1.547630869532461650e+00
-4.712223651035101629e-02,7.903079799840693198e-01
-1.016038206923334554e-02,-1.823821274039032214e-01
4.097166612101508232e-01,-1.735347281322904833e-01
-1.991959963424767832e-01,8.028839657234981830e-01
-1.469862813462152473e-01,-1.033620962578267743e+00
-5.096010092489875465e-01,-5.361625851748035299e-01
-1.025222042051892934e+00,-2.893751596820722249e-01
4.051147574859360057e-01,9.045513746208208028e-01
-2.800672073029231712e-01,6.248274575397925190e-01
-1.540222316089836785e-01,4.316403571839144693e-01
1.573955037817937469e-02,-6.062405592330871729e-01
-5.834323446128222290e-01,-1.145531820470523821e+00
-5.286646495010114410e-01,-5.141599933958369562e-01
-1.095003416831141330e+00,2.680500844077700062e-01
-1.893726027173085191e-01,-8.991325549732774869e-01
7.019559240253278043e-01,2.258628077039603610e-01
-3.215206940443571804e-01,-1.508161815948862727e-01
5.902856516102620299e-01,-1.106446050953520110e+00
4.564888464151980463e-01,-9.005479731048915415e-01
1.253582927874848041e+00,9.160776480226775487e-01
5.547497754103276613e-01,7.497410867746222563e-01
-7.307829669615409363e-02,3.357851861753040068e-01
-5.184312574176439536e-01,1.648136085396062045e+00
3.404273056391897700e-01,3.972682412899824524e-03
-6.262312720263466526e-01,-6.512191628071088978e-01
1.288850997860253367e+00,1.285204680770517527e+00
-1.033380974882894821e+00,1.444849233035072400e+00
-4.507845443646703032e-01,-2.751610063314670618e-01
-2.834565370344289681e-01,-4.075335480578943792e-01
8.160309077222835938e-01,-4.334119285820596523e-02
-3.473586566285047916e-01,6.321443748926725004e-01
-8.411134956042755073e-01,1.481130986672850036e-01
-7.790357873420458157e-01,-2.208670363222161592e-01
-7.473700666248379865e-02,1.844976814783596542e+00
6.442184458616528886e-01,2.451053937396923121e-01
1.062076004756923542e+00,-3.294124626619884255e-01
4.504491787138273362e-01,-7.267393392100979232e-01
5.070716571102876769e-01,2.025667824151205776e-01
8.904135351809862042e-01,-2.050609926241719616e-01
-2.228897604289239998e-01,6.732359742531028868e-01
4.358364679734936797e-01,8.488090294030359306e-01
-1.042719651031283723e+00,-2.562719505519905350e-01
3.749132523504449255e-01,1.903539038606661404e-01
-1.206026477000101904e+00,-6.079635593827925621e-01
-6.622565365810786364e-01,9.496199147532450313e-01
-6.985992660778455043e-01,-4.793572028847035704e-01
-5.878671482415858129e-01,3.129984329734177284e-01
-5.350904529346195426e-01,-1.758929864340778249e+00
1.237084534555078497e+00,-9.972832395969634389e-02
-2.653750956445654063e-01,-8.387772530842343421e-01
6.445128533099120892e-03,1.436689260019060832e+00
-9.657151067423128121e-02,-2.820244700026446338e-01
4.549004863512314673e-02,-5.120894420162807048e-01
-1.264246985227385767e-01,-1.472092813906253628e-01
-1.156434397663888891e+00,5.822076035843843922e-01
9.664087227321697948e-02,-6.612505382163077483e-01
3.274647962433833714e-01,-1.733645203440521421e+00
-1.725240865739673390e-01,-6.228160348096690724e-01
2.804676089864276967e-01,2.388667166833724764e-01
6.421788268444060810e-01,9.130066278881565633e-01
5.933030719871039693e-01,-4.459406921675106994e-01
-1.342520534388759401e+00,-1.181038911031625366e-01
-7.028228811014787525e-03,-6.353496564577668648e-01
-2.512547876783037260e-01,-8.529949820122959547e-01
7.840488701575232255e-01,-7.169092251347181088e-01
-1.379578361140422871e+00,-5.774351992270472245e-01
9.359383670815754064e-01,-5.004039889205857961e-01
-4.204257064587658133e-01,-6.470038836039215813e-01
-3.655068422815101886e-02,-9.776837549534707072e-01
6.695103937837376673e-02,2.539703013698940692e-01
-8.440371532287027634e-01,-7.884350541575330107e-01
-1.376214587963737745e-01,1.177348542531987174e+00
1.487582316457137122e+00,9.026860308913091657e-01
-1.342129347760587406e-02,3.690747075350295225e-01
-6.139771122115563751e-01,7.564691050494207203e-02
-2.330339663552989826e+00,-8.512416995739984227e-01
-9.868262094566537801e-03,1.995531873326884753e+00
1.096137215012120969e-01,7.170312069363629082e-01
-5.646896435887084342e-01,-1.758564751428825512e-01
-1.548802856081477608e-01,4.993861800230896958e-02
-3.699867996328275177e-02,4.379254862829528583e-01
-5.371848627573032608e-01,-7.836699356531047211e-01
-2.366630145347805789e-02,-1.364640164621274410e-01
-1.770457999499103208e+00,1.013213669327777788e+00
-9.430369041222022020e-01,1.415011588428353617e+00
-6.312338676397888371e-01,4.218256895407316298e-01
-1.636370373153537006e-01,5.356652929853664702e-01
-1.045494533225568734e+00,9.062755420358389324e-01
1.510908852075022013e+00,-1.669451098039109044e-02
-3.954847814702692199e-01,-3.959849124362312955e-01
-7.807560278798802988e-01,6.602619921347685494e-01
-6.567145484938227140e-01,-6.545217132451555120e-01
1.559631588961039594e-01,-1.802863563702982730e-01
9.656902046694572084e-01,-2.494251414960870217e-01
1.621584076503892691e+00,-1.355874955662341730e+00
-3.177067275777775701e-01,7.481142868042606198e-01
5.243586196242199238e-01,-2.019235840472209942e-01
2.265654079074899407e-01,-2.469189365531489766e-01
1.416169952986692460e+00,2.434377087906872406e-01
4.560514815990197590e-01,-6.655685186967517097e-01
2.365290355073735584e-01,-1.082494707093547781e+00
-7.379323003358391475e-02,-1.025872534757407362e+00
-1.537446724661832187e+00,-6.186607440353592002e-01
1.902278186763760370e+00,-9.523852650945788811e-01
-8.636952514414159010e-02,-1.435921658131205092e+00
1.260025670494246686e-01,3.893619702373685154e-01
8.280986477935149415e-01,1.112018654452344713e+00
-1.069863420810675869e+00,2.650321172672922554e-01
-1.417617781967374542e-02,2.197690593814478621e-01
1.816054020913433042e+00,-2.465957378034049352e-01
4.812960972416754357e-01,-8.700777953642369056e-01
6.264263275736059455e-01,7.598192725953548665e-01
-2.186184155390452910e-01,-8.465750009456632710e-03
-3.081808260703507441e-01,-8.791197337357087305e-01
-1.475772224501546992e+00,2.096799373874452532e-01
-3.752361619568051476e-01,4.397320380127400785e-01
9.863632184024141436e-01,1.081426933218507580e+00
-9.995085956992179332e-02,7.751047749560049382e-01
1.472628098634812255e-01,2.088292458663835727e-01
-1.056191000609529584e-01,-8.005190301244186069e-01
1.695839318922654382e+00,-9.766454786249792464e-02
1.002941148711532747e-02,1.599655308104638296e-01
5.402391618390763872e-01,9.069970086546113031e-01
4.308206191848153455e-01,-3.705286810155182242e-01
2.643129347669403439e-01,-2.267198319141486562e-01
-4.114361509991038002e-01,6.373201338022276008e-02
-1.626533488127918314e+00,1.980887167171175023e-01
5.125499384137149894e-01,-4.642291325579805394e-01
-4.914135490817161250e-02,-4.015692765053341384e-01
-1.325036066453339281e-02,1.394481399720545856e+00
9.859584925166118285e-01,-4.499712673291269005e-01
-1.454688348237111739e-01,-4.185897692834606998e-01
4.950823439504926093e-01,1.319439828072068499e+00
6.576428048029729911e-01,-1.593398952613827302e-01
6.950691572699253806e-02,2.436457575244400653e-01
1.092772053689122114e+00,1.616619761590133431e-01
2.478525366629299453e-01,6.759705639956203882e-01
-5.751704281047931300e-01,-4.531441605335649880e-01
9.583428392158795939e-01,1.829863860845757639e-01
-5.094004414103685541e-01,-1.422839853920973008e+00
8.261044348917887525e-01,-1.777194041315829143e+00
-2.142105712465566247e-01,4.061787503495146723e-01
-9.991735566077629693e-01,6.303365464846661936e-01
2.151699632483227431e-01,-4.666641195563849820e-01
-5.635207180404543381e-01,-4.776156441790888607e-01
3.362746055246908505e-01,-6.445846166429077817e-01
-3.264573697401303987e-01,8.858867358189004282e-01
1.907479678769278486e+00,5.335209069881792221e-01
-4.607986601703465412e-01,-1.604507102875571745e+00
-3.334469576703300020e-01,7.740864582208881739e-01
-8.200860819616707653e-01,2.799314238639381558e-01
9.763436428791235633e-01,-4.086775272007976967e-01
-8.953402664864914540e-01,-1.951790216935584896e-02
5.074606539428561103e-01,4.476107703944325888e-01
-1.446623639449839960e-01,1.367511505610937261e+00
-8.298294509762496052e-01,-2.550518940903180320e-01
-9.274347037476315947e-01,-3.465776605187033677e-01
4.245980638932265738e-01,-1.040207338811635074e+00
2.846746190905148355e-01,3.127268305538410398e-01
-1.095587295811460526e+00,-6.833372715209330428e-01
-1.080570087888228059e+00,-1.118684021261247441e+00
-6.112958793266624891e-02,-1.119767883303701278e-01
3.506247929399177732e-01,8.229081147908807736e-01
6.426987777231846222e-02,-1.135361276459981195e+00
-2.287273603716132378e-02,3.621045051092062761e-01
1.426529430582776037e+00,-8.705893783552491882e-01
-1.285042789136707220e-01,-3.703187593649401310e-01
-3.804041895897405934e-01,1.300407369618822584e-01
1.024847212058154211e+00,4.545698534416230951e-01
-8.437778068821840671e-01,-7.043522897923718551e-01
-9.383320948534026873e-02,-2.813049357594740729e-01
-8.104421328005271263e-01,1.770702844843733970e-01
-5.161743822539135440e-01,-2.084285659802270763e-02
-1.073494613737256687e-01,3.786766775402189422e-01
-6.199275670416600770e-01,-2.512278126826925639e-01
1.792485915662720419e-01,8.066287964999740989e-01
-1.508705482609356219e+00,-3.465854652222155607e-01
-5.103436822247516824e-01,-3.880659514645357078e-01
9.513534307942865809e-01,8.443234737882053809e-01
2.933399935622312826e-01,1.187098901895880410e+00
-1.086766783865436459e+00,7.521643457982317704e-01
-1.644855946582954864e-01,-2.964457434643722258e-02
-1.841863154229482213e-01,-1.276265160426651724e+00
-6.626739123707152679e-01,-6.389183219958074478e-01
9.477622079322560733e-01,-9.915932543842063129e-01
8.316839002938513081e-01,-1.348109306934957896e+00
5.348882264428004296e-01,7.088971181412574429e-01
-1.819495482282303955e-01,-1.243571809558815300e+00
5.586788218265682504e-01,5.472148830391153629e-01
2.296944905580439733e-01,6.245111990744580677e-01
-1.058942403452512865e-01,-8.222562018227412839e-01
-2.397960715296838519e-01,-7.632630904865324029e-01
-2.812923544868173864e-01,-5.918491668505989622e-01
8.323561906342329397e-01,-1.615520575496945055e+00
-5.001855949967052295e-01,4.166759308457431560e-02
-6.717778235300583267e-01,-6.841552754081823284e-01
-1.745282249568943025e-02,4.387793229265273265e-01
1.192617465125470240e-02,1.164906007429347273e-01
-2.509183145801164305e-01,4.866250211530440684e-01
1.110876088569467679e-01,1.097151327045905012e+00
-1.109823452023700252e+00,-8.993373284180798954e-01
1.629025772172491004e+00,-1.163067556328225338e+00
-4.235012711127028595e-01,-9.480262819700438492e-02
-1.152383451407726911e+00,2.777164248755650267e-01
4.456966636639900781e-01,1.489330886669282927e+00
-3.879752013939515853e-01,-4.294715763145821597e-01
-4.908990382434177957e-02,-3.617318188239929677e-01
-2.872961231632071843e-01,2.601415196205298375e-01
-1.012296756200705028e+00,-4.457321730230958678e-01
-7.141526669485199763e-01,1.165186303692892222e+00
2.532253275484106503e+00,8.292513995165980978e-01
5.514861221522493473e-01,1.209545730253022366e+00
-6.696920619360332561e-01,-1.205732746056678018e+00
-4.754502023844803943e-02,-9.500237963972943955e-01
7.891291889764137091e-01,8.025935260999412790e-01
-4.659745692727947086e-02,7.484703501230044465e-01
-9.553338787280983846e-01,-3.932500759097354859e-01
-2.492326452394417191e-01,6.731610340455256303e-01
-6.832940118171615396e-02,1.597307065718109320e-01
-1.340875653803424550e+00,-2.064710568272146718e-01
5.274094972903797113e-02,2.704708555088254363e-01
-1.103267853555238709e-01,4.980578991242399188e-03
5.628113997605710406e-01,4.386207302684609344e-01
-1.784815624869407202e-01,-1.434697816875259990e+00
1.490354702177410617e+00,-9.325684370884027574e-01
8.310271309142324148e-01,-1.428809778836370947e+00
9.520821726717128008e-01,2.931137642224236339e-01
6.131032696553201378e-01,-5.553998466690232561e-02
-3.237682242860546178e-01,9.146124306758176559e-01
2.092792610183068502e-01,1.315790315325600313e+00
-1.269490264257282230e-01,7.431868487695890702e-01
6.805305198404877354e-01,-7.172537038692204936e-01
-3.414060311201879555e-02,-3.243013885326515022e-01
1.674989608298138033e-01,1.079173901613833308e+00
6.938406337299133364e-01,-7.462658995129274331e-01
-5.664273054447958033e-01,-4.534101356688308160e-02
1.057985248145189239e+00,7.562873851206431963e-01
-9.086584618975342142e-02,4.254577398216655704e-01
-1.385309245046095206e-01,-1.266446034258066788e+00
6.269356920603871286e-01,-9.214107451852239228e-01
-7.902450106155194387e-01,-8.781176858014071440e-01
2.570239352581189518e-01,7.763439919470204176e-01
-1.735127436796246592e-01,6.088016888713808639e-01
5.069088645400693371e-01,-3.414179174171725895e-01
-7.466650407787525090e-01,-1.239275520987826340e+00
-7.128468861707045745e-01,-9.448339634912354956e-01
-3.625715391845057978e-01,-1.888085729788545053e-01
-8.829584372904107914e-01,-1.317482735873007071e-01
7.445337795983553164e-01,1.087728957504187965e+00
2.064006061671817271e-01,6.525958253372025064e-01
7.269054145445925652e-01,-2.972485782483312855e-01
3.370684180255605900e-01,1.590085760671048787e+00
-2.992164224359543656e-01,-2.151557885983579332e+00
-1.147414990379398425e+00,-9.917313773526827969e-01
-1.893071367630068669e-01,5.906175348457054497e-01
-2.561608222272926949e-01,7.542087090612658029e-01
-6.755541216941266525e-01,1.168260205891304970e+00
3.342443824929416940e-01,-3.123101952827913586e+00
-3.406518776549473659e-01,-3.739653763918609486e-01
2.966797491342939574e-01,-3.438843559965659713e-01
1.212534060673669201e+00,-5.290007972803741423e-03
-2.294457930188353312e-01,-4.212876467533983871e-02
-2.453447508398624577e-01,-1.613854186158756088e+00
-9.033376595033983936e-01,-1.117854642584939773e-01
-5.855114649949975103e-01,4.614952239076777069e-02
-1.435721146634520107e+00,7.021905907451055917e-01
6.422365929577402710e-01,-1.181213973331145528e+00
2.088720231971208929e-01,-5.057883191604454209e-01
-6.849390368630750570e-02,-9.427116745306739209e-02
1.483070779970273145e+00,1.513151858199567990e+00
-9.036704346878310368e-01,5.505534052836421610e-01
2.383044694305834765e-01,-6.941496885076281487e-01
-5.002283501438076208e-01,-1.081483623923220394e+00
1.156622686010806561e-01,-1.032925370540323184e+00
-3.709679318425485595e-01,7.080570791547083909e-01
1.188354342325702168e-01,-3.100187517383861113e-01
-8.049850703992695866e-01,-4.585698285129405916e-01
-6.807553294532446841e-01,1.559180818219203235e-01
7.591004881409669780e-01,1.506768435627752423e+00
2.035107872693335818e-01,6.403562558378179670e-01
1.120706593875281820e+00,1.822181983733885069e+00
-1.015474815182015600e-01,-1.265155651013021076e+00
-4.301550988209150717e-01,-8.977141183717118889e-01
7.310190056730697661e-02,1.019866080446052869e+00
-8.741778261716975917e-02,4.842493588805050764e-01
-5.080436127054447359e-01,-1.073262521492360122e+00
9.081172760542139955e-01,1.925312397678176302e+00
-7.582180947820782446e-01,-4.806785945269154703e-01
-2.747630449056463475e-01,-4.204432169353793936e-01
-3.212742691665302908e-01,6.839296530940499608e-01
1.038709918285809913e-01,-7.330410027023637198e-01
6.432733339453277077e-01,-6.771615239632899907e-01
9.539599990877225058e-03,4.578703608759965293e-01
1.606134767385261508e+00,-6.624535356729879254e-01
-1.435484155405577222e-01,-8.911973783602374910e-01
1.967038423974253880e-01,1.195737236376768209e+00
-6.158015967103475097e-01,-4.397503506253460509e-02
4.207420788731460748e-01,9.597439021784760493e-01
-6.499489087740412119e-01,-9.493859014535523944e-01
-1.610884970161822638e+00,-9.049344832997627819e-01
8.048065265375431432e-01,1.808947392305708668e-01
9.016238887478049691e-01,-1.331942614704144878e+00
-8.193135663969076665e-01,-8.233902125452199350e-01
7.641583730458554324e-01,6.311473611794369276e-01
-1.177736101950343617e+00,-2.663298504380641751e-01
-6.731860475763549179e-01,-7.769923573558500107e-02
6.593893311308399174e-02,2.534045390967403222e-01
-6.145082802991845561e-02,-1.506546418594401970e+00
5.847648000521538103e-01,2.393082732799846901e-01
2.169070143734790901e-01,-7.741906942896109589e-01
-8.050235125858257179e-01,8.933813728119915920e-01
2.280516061186292021e+00,-1.242611898720956898e+00
4.090612315173217106e-01,8.741553708177224324e-01
2.244967289683805767e-01,7.551150567658051482e-01
-9.377200425031180231e-01,2.697150690241705284e-01
-6.489714075380013936e-02,4.742590052641426634e-01
-8.820207728148690696e-02,-4.940947174193925373e-01
2.768454636606214603e-01,-6.317478694400792127e-01
1.066131593022339730e-01,-3.191278678147698167e-01
4.350889223425941088e-01,1.375736949498451933e+00
-5.577085102691827639e-02,-4.951735654506572715e-01
-6.275341884982698071e-01,-6.721831528017770951e-01
6.574976034055589613e-01,-9.632017212641691417e-01
-3.233136852391453320e-01,1.100410484878122208e+00
-2.856273646561976465e-01,-2.101126022359296186e-01
-5.656053425760529940e-01,9.323194033127556457e-01
1.089830332036153759e+00,4.169940900841721532e-01
2.363942600020774720e-01,-3.942704206110192455e-01
5.268965744387467121e-01,9.566757985558717314e-02
-1.333743177310401096e-01,-9.251029635384956373e-01
-1.626346972476097497e+00,3.489996298028341659e-01
-1.203471034956837549e-01,5.832970723998760487e-01
4.855790000915726767e-01,-2.122305518849256223e-01
2.127219873806195094e-01,8.198365558926973273e-01
-1.077824223599932241e+00,-5.869352105861490407e-05
2.556510458169720112e-01,4.795938631940480645e-01
-3.767606455573401236e-01,-1.051722535468341491e+00
1.119529126250317155e-02,1.401832566574019168e-01
1.730882628788475430e-01,2.029425216393639930e-01
2.053020097483293227e-01,9.166236787026387223e-01
1.390430554910404570e+00,-1.215093537830180370e+00
3.125162705456326351e-01,8.120951926341958282e-01
-9.586189673962017821e-01,4.734869035764588951e-01
4.200527559704036462e-01,-9.806144144392008044e-02
-2.600933807260794595e-01,4.388028877972340314e-01
2.250611387058251422e-01,-7.428829835862343911e-01
4.748240306158499346e-01,5.043648602868021635e-01
-5.223582651122241627e-01,-9.117889387173289117e-01
-1.387853586241143133e-01,-2.108351757188139664e-01
5.326813635181505413e-01,-1.336071707272284304e+00
-8.321769930868341825e-02,-1.159845761273558651e+00
-2.724082072927258014e-01,-4.499579508079848411e-01
-4.323832732024875947e-01,4.177581733337862313e-01
2.532733440650232135e-02,-1.030817498106418872e+00
-5.409599418071222576e-01,1.185996720142687005e-01
-1.599458800306710615e-01,1.211301804702268115e+00
1.777112189708509871e-01,7.108767784265863643e-01
-3.609314191174975983e-01,-1.080808149870621460e+00
1.360204874022062693e+00,9.821599234335001150e-01
-8.277720842070176444e-01,-8.164998239071590280e-01
6.359931777009201204e-01,-7.920902704638319580e-01
-1.368305663977847031e+00,-1.199073827990212893e+00
7.474677883014078095e-01,-1.572295113202492711e+00
-1.164622781419455633e+00,-9.519706450519235252e-01
-4.819767775400621290e-02,-4.973493085763951993e-01
-6.029224862898306947e-01,3.571616340296858150e-01
-1.600003968711074309e+00,-1.268516493124032252e-01
2.721372697833171483e-01,9.812065585199603035e-01
8.732712232293363686e-01,-1.160751962724937858e+00
5.256723028391645514e-01,5.658840174887141278e-02
-1.478487643264599916e+00,1.693186593474862722e-01
4.952624147025160295e-01,-1.285201282956873525e+00
-4.023608392297155500e-01,1.489974040486420126e+00
8.600588637749104759e-01,-4.301221345951306008e-01
8.651102752930398543e-01,-7.424253440870942633e-02
1.410769936705071892e+00,-3.407336489196043372e-01
-6.970151543691377460e-01,-1.674812882873202013e-01
3.689114150121120539e-01,-4.338558161437218730e-01
4.997754313602461584e-01,2.969221385590646300e-01
-5.005393099942287982e-01,3.848777934206112361e-01
-5.696837804115769677e-01,2.157867310920652190e-02
-7.181820195685165720e-01,1.060733073748376665e+00
2.007126178008395989e-01,5.903988241715542040e-01
-1.365471311649918640e+00,-6.532409102339333806e-01
-5.558452312531397127e-02,4.881288950932111681e-01
-1.061132853305168933e+00,-1.750807697807249541e+00
4.515938369855128087e-01,-7.124093431576253299e-02
2.819380711541616957e-01,-5.251041278244122923e-01
1.413054959696706581e+00,1.219794780584677163e+00
1.737820419070449374e+00,-8.980038616438723587e-01
2.092414090955849737e-01,2.189299095757463842e+00
-4.576948284725967930e-01,1.717292252382600914e-01
-9.945972644234107873e-03,1.419088554050996487e-01
1.209500935957105616e+00,-3.519253176493288282e-01
-3.453091985146752307e-01,-4.956375606424493485e-01
-3.566371729612777819e-01,-7.377309165949019754e-01
-2.341498017610742222e-01,1.990353686250289633e-01
-1.075189452836500914e+00,3.391311122546643020e-01
-1.445834831032741241e-01,-5.703665789991323454e-01
-1.039147470585746191e+00,2.447866483563671258e-01
4.554234964728675616e-01,-1.731270608693806778e-01
-9.739826347498481418e-01,5.347226621625770226e-01
-4.778730096599959065e-01,-6.828756121048324967e-01
-1.517745176839498278e+00,4.343411964998427632e-01
5.880065742554748676e-01,-3.697720458710915259e-01
-5.439525114842258535e-01,4.345315820215585600e-01
-1.379445759671919847e+00,7.053963965014865833e-02
1.235084682345505419e-01,-8.315237683615599174e-02
5.736082724101736474e-01,-3.658333069085537570e-01
-7.420051517741660385e-01,5.411042010901806476e-01
-1.150715957064609718e+00,-5.222610411686230414e-01
1.067783689373126010e-01,9.765033898442806448e-01
-3.905965338419061239e-01,8.934980155415085668e-02
1.122449091805881372e+00,9.924878611573454412e-01
-2.571509811201388995e-02,-7.088776788275014118e-02
1.118402656917536486e+00,2.694516631200964962e-01
-3.537191066179944943e-01,-4.260040385793714690e-01
-4.365849390300187149e-01,1.852231502994198808e-01
-8.446165025748570976e-01,2.971091458549608433e-01
-7.904071242626802274e-01,4.003621001249109690e-01
2.003580337077167428e+00,2.994761642110516098e-01
-5.294212402774783888e-01,6.040469884724521954e-01
2.734216001107399596e-01,3.549607418073869036e-02
-6.178972474306025919e-01,-4.212123441559587622e-01
-4.509196658492764520e-01,4.150271460664224921e-01
-1.898239103146202256e+00,-5.496520392917340070e-01
-3.801660756693446830e-01,2.142518960951390605e-01
-8.966212438710954857e-02,7.515860610111682822e-04
3.054189658911000103e-03,-1.631042817933018974e+00
-2.952071727545315660e-01,4.324686400860828783e-01
4.817737023679611874e-01,-6.897241044288563439e-01
-1.505620570887697074e+00,5.114442259525476819e-01
1.846094798214558796e+00,-4.198284486107936586e-01
4.449407167022599585e-02,8.112153704219446926e-01
9.075556687259298538e-01,8.194077715644546567e-01
2.506363069551775791e-01,-9.261575252201539876e-02
7.970739467151292112e-01,7.025770504039022812e-01
-3.421963003026490951e-02,1.347189265389034107e-01
7.588718431761265482e-02,-7.325067350672751498e-01
2.749472991341148087e-01,1.180731639142116762e+00
-1.700338429330350010e-01,-1.641211290275904622e+00
1.591025469144548454e+00,-2.375424462338578679e-01
-1.583646032629874856e-01,-5.605714111148014656e-01
-2.315045641875153326e-01,-1.025531671242060794e+00
-1.296972603720406014e-01,-5.284926500334998778e-01
1.571297508366367723e-01,2.690394110017469420e-01
-1.435329422714640479e+00,7.290624638512116507e-01
-1.984055647559760827e+00,-6.500067616136316895e-01
8.649263827859885456e-01,-7.663742796698468362e-01
2.782421089922921253e-01,-8.920986021527227416e-01
1.137622808735893054e+00,-3.419590609630616118e-01
7.506505853802915018e-01,-1.748952765608424442e-01
7.481254454825312372e-01,-3.258663063597305731e-01
1.480824411205738045e+00,-5.428131037604760900e-01
1.496653791325626370e+00,-1.463482474143389667e-01
-6.559879622704868352e-01,3.856540409244715861e-01
1.528890850673335355e-01,-5.611204870991547411e-01
3.757267909871100930e-01,-1.417368085455751048e-01
-1.046253957577123056e-01,-7.137295342131366738e-01
-2.336111669211322905e-01,7.664695497443096972e-01
-9.590276363895979816e-01,-1.652191724688012453e-01
1.017973746290776749e+00,2.538233907940349310e-01
-5.145492681043644101e-01,-1.011646209663835227e+00
-8.606185980446352801e-02,7.643393337660884246e-01
-4.936349764492803383e-01,-1.761338810200256677e-02
1.907044190698922170e-01,-5.650104980622182582e-01
-3.109841027044131234e-01,-2.400570547626128259e-02
-1.366770515028915278e-01,-8.683258132063605972e-01
5.297262528041445373e-01,2.090848521569744212e-01
7.086579895792835537e-02,4.018836774978609000e-02
-1.732172005311969798e+00,-2.933255564118394942e-02
-1.067852857962046098e+00,1.002378090836595126e+00
-1.383642731426492967e+00,-3.911486765730698978e-01
8.012605080617761499e-02,-2.166113230433601711e-01
-2.428875038919373341e-01,-1.109966307335336078e-01
-1.981608914889591844e-02,-7.142675035171315301e-01
1.915739563788998734e-01,-2.765217782532100044e-01
9.499076307896691107e-01,-5.450538050951249103e-01
7.002746814834249767e-01,3.850921436147037302e-01
-2.646426034957840342e-03,-1.111936966852628217e+00
2.934810218784533395e-02,-6.534654678242060033e-01
-3.255628609089444847e-01,-2.249086447149884760e-01
-5.817025832214791636e-01,-9.318526713087706970e-01
3.457270286718601704e-01,8.822980763910608371e-01
-1.494807270585709835e+00,1.306832572267914439e-02
-6.837833883805685131e-01,6.962212268706408080e-02
1.086097100220874273e-01,-6.725250673380339661e-01
-6.444848472515835036e-01,8.252553978871295381e-01
-1.288030246346349106e+00,-1.398256465066124721e-01
-8.365592499568957896e-01,-4.138715847528648961e-01
2.164875442578364506e+00,4.916365380388005302e-01
-8.932983109777017372e-01,-7.182720089673214625e-01
-1.820879886529368774e-01,-6.142292287177236743e-01
8.927378467541272622e-01,-9.676816070661368174e-01
5.052165034934830157e-01,-1.454521977580070624e+00
5.412893393903375205e-01,-7.288593069680314729e-01
4.559798553744779936e-01,4.820342900709440742e-02
-1.286020632569905564e-01,9.433937885049308303e-01
-7.225378257012267103e-01,2.274600470778786576e+00
1.434168173947977520e-01,-9.720636856345069021e-02
-3.833085269140048545e-01,-8.816918359427078355e-02
-1.179154552291706626e+00,1.174306240331164153e+00
7.999387244604427849e-01,3.550324668423629482e-01
-1.592679265415635204e-01,8.352198989445677180e-01
9.810601322044889550e-01,2.192190908427853191e-01
5.186061670745896190e-01,-3.461861074464902543e-01
-7.025660521833606564e-01,-1.671905489132283207e-01
4.529338679401240797e-01,4.799281970293262783e-02
4.288886579062631266e-01,3.168564711716397864e-01
-2.930964728884144499e-01,-8.492854135543557170e-01
-9.786708315581577056e-01,4.502362853064893478e-01
-7.903199033733163681e-01,5.307033927629608572e-01
2.058220527447145898e+00,1.319373674691047382e+00
5.647883800990577408e-01,1.035579058757225779e+00
9.245432822929172678e-01,1.132371588671415630e+00
-1.108714355626892800e+00,-5.628685137117416248e-01
2.047959770128915391e-01,-1.085778628537224177e+00
2.820809094845002085e-01,3.099047129080159668e-01
6.560721630094731305e-01,-1.426906713363970125e+00
-1.500912211871331670e-01,-7.448457459602001451e-01
3.648884086465455923e-01,1.105644113919955984e+00
2.427444645436880877e-01,1.347463697718945586e+00
6.389787431207075707e-01,1.352204752832331380e-01
1.071807493245915399e+00,5.130076592035646144e-01
1.300431310619281522e+00,-2.486847617682362913e-02
-4.985751215701510197e-02,5.871912028230201475e-02
5.405333331067655456e-01,-5.517099500607623996e-01
-2.036440365144303599e-01,9.243473841672495972e-01
2.073437283802651021e-01,-1.056873861596729913e+00
-9.137206218118933132e-02,-4.804564022701250936e-01
9.167698979033070406e-02,7.148419938100722404e-02
8.542348924711665736e-01,-1.226009320850484779e-01
1.055585988734535352e+00,1.945429101265921390e-01
4.376605871625379729e-01,-1.614753358488642876e+00
1.689683474538317798e+00,-1.121330265311803798e+00
7.807247461863262017e-02,-9.190990325906079894e-01
6.879402097694919949e-01,-6.688705290963428141e-01
-5.983344962518314519e-02,6.452385239961170305e-01
6.622684866597660092e-01,1.203851727459718468e+00
8.293713944205663990e-01,2.323066835412018749e-02
-8.347947964407091692e-02,1.655931463536600257e+00
-5.707032524576709509e-01,-7.161538519200234543e-01
3.470462583140545565e-01,9.678939639699961628e-01
2.525366054000753313e-01,-1.234123289524340583e+00
9.203698361526182481e-01,-7.537815024925869078e-01
2.442886311724080106e-01,-7.313159128306976342e-01
5.885198833704563537e-01,1.040251633688388765e-02
3.146484359871851710e-01,-3.995342344696101167e-01
-1.092714921899602842e+00,3.947139281395987687e-01
5.152438813555216407e-02,5.403233227951380613e-01
-3.652258753295983817e-01,-1.044509507308378327e+00
3.318039956380285926e-01,-3.541980915889063608e-01
-9.796194851141254434e-02,6.403960650385915887e-01
-1.292580235410741851e+00,2.928809553464450377e-01
-5.921655334350667266e-01,-1.001642332658350121e+00
3.183591391921783975e-01,1.114660684242563926e+00
-1.148207282039770127e-01,7.813108433521054330e-01
-3.916360185164582397e-01,3.511665299948409178e-03
6.486625692142690136e-01,1.150654187400768080e-01
9.187144222289879147e-01,-9.111411277827730082e-01
3.123700864506498420e-01,-4.098830684641110444e-01
-1.169590754968619972e+00,-1.422667644694258993e+00
1.642040011043008618e-01,3.865901314006554013e-01
8.546820427921179020e-01,1.398313001374164477e+00
2.525687092366963871e-01,1.111110415269207785e-01
7.617427794502860117e-01,3.930981729634335786e-01
1.913632019093106873e+00,-5.694941354816405177e-01
-2.668721724567911235e-01,4.188731143776298627e-01
5.859240672871198763e-01,-9.956958127226798183e-01
9.662587233614894355e-01,8.147969117019744356e-01
-4.442191719151549201e-01,-5.199044460157280223e-03
-9.681517175150006205e-02,-3.524183198240734560e-01
-5.097890561089074568e-01,6.060920502272968413e-01
3.817150532832350729e-01,4.073797835497770109e-02
-4.424175291509962471e-01,4.829417052538090838e-01
7.446497779310210507e-01,1.220655942113083592e+00
-1.193942788781888975e+00,9.166701180828246143e-01
2.221476839461324626e-01,-1.221064513356039105e-01
6.212259602698509964e-01,3.480835222334699441e-01
2.633391776884522750e-01,-1.078893005665926497e+00
-5.295331189624245816e-02,-1.962189297780990091e-02
-1.334380279556971471e+00,7.201122878294315965e-01
4.405715569990917291e-01,1.131426303176742865e+00
6.233244429945415943e-01,-2.011676402591735992e-03
-4.087251909705237884e-01,-1.537929960353018766e+00
-7.790295470073024253e-01,6.816236054596443994e-01
5.826472323740082837e-01,1.246262536862815296e+00
4.346560747903278621e-01,7.375859705498246655e-01
1.034617250262171551e+00,-2.364247084126197773e+00
-1.910191547488697905e+00,-8.760995123379089478e-01
-1.171735379432666146e+00,6.302666858614435208e-01
1.009976443029553916e+00,-2.477190191918922091e-01
-2.968484108035897573e-01,1.031346983862155620e+00
6.834363090741157887e-02,1.690259038087895682e-01
-2.974442322759155433e-01,3.134995513603689443e-01
-1.158047654565871998e+00,4.517510503945969258e-02
-9.139767009746063708e-02,1.426680017704076375e+00
-2.903728333605285483e-01,-5.399474813002373974e-01
-7.014398834218327217e-02,-1.066730939142910950e+00
-4.015659631436954702e-01,1.109835488873982312e+00
-4.755944155572493504e-01,2.589151052538434250e-01
5.226724790778226604e-01,-3.734652236060195252e-01
-2.320328440932344916e-01,-2.940617787929049598e-01
-1.186039163293946264e-01,8.702233485812921332e-01
-1.500246209841996914e-01,8.576681876463745358e-01
-3.697622837084662550e-01,9.025692275928778874e-02
3.002590448615898300e-01,-5.841812879333376785e-01
-1.641402379351246110e-01,-2.752344365957618000e-01
-4.480185621303485188e-01,6.028419520034952184e-01
-6.051624006974202219e-01,-2.581662080635092615e-01
4.922417930589133572e-01,-1.010787423790962425e+00
1.305400410815130252e+00,5.976493712759893828e-01
1.298460702630934993e-01,1.292540769469882056e-01
9.533376846598888843e-01,-2.798029995452136834e-02
4.278570041125819845e-01,-5.599594050188997363e-01
1.056662169939746043e-01,1.081992155898007457e+00
-7.628288825155699060e-01,-4.543849359329654725e-01
-2.063888709634725260e-01,-1.073186595596233639e+00
-1.183509060181470396e+00,-3.458569773439950645e-01
2.824033658724393880e-02,5.415481833713098325e-01
9.848057055516831193e-01,8.982969878820666609e-02
3.994898004164257332e-01,8.165421303638279449e-01
-1.061131070097227402e+00,8.305271827436617738e-01
-9.495891535152919394e-01,7.408980871351860120e-01
1.116702264155024382e+00,7.205428917451957016e-01
6.984861768659045289e-01,2.295662873590203212e-01
6.743129999408491448e-01,3.823239306542803306e-01
-3.302971093923827081e-03,4.187217809315662009e-01
1.267505207279549406e+00,-4.262719231301794441e-03
9.258205788985558460e-01,-6.437781415798904394e-01
-6.160328047506426208e-02,-5.096771526993768564e-01
-5.328129837847498385e-01,-6.222728570479821864e-01
1.034671951398942857e+00,9.987365341997112012e-02
-1.117767925018187558e+00,-1.422584372475763415e+00
4.168483476394965193e-01,-4.983924854382282277e-01
-7.585269290533778186e-01,-1.023223213903295070e+00
6.835998201224556814e-01,-5.878729501336641405e-01
-5.379981495340804276e-01,1.276001613248584521e+00
1.592267888610743309e-01,2.019732267219215005e-01
4.771426464248376131e-01,-2.240094122706123292e-01
6.047583710519499611e-01,4.194087512852651689e-01
9.112333164938972718e-01,-3.093706082298652849e-01
5.720925498007584098e-01,4.496875729516174869e-01
1.138805083325083144e-02,1.682922621054858903e+00
-1.223143667277321267e+00,2.303437479480439642e-01
-2.144784357766414129e-01,6.232138654966300900e-02
8.173143004172254145e-01,-7.373183491842855153e-01
-3.147175006862507063e-01,-1.147325037590579910e+00
1.881954621972969033e+00,7.410997545640317652e-01
1.118775867159535586e+00,1.063050909164638069e+00
-5.266762986048341144e-01,1.074932704557482799e+00
-7.665626173973689728e-01,-6.187774154009425542e-01
-8.922510920121249356e-01,4.047487821090335336e-01
5.511016279491204317e-01,1.005390782588682752e+00
-9.883458187191626609e-02,-4.308479306176328794e-01
-3.005075372417084778e-01,4.771086006372932120e-01
2.672348369556256098e-01,7.067726195681811596e-02
-3.257032745245213023e-01,-3.790597707915058234e-01
-9.410948848208481321e-01,5.706362914816186238e-02
6.689779199012987343e-01,-1.569611805402794324e+00
-8.505576468033703152e-01,7.718684281646556178e-01
-9.338810926288348968e-02,6.657686482506964820e-01
3.276506948720044332e-01,2.422529278617529258e-01
4.454019279788415941e-01,8.935796075098528801e-02
6.228742717805322293e-01,-5.884018305265296123e-01
5.628252954682987363e-01,-7.881478368290056880e-02
1.385153577685450665e-01,-2.586048000333240893e-01
7.578147395612834514e-02,1.498109606416111683e+00
-2.321404056400869220e-01,-3.844493672372257809e-01
4.006342331883121499e-01,3.865443022682111818e-01
-9.798753295268945729e-02,-9.239601251661964942e-02
-4.891541509685697342e-01,1.002604141840280488e-01
-4.754058171325106774e-01,-2.638919242533431797e-01
1.422956505827715157e+00,-7.450530477424424092e-01
-9.382141822236989004e-01,-6.757670573965718352e-01
-7.567021751277430708e-01,6.615163718655958647e-01
-1.218495279344951499e+00,-1.008662112580060111e+00
-8.609350822808131687e-01,-5.127382526024745757e-02
9.869317134567400229e-01,-8.824285963195092064e-01
-1.401867338257242412e+00,-2.070212398594709069e-01
-1.402986994905542906e-01,6.734817283169991509e-02
-6.664774719713492113e-01,-2.087341703040045682e-01
-2.151162988377504082e-01,-8.292778233367857632e-02
7.500193119382182472e-01,1.312697944409382811e-01
5.957594356580526718e-01,5.757923461676740795e-02
-5.640252822616904638e-01,-1.630412346923648947e-01
8.757276260260062062e-02,5.491326873558359800e-01
-1.397367066295756577e-01,9.054662461616812263e-03
1.144169175376551939e+00,-6.395022849001058551e-01
-1.561512642310401433e-01,-3.643321272379061448e-01
-8.980482827817563851e-02,5.243829637354789908e-01
-3.779933783935169878e-01,-3.313390861638327856e-01
4.831717942138674116e-01,5.802934391562144523e-01
-2.145090437224078939e-01,-3.552572714019612832e-01
-1.181932065514089553e-01,9.984648968858061968e-01
6.472338179577521444e-01,2.008236678949448351e+00
-1.228109704059135554e+00,1.225091639050104320e+00
-2.755187890566251352e-01,-6.055441440223782029e-02
-1.110172282358477674e-01,-1.344378047368333773e+00
-6.759749167523086688e-02,9.412874776951329903e-01
7.403186529526378790e-01,5.276089504601376712e-01
-4.182316269820487292e-02,1.787752919673871066e+00
1.241243653632601918e+00,7.434344505079446552e-01
3.190915337018436770e-01,-4.328993963405934897e-01
1.389665216906567080e-01,3.492471498023076992e-01
7.078595418327615629e-01,-1.407358880929081346e+00
4.531288245106721568e-01,8.407393801227213137e-01
4.081041273610795939e-01,-3.368792818553908996e-01
7.290545452163136320e-01,1.053322609055248105e+00
-9.408203682470525631e-02,1.366710192001885371e+00
-5.548180236847441993e-01,-3.733912203775958116e-01
-1.330926693057214172e-01,-1.016275995073152805e+00
2.574991399893201693e-01,-9.048971837192074097e-02
-7.198553582509623627e-01,-4.533078051012279230e-01
-1.461835822906339954e+00,3.075051088284576073e-01
-7.620992298413996335e-02,2.300709045442847489e-02
-1.152472454682945013e+00,-5.745457990651253732e-01
6.914132989969840049e-01,8.743017850501187960e-01
2.347287173622597534e-01,-3.454096550262391596e-01
-2.657089033664880584e-01,-8.256120545380678244e-02
-2.558354224856198011e-01,3.222740022532584181e-01
9.406521937108091036e-01,-4.038902279995422728e-01
6.172574596186047868e-01,-9.162243592778998025e-01
-1.342680591017753944e+00,1.256764080898240321e+00
5.971852076976706947e-01,3.539410284123838402e-01
1.294870483457064292e-01,-6.817630892249851859e-01
5.023323236078631737e-01,-9.368786558732007386e-01
-9.261781550254752915e-01,-1.457200149299996694e-01
1.683049253543625889e-01,7.060865927815314080e-01
-2.244541484471643533e-01,-1.135568672173768112e+00
-6.770970950474446415e-01,1.489571631153589204e-01
-7.630633329394707065e-01,-1.190625333543688713e+00
-1.323409301220386247e+00,1.000366377181979738e+00
1.085038482164747187e+00,-1.063715668010181137e+00
-1.604334928733237131e+00,2.367748429620442352e-01
7.548385861402557850e-01,-1.287509229743232453e+00
-4.598788766056577937e-01,1.137410839139991747e+00
6.044480075141249742e-01,2.128675731874116878e-02
-6.343877669999309354e-01,-6.547346689977603940e-02
-1.068582733510774929e+00,8.994833691760636407e-01
6.310304255306921073e-01,2.388026581791931613e-01
8.844655089120194713e-01,-1.129574693678724540e+00
9.584983576340712352e-02,-7.617715201372874390e-01
3.301650668046608728e-02,-4.414150554268758131e-01
6.532852849375364590e-01,5.229966006288444547e-01
5.135780409773846866e-01,1.329372863518708259e-01
9.939501667887433722e-01,1.002133446813047835e+00
-4.919858346571673313e-01,8.785305465960512039e-02
8.962121979881986222e-01,-6.789724148568047069e-01
-8.983621136021292530e-01,-4.829988025340429814e-01
-6.994704733174380573e-01,-1.155327503394310701e-01
4.643170584797401967e-01,-2.017147989948002984e-01
-5.054738382100822935e-01,-4.421071042458931677e-01
1.191837384198018851e-01,7.079130981795900279e-01
1.784110434647773469e-01,-9.750078151357974843e-01
-4.326031674601968358e-01,1.370080597019471824e-01
-2.624828394758633165e-01,-3.819571846535790294e-01
6.475136709042222938e-01,3.544126442932818422e-01
1.850849556268433782e-01,4.208026362894229933e-01
1.355574523523407571e+00,5.826734743397989913e-01
5.868713675557044596e-01,-2.008544618595629605e-01
8.908769258494075860e-01,-1.276725497727757341e+00
5.327612578050985315e-01,-9.872001067216652770e-02
1.652977578213091769e-01,-2.587505082944436818e-01
9.520168234288369780e-01,-5.955644869490934745e-01
1.475833673307096694e+00,-1.844768342788755400e-01
1.820331364002688024e-01,1.313501905631542677e+00
-4.320511681027069395e-01,-6.584737586388768049e-01
-3.022607900018490779e-01,4.164114866859395248e-01
6.718682553323264139e-01,7.576912060174948449e-01
-1.169599076935370768e-01,-1.175482384451493667e+00
-7.224939082948380609e-01,2.060403725205701420e-01
1.284221959450681849e+00,-7.561888074826175199e-01
-2.671582086113263865e-01,-1.778008618771748373e-01
-2.247326781467938461e-01,3.037633557844969245e-01
-8.719773560658937717e-01,-7.613011604131199039e-01
-1.817896744896499717e-01,-1.096213533187047062e+00
3.385799189755413219e-02,-1.687217940365059343e+00
4.389122878961869145e-01,-6.803771006794466780e-01
-5.978396493119151334e-01,-1.290329658375952038e+00
-2.108434697372384425e-01,5.918280426499687996e-01
8.496670950948306267e-01,4.878027257055489452e-01
-9.227134443979899681e-01,-8.963010077193134251e-02
-8.943021404161279886e-01,9.614172635889928209e-01
3.341411321755524688e-02,4.084366839952022210e-01
-1.519260510321040369e+00,-1.308676743036652212e-01
-3.074584613916785947e-01,1.653873664693607526e-01
-3.581249989775088238e-01,7.673316781339065695e-01
6.364957601299161549e-01,-9.079850482828717706e-02
4.532898932737875475e-01,-7.692874955250440516e-01
1.088771049385542256e+00,4.408041897436125178e-01
-2.445710823256473376e-01,1.175173399479780167e+00
2.162944400041812848e-02,-8.309348849944553361e-01
-1.332218280693062473e+00,-6.630930857480019647e-01
3.628561339313221001e-01,-1.172371509918327254e-01
7.976059217811445334e-01,-2.380655467663373714e-01
-1.578151366420253165e-01,1.487082193326068946e+00
1.435765345517010960e+00,-2.077970443610304419e-01
-7.775920317333963327e-02,2.585037693786681468e-01
1.599427784544891762e-01,8.945612462249077357e-01
9.445469844088085765e-01,2.097920536595879737e-01
-2.098271204112278077e-01,-1.514224807935885542e+00
-7.436727612982835245e-01,-1.523627572858765156e+00
6.709996603964614448e-02,-2.767303457585225668e-01
3.181685238796411741e-01,5.870554062867242573e-01
-1.383430592292157923e+00,4.142054159121838497e-01
-7.667707409681974173e-01,4.096609338886122442e-01
-7.736198057167453790e-01,4.687921526842406816e-01
1.443395286878743855e+00,-9.953136537653128890e-01
-2.040604773705710362e-01,5.387197976646397601e-02
-5.678037779307568700e-01,-6.844666140917967656e-01
1.533615802134983719e+00,1.734259263931295258e+00
-1.952819422235849256e+00,3.735174834541078459e-01
-8.054529968404974261e-01,7.162146349202478390e-01
2.233584034647901340e-01,6.671941331085211591e-01
-1.130759133067152922e+00,9.259053165231238003e-01
3.858323608549654171e-01,-3.565523450836773356e-01
1.665979748396236582e-01,3.343013384170484548e-01
4.867523113293127368e-01,3.383634389780312279e-01
-7.379147393011969980e-01,4.080464997393443705e-01
-4.013395629078816418e-01,-3.532345161697657554e-01
-1.264710951992229049e+00,6.952986766501177973e-01
9.374610612557507938e-01,4.501799697196194328e-01
5.912240396472226989e-01,7.651911781163890647e-02
-1.522824608582506345e+00,-1.340771142869912891e-01
3.755775884655779273e-01,1.013192986750903746e+00
-2.988800628576323004e-01,4.245882358695388104e-01
6.715004117968548236e-01,-7.276690346317037372e-01
-8.795695053517472717e-01,1.140096464139660482e+00
6.068662223928197319e-01,2.454220258875048841e-02
-7.525119849028014118e-02,4.664113327316878888e-01
-6.564143835350965128e-01,4.056891203934377965e-01
-2.257716620957082032e-01,-1.053444242622352034e+00
5.969927220299759973e-01,-2.452516480519378317e-01
-1.834081249103549360e-01,1.897004496486778269e+00
4.187168008338513214e-01,-6.366024570722476073e-01
-1.002996334343275731e-01,-1.129398031883216191e+00
-3.780545123466264590e-01,-2.766164597263324754e-01
-1.337000359808132866e-01,4.370420792626027173e-02
-8.874262821486618158e-01,-8.983994058726890719e-01
-1.712763085673887561e-02,7.253695916203545258e-02
8.480931133376135023e-01,-2.086131802559866022e-01
-4.035455548913795959e-02,1.148851503204099345e+00
3.851452347864660064e-01,9.542670003134898771e-01
2.296818193733976277e-01,-4.305742562298124354e-01
7.768893479432035232e-01,-4.479314613817965071e-03
3.229314014925869780e-01,-5.830809445896878440e-01
-1.275697376304278485e+00,-1.061556019871674916e+00
1.643208727906257494e+00,7.095414533938007029e-01
-1.112334449527818458e+00,-1.915138387406986609e-01
-1.986293634074223491e-01,-4.814081130150539289e-01
6.483028168370792432e-01,-4.633150136041161993e-01
-1.042747723497275736e+00,7.318341583475604928e-01
-1.867169699574004471e-01,2.605874047409247329e-01
-4.839677873705078293e-01,-1.017741965845504248e+00
-3.842441454029946191e-01,4.229709586942669852e-01
-5.617296414324900455e-01,-4.122982127394166363e-01
-1.568955050896563563e-01,-5.351931720463566355e-01
-1.105567822234273745e+00,3.613907873795544901e-01
6.949298400768741946e-01,-4.861359624569065452e-01
-6.966243333247386094e-01,6.543133532084051129e-01
-3.646101727348031174e-01,-1.496859392710796488e-01
1.879659610952955084e-01,-8.126970839889112730e-01
-9.999827724091385484e-02,3.719673935039200519e-01
1.615548148627458325e+00,7.477841775495130960e-02
1.108540465579121781e+00,6.311116135904436542e-01
-1.072048245792731058e-01,1.500469066688532305e-01
-7.779924611911666343e-02,-1.132091147152520794e+00
-2.318888485483748541e-01,2.319223054122774297e-01
-1.940259108693828671e-01,2.996022357270892167e-01
5.453466366286999767e-01,5.464216024213021106e-01
8.937715513484304486e-01,-5.578922718825092275e-01
-2.192386638271678068e-01,1.317537037771357999e+00
-5.653430947197226608e-01,9.451000725179753426e-01
-1.332353076419028115e+00,-1.748918807616331783e+00
4.637732646246498502e-01,4.096855462973148509e-01
-1.895804396355490473e-01,-4.192441237482580352e-01
-1.450590467504132342e+00,8.949271732860752948e-01
4.427238683655527751e-01,7.098631374049294562e-01
2.862479616815815642e-01,-3.399271160352672072e-01
4.970153512471430224e-01,-1.604314026509733593e-01
5.405292887080660469e-01,-5.192123005326796381e-01
-1.150683089302920514e+00,-2.732391438629377944e-01
-1.177492153801233676e-01,-2.375513910338429291e-01
-2.978670915719887069e-01,-3.442680082571343836e-01
9.283529247484841873e-01,5.312054020973137058e-01
-3.285319154961306998e-01,-8.749794442050400356e-01
-1.019871687314644060e+00,-5.571767574221876407e-01
-6.588903121863575185e-01,-3.349717237939913161e-01
7.117703133101817015e-01,-1.325500391980416914e+00
7.884571744121355863e-01,4.032030234557841819e-01
-6.592873079078821474e-01,7.666943446692800479e-02
6.000465680655016065e-01,-3.976351349702299254e-02
5.514606332702429864e-02,7.814954637520884484e-01
-9.118677700522918872e-02,5.844732154132900037e-01
-4.870614229627213132e-01,3.721979145537553380e-01
7.690933026599895417e-01,6.756187540926176238e-01
-6.854658665656742089e-01,2.154120760359677644e-01
3.183507333336531020e-01,3.281639807675029163e-01
-8.312359914519380499e-01,-1.392444770393803877e+00
-4.126496939590239554e-01,2.949663171484073754e-01
-1.131913803840519685e-02,-8.762496628224859530e-01
-1.666168432655888543e+00,-1.581171021703411950e-02
-6.682350154090705985e-01,-1.587624348668929430e+00
-3.250797980439992241e-01,9.211917108939848831e-01
-1.067988487234911466e+00,-1.061397929754381853e+00
3.700075151493334991e-01,9.300914739882351068e-01
5.406691825744780466e-01,-1.538346152918293464e-01
8.559896529678415744e-01,-1.783507617209530993e-01
-5.736584757169330695e-01,1.286001244507550545e-01
-3.153030001631720869e-01,-7.843127403391887686e-02
3.583386398957048025e-01,1.639782553456951286e-01
-2.220492295102569069e-01,4.543653162947471902e-01
1.405783624950754707e+00,8.070399000847192084e-02
-1.963355128693731189e+00,-1.574692105192596059e-01
1.926422860095020062e-01,-1.865141814574829415e-01
-1.201981359924770010e-01,7.499692943267871614e-02
7.653800655825742094e-01,7.004992291157871032e-01
-4.237333977550423736e-01,-1.309033829097135282e+00
3.489943431841491805e-01,1.196802976457136181e+00
-4.158132256015117934e-02,5.126907148922504875e-01
-9.679497129285331569e-01,1.529556101629931053e+00
-9.532444866542361117e-01,2.895173441075213350e-01
3.593319974622277146e-01,-1.825013693724807651e-01
-7.807091478081185087e-01,2.925045958860651441e-01
-3.734380689387007957e-01,-6.829673645582156061e-01
-1.718891397690733847e+00,-1.211246053807646383e+00
-1.843821509476968989e+00,7.311647875219226544e-02
-1.174315568191770298e+00,-1.902853796493411576e+00
7.948574882025215560e-01,5.581472993969570640e-01
2.930357153177789997e-01,-1.488374971256023693e+00
1.827346821103720265e+00,-6.282197173007557645e-01
8.512062373347428768e-01,3.407793996515907919e-02
-3.948168794753516009e-01,1.067143469302116232e+00
-4.884602235871944309e-01,2.324365144558640517e-01
-2.872043593626032454e-01,-7.655282413174701039e-01
1.830889005742898645e-01,-2.970351577955284914e-02
3.699065591419132271e-01,-1.182085249300480534e+00
3.492125608192526154e-01,5.931400206085400972e-01
9.448621473371863200e-01,-2.649733097710327279e-01
-5.749580231296920196e-01,4.742962326785030713e-01
-3.570540214409884117e-01,-7.870655590020585457e-01
7.963090747577633577e-02,8.823994661631403558e-01
-2.595004658528827710e-02,3.428787880932983034e-01
-1.044518487500474713e+00,5.680373879988483143e-02
-2.005034254559789064e-01,3.639391428385752286e-03
-6.836012369047335113e-01,1.927631644360761412e-02
-1.031303711257050448e+00,2.607147149919269297e-02
-1.240844481262025178e+00,-3.134035899272337167e-01
4.046330868916368784e-02,-4.716694146159068901e-01
3.208325664187149928e-01,-2.208434267492838388e-01
-6.077639722225305352e-01,-6.881991571225893889e-01
-1.210190843038531777e-01,-1.761109256915047938e+00
-7.890083354148584860e-01,-1.406851980548480485e+00
8.968034826297219819e-01,-1.075962023885534968e+00
-5.466185859356286203e-01,9.922628742610374308e-01
-5.427329326136114407e-01,1.027306007919453201e-01
-1.304140936533746853e+00,-2.008038489581477126e+00
8.320790048157279406e-01,-4.662168206816751093e-02
-4.302095891753731083e-01,-1.028372617925649851e-01
-1.037016510955756310e+00,-3.460626033111881550e-01
6.541068824966859152e-01,1.515917400144717597e-01
2.692642254697156234e-01,2.101142001338756893e-01
-1.241441338018191565e-01,-7.053544944413812079e-01
8.588861503288998389e-02,-8.446884149300238898e-01
9.677354687249030418e-02,2.142172343631045806e-01
-4.516587782474664747e-01,4.566854016667836746e-01
8.228411790742981569e-02,-7.431738089545986137e-01
-3.112415095897408737e-02,3.665648884343248315e-01
2.163084852040239869e-01,-4.195156392468456924e-02
-6.504821172017694053e-02,-4.971982582985719490e-01
8.882720757233374398e-01,-8.087694327804563210e-01
9.995313578236904029e-01,4.581069556671755749e-01
1.327073056210783086e+00,1.198703285814806785e+00
1.369651807157010182e-01,-4.022355923972084080e-01
-8.506422461846503413e-01,-1.217089374948912450e+00
-1.490996334334520057e-01,-4.456676300829602311e-01
1.936404700971804838e+00,-3.925295627763927819e-02
-5.439241635809764254e-03,1.514199766448846678e-02
2.897925020164885956e-01,-3.693273069142888332e-01
1.125912454905709792e+00,-9.492614545140646287e-01
-4.131568447683018341e-01,1.053883193319786749e+00
6.359866206473543393e-01,1.742912993873001470e-01
1.079387857770815140e+00,9.214495260358157580e-01
9.805527885651287301e-01,6.285877162632746984e-01
-9.630725279749196011e-01,7.548821904457784226e-01
-5.341481765424495043e-01,1.013108491345451112e+00
-3.787411737331453643e-01,5.230685926351291704e-01
-2.010227617929175314e-01,-3.598639354537469526e-01
9.176025736317575676e-01,-4.221285270283249291e-01
4.667677154259650685e-01,-8.572989554652983568e-02
6.885110793857461831e-01,3.543379606233428847e-01
-1.151300661073628717e-01,-3.660813718904096792e-01
-5.381077238123500861e-02,3.401816209799957136e-01
3.290709024143110284e-01,-2.583175237824061887e-01
3.743881912691875979e-01,-6.960453790563270182e-01
1.173704778890283906e+00,1.490367755517013615e+00
3.217982977751968759e-02,-1.856204493664482813e+00
-5.600525033025353094e-01,1.312264073899845451e+00
9.484543726926656371e-01,-5.156382359082981592e-01
-4.038973973364407555e-01,1.366220785671108662e-01
5.433318185684906654e-01,8.839780233590009972e-01
5.665170328376399889e-01,-5.578442138363903791e-02
-3.993679096064829404e-01,-5.662891913773934194e-01
-3.155920254026708949e-01,2.555819876516716160e-01
8.096852567070627060e-01,1.071788790873710262e+00
3.273489673968236202e-01,-1.848301309238052692e+00
1.679457502226675003e-01,9.603017751477164188e-01
-4.580117782947168426e-02,-2.191754157023192984e-01
5.247071400822949094e-01,-1.607901042874014141e+00
3.607948024462063197e-01,-1.273091136684570690e-01
-5.062855817617675225e-01,1.255335193027424578e+00
2.628580882121236972e-01,6.176760243984257687e-02
-5.568183051751683932e-01,2.021804465380113713e-01
1.710594171354785642e-01,7.254413284355490932e-01
8.940884955847175908e-01,-1.057651097406286045e+00
7.838723499535188433e-01,-4.305663547124174428e-01
-3.536576237398637579e-01,6.412398271936048909e-03
-1.924221321570866117e+00,8.222632267695390018e-01
-1.031480374356058549e+00,1.143982963248132645e+00
5.426365296910908853e-01,-4.640400278207179041e-01
-8.545113863453549508e-01,5.774461821844631970e-01
-8.229354118760372483e-01,1.440641673699561143e-01
-1.440440400710683910e+00,-7.747046139985616087e-01
-2.904559377032318035e-01,-9.559998046871593935e-01
-4.187618177851690215e-01,2.606981114818882062e-02
-6.170998250773448435e-01,2.999698337682558114e-01
3.519204181219699468e-01,1.261713428482483579e+00
3.843650059565946187e-01,1.219868999599142745e+00
-1.016353878808824884e+00,-2.564006963045030729e-01
3.240793924396993542e-01,2.951647672441551351e-01
-1.644822496452462701e+00,-2.870822698577647769e-02
7.409409055743254591e-01,-1.082860918654328986e+00
-4.329878919176840535e-01,-1.111869106312372235e+00
-6.454415442136839376e-01,1.521715596196911713e-01
3.581009945525959193e-01,-2.440302872370846143e-01
-3.666544834196081015e-02,-1.034803638407522319e+00
-1.127976783069175037e-01,2.313397143889759366e-01
1.929991959392366729e-01,6.621341035451945300e-01
-2.483047065341243559e-02,1.167506807059508489e+00
9.330122127769072682e-01,1.876394286826115754e-01
7.417779740293749535e-01,7.510493647156721853e-01
4.989563766304487280e-01,-6.993207754304714419e-01
-3.814709796461007163e-01,-2.050161942372591140e-01
1.696283230937184250e+00,5.190444538802501118e-01
-1.144185860911392516e-01,8.279298323721798747e-01
-1.003476200601992163e+00,-6.170237672128064260e-02
-6.587772560650910492e-02,-8.559202631638221925e-01
-3.675340431634364132e-03,7.711853644288667597e-01
-8.815875300114928148e-01,-1.148362048420668025e+00
-1.734668168635405128e-01,9.479465536384112934e-01
-5.777259027616309384e-01,3.151886602614960564e-01
-1.440473508002731717e-01,-1.240254697316387711e+00
1.542850747742896822e-01,5.357613783344854913e-02
1.738179625311887244e-01,-9.652765280648650803e-01
-2.811926998192120775e-01,-4.928825391788332344e-01
8.502544621093337529e-01,5.377071033921337895e-01
8.361327592042234746e-01,1.103778740347399617e-01
-1.290894728825988214e+00,-6.008793483675364255e-01
-4.630407059918260071e-01,6.555628261774508747e-01
2.248803744937681592e-02,-8.443395377092847154e-01
1.908945554441443537e-01,-3.475439668311093855e-01
-1.233041139162922351e+00,-7.278578533061902389e-01
-7.576784631118419489e-01,-5.829973565178271366e-01
-8.365563134119863298e-01,-1.515637651410890019e+00
2.030903323675805894e-01,-8.205810354096451653e-02
1.160742956187192365e-01,4.680521786299661202e-01
2.073907539784113352e-01,-3.751109383804521746e-01
-4.692239916620596363e-01,-4.847168465625674161e-01
-1.436097003274969530e-01,-7.005249983033673411e-02
3.822171365583508784e-01,-1.957964971667657705e+00
-1.502379403759945609e+00,5.036362705557327901e-01
8.840894871218279993e-01,-2.438965948065203171e-01
-3.800723783935006095e-01,9.519569833845714646e-01
7.780442789060820763e-01,-3.982318203145809865e-01
-1.767148167150703664e+00,-4.260135968552105634e-01
5.160593970783574624e-01,-4.449679898629915198e-01
-1.185539924064963779e+00,-2.728594444908882810e-01
3.527665467220401085e-01,3.406681358169388329e-01
-1.007904255263211590e+00,-1.359775217611108034e-01
-7.199659488235980731e-02,1.037971687861625858e+00
-8.116220560268414541e-01,-1.062450080370771932e+00
-1.639728418664403997e-01,-3.910620293139112080e-01
-2.064299058692129041e+00,4.701195952914682952e-01
-1.425054620480428469e-01,-2.618615019165339008e-01
-7.835367521741891661e-01,8.418836086460091961e-01
1.026411852744515962e-01,-3.146137758575588417e-01
-2.194177108487441741e-01,-2.467127989514726963e-02
2.661141568249956735e-01,-2.205637873048763020e-01
-5.603707319793888031e-01,3.361811283513235771e-01
-7.065794549386070766e-01,2.628777112814880468e+00
-1.055190675858316274e+00,3.664409204881116655e-01
7.991835402619331674e-01,1.234389231254780617e+00
3.161605274395133947e-01,2.191453117874174072e+00
1.619646146695933986e+00,-6.107866566246789031e-01
-7.581692443105199075e-01,-2.220472185843552104e+00
-8.702142992808014066e-01,-1.267485994097103719e+00
5.080634103217778197e-01,6.490101021217012933e-01
7.354187468973509556e-02,-7.564428698175743038e-02
-2.417872003531982283e-01,-9.477664815732435022e-01
-4.270317797818770633e-01,-1.128241418550860464e+00
2.729693360643016820e-01,-1.887254723470381257e-01
3.623969814170471260e-01,9.117656919760742662e-01
1.035346176078930924e-01,1.592650870192319212e+00
-4.370893566780941208e-01,-1.429444470171607584e+00
-1.528005979436521944e-01,-2.908000377190259611e-01
7.283862216536328704e-01,-3.458636024417125615e-02
6.727720887084406298e-01,5.587885561252892153e-01
1.884310583197955635e-01,-4.295476280585599493e-01
-8.061494771763559886e-01,1.457401799840435663e-01
1.617713815879609163e+00,1.077556273976506773e+00
-1.083985437498832693e+00,-5.870909467110969893e-02
6.558935713219188335e-02,5.427657087762496335e-01
-4.452033137430693732e-01,1.772942345612487758e+00
-2.623758898649365956e-01,-1.287063579648717093e+00
-1.015887966684509314e+00,3.734301718756612432e-01
-1.805674004430376511e-01,-1.414793627563729395e+00
1.097609553614588701e-01,-2.606003986733845118e-02
4.378782751195718914e-01,5.857320548823125028e-01
2.111799596523298572e-01,-5.059792587427850569e-02
1.186824778764085764e+00,-7.872448851600237774e-01
-1.501158244202557002e-01,1.338843016074874992e+00
4.311853135759664002e-01,-1.343300837522459990e+00
-4.304279886934507249e-01,1.591726710615838924e-01
-2.501158879925957090e-01,-4.145347235956279297e-01
-8.739788465000914580e-03,9.660891397128144875e-02
2.130686583076011331e-01,-2.602134804993910255e-01
2.330378900557298572e+00,3.220733217383645042e-01
6.808743915035377903e-01,-2.659969682540707092e-01
1.149052046729492682e+00,1.655886787053120410e-02
1.017039270012728869e+00,4.741593380436879834e-01
1.163705515540380403e-01,-1.960277628933827787e-01
-1.126922630347505283e+00,-8.816038787059879978e-01
9.050101638647609636e-01,-5.211885573770568270e-01
6.342840051277569280e-02,3.323608747376415873e-01
2.153564378131624935e-01,2.471658213797767178e-01
-3.650093376973236325e-01,3.259301754046992627e-01
7.836305963490632909e-01,7.686947141094030433e-01
-1.168114358681354492e+00,-1.329829881504933364e-01
6.823208031316918554e-01,-4.423623057016441429e-01
4.181988011092985791e-01,-3.534831706283116937e-01
-2.403774178442369958e-01,2.063173701892058731e-01
9.509098585136207538e-01,1.696974440049124622e-01
-4.862700379929822403e-01,-4.622478570681314847e-01
5.305169576429865641e-01,4.273701232816085049e-01
1.316345019155156892e+00,1.208908978611925145e+00
6.936359340622654246e-01,6.684294090463386295e-01
-5.234821683066590570e-01,1.475587501166518711e-01
-1.169542393280829318e+00,1.225384500367149125e-02
1.678330115776420772e+00,-1.119925608664236849e+00
6.845660079226222050e-02,1.255903668799446538e-01
4.133943452311071298e-01,-9.183549797230307066e-01
1.412282163307833738e+00,-6.315474105776842650e-01
-2.369211067605561105e-01,-1.172250953875112023e+00
-2.975604265915127514e-02,-7.082681442433040875e-01
4.072213178977748815e-01,8.118874299202982758e-01
-4.959526914538656683e-01,-1.528472954078260726e-01
-3.181469845959153386e-02,6.459753951141372630e-01
-1.576432690012816940e+00,3.491575390773639653e-01
-8.313834966262348969e-01,-1.700248770387902397e-01
6.192469779433393828e-01,2.035290749488068707e-01
1.350222506087502161e+00,1.198972136226189589e+00
1.824921727269401384e+00,-1.922460572708861060e+00
-7.447341853644978693e-02,2.857049481940726957e-02
-3.630192465969416665e-02,4.095904005895242839e-01
-5.420596096374999950e-01,2.736063186727064056e-01
-1.052942184459193964e+00,-5.837528375982284912e-01
-6.374278660677034081e-01,-2.063109220476717354e-01
-2.168187113021058654e-01,-9.847264685897637593e-01
-9.501607563884059693e-02,2.758006215873856082e-01
-2.088664705630641771e-01,1.068722978695849202e+00
-1.226203005950000230e-01,-4.269734944280474398e-01
7.599906382764786139e-01,4.061208510762246426e-01
3.536535320147732309e-01,3.845621357867860524e-01
7.113734636116383903e-02,1.060607226431744321e+00
2.129342420562133631e-01,-3.607496947443211699e-01
6.482002911449828986e-01,-4.975472032401972999e-01
8.906724425225739372e-01,-3.492324923524843805e-01
7.089292045277346688e-01,3.600403480166961545e-01
2.374800531537411274e-01,4.311016402489630667e-02
-3.233681789907862369e-01,-6.535982704101575003e-01
8.133457946878017708e-01,4.198436532365911605e-02
7.814722103480885584e-01,9.125523603025642583e-01
1.487493610468279027e-02,8.305546516860293771e-01
6.081275842342666049e-01,2.420778359045298311e-01
1.132103681340989487e+00,1.271369212137271783e-02
2.837354527368906587e-01,4.368351872884871367e-01
9.510890364837986111e-01,1.850087708988790158e-01
-1.256699343370815403e-01,4.233475833016663303e-01
5.641053671928924346e-02,1.679502437588071273e-01
1.844358168530938480e-01,-6.075912217145087446e-01
1.085693399600234699e+00,9.467121803052344076e-01
4.149221785477434921e-01,1.685124186366018240e-01
1.408929315635273349e-01,4.196646782735041770e-01
-8.863967754641630115e-02,4.260161749670405840e-01
-1.170047617974553367e+00,6.309081657716099356e-02
6.016694803942828074e-01,2.821607400843527680e-01
-1.064628809149601174e-01,-1.067946181646879600e+00
-4.147951855084994754e-01,6.627694578206860809e-02
6.927586841755365432e-01,-9.551076625883508919e-01
-1.737342101318236853e+00,-1.034565583448922022e+00
8.448763253490779723e-01,1.412581757468716059e-01
-3.585645443844499569e-01,-1.292785041660974077e+00
-4.622180064674339395e-01,1.023619660570212198e-01
-1.188585631241416918e+00,7.393921680966968335e-01
-2.599983995439502649e-01,1.044857042697391991e+00
8.442014303201806902e-01,7.556539874481510433e-01
-1.399678276835943036e+00,1.877852296557500633e+00
7.741085624268292387e-01,4.230866123950355329e-02
-8.796042663761787948e-04,3.142658876374315041e-02
1.602477157503196192e+00,2.264315016474147679e-01
-1.414365106436760833e+00,4.004221253395376379e-01
-2.156987769602161653e-01,6.634595981693590661e-01
-7.911258106408242119e-02,-2.370567419852370461e-01
2.796242071617862091e-01,-1.922935760104574066e-01
6.937886491576198411e-01,-7.547354725051723667e-01
-8.019984595090242641e-01,6.658510751014726226e-02
1.173737725962673339e+00,-1.247065591088227343e+00
5.401081948826740309e-01,-3.709581447882028676e-02
-1.028117687175411632e+00,1.236227379148337330e-01
4.828962169554089079e-01,-5.114862796513047760e-01
1.307645768904702743e+00,-1.132938821584391853e+00
1.410794190278860993e+00,1.073022819330385236e+00
-6.567748840081212292e-01,1.159834826056701074e+00
2.834330314702586118e-01,4.903603300500707918e-01
1.464443793937768024e-01,-7.479191550104137554e-02
-7.350678427535418669e-01,1.482101514305464614e-02
-1.534845378265765337e-01,-4.061280636108022257e-01
-8.504139034537847586e-01,2.553157900045625039e-01
-1.468300939785402104e+00,-3.802303073869438554e-01
2.056007639707051748e-01,1.374329990193372264e-01
-1.984860809330837306e-01,4.589168198059414006e-01
6.813669373918819216e-01,-1.562787342102329280e+00
-1.136645844290691931e+00,-2.302762098159439053e-01
5.409587038052758867e-01,-6.627847752209543586e-01
-4.201727626350811734e-02,-4.203936951014917295e-02
-2.785219774574419493e-01,-9.144159568581236575e-02
-8.010032565023138540e-01,2.419487617623274078e-01
8.656400918969983094e-01,4.323328866208343557e-01
-1.084616525759190431e+00,-1.672845882508833038e+00
1.552749349153059177e-01,-5.212653142852948784e-01
-4.599044848052992185e-01,-4.926964195323919604e-01
-3.167757686674956830e-01,-1.444484072675839892e+00
3.608960468562469881e-01,6.912319578169244805e-01
1.363280619521880066e+00,2.510224892186233570e-01
1.224889015580062690e+00,1.622638406105304298e+00
7.765992035833485518e-01,-3.607803333824149417e-01
-1.725720731272102348e-01,3.520580036328801454e-01
4.433203933604126790e-01,7.861397264898924986e-01
1.283740043337650016e+00,-7.624150092785608734e-01
4.256638468712896639e-01,5.873962667225560708e-01
4.135417012323953645e-01,-2.880286741565444286e-01
-2.531273395004042914e+00,1.999447032706085647e-01
-1.126396556972061314e+00,-2.440419258726954921e-01
-2.739975740779237445e-01,-4.266679612515212328e-01
-1.868225422153594772e+00,5.655332823652379354e-02
8.214465561331295573e-01,5.415772972033213589e-02
9.468746039215896193e-01,-2.524602527549004716e-01
5.488494055545186656e-01,1.377004836348275640e+00
3.989340684997810804e-01,-3.314377718308921250e-01
5.952637780765738240e-01,3.036927416532361201e-01
-1.537626420015864304e-01,-2.590244540382144467e-02
3.191383092495734264e-01,1.026773904140987625e-01
-3.976030478924298950e-01,2.353575446307569763e-01
2.211466583135631714e-01,1.265947397586909107e+00
5.246112613414792847e-01,-5.195694509971614528e-01
-5.365732738828473680e-01,5.062896526695729316e-01
1.468965077390105012e-01,-9.017173554388248080e-01
3.972162966887370777e-02,6.373236455047515125e-02
-6.741017195807224027e-01,-1.195341115683317801e+00
9.990035921543888309e-02,-7.630746648371379282e-01
4.557512914813333649e-01,-8.035539508102612638e-01
4.359462110766891829e-01,-6.610189240235558872e-02
3.145245306221431947e-01,-1.108223771210322894e+00
4.710748208845810803e-02,8.414856950175186867e-01
-1.371848870808190235e-01,-2.742590662997581030e-01
-7.633969344333142726e-02,-6.797578374060486706e-02
-9.088334948725330653e-01,-9.713544431923210043e-01
-9.006836880686788782e-02,3.375811336454577760e-01
-1.155763301487498090e-01,-4.083550056089896296e-01
-2.322327788005442706e-01,-6.781740891772329860e-01
2.496154839991783225e-01,-4.583561604006738399e-01
1.451381767781662578e-02,2.240387933605734738e-01
-2.231305246723759572e-01,-3.861044591240105905e-01
5.439357789769155849e-01,-4.275740681653183439e-01
-4.170891601081376798e-01,-7.102627941018953006e-01
7.713403932895332438e-02,7.231375032574703932e-01
-5.620868648218023678e-01,1.162277467885424853e+00
5.749061611832726459e-01,1.922853976086242644e+00
-1.920979457495467224e-01,-9.775654618784597183e-01
1.238553351402395669e-01,-5.356528187826539722e-02
-6.021003977977851251e-02,1.109525106462945665e+00
-7.938692123763280151e-01,-8.809676698971070641e-01
3.613035289673240391e-01,-6.635718694453969224e-01
1.007423385518638081e+00,-7.584448643065251627e-02
-1.466981628279961924e+00,6.924379024074277522e-01
-9.688271516270814399e-01,-2.357244056536052790e-01
-1.084922800072369187e+00,-1.223223070871714557e-01
5.162579903427780836e-01,5.950024689287455315e-01
1.441610190492244259e+00,-1.186893072920389924e+00
1.011371283652655606e+00,-8.463979441744819976e-01
1.785731637429869290e+00,-8.363811250234798322e-01
1.497400464358851435e+00,1.028328924399213529e+00
-1.966130325606104401e-01,1.539379763060078288e+00
-1.971440980133997156e-01,2.865070749421766427e-01
6.304819679087763085e-01,8.037872106065879763e-01
9.788734823571612065e-01,-6.684551800487071871e-01
-3.761532513064785865e-02,1.380019930716052945e-01
-2.607638260363529525e-01,-1.895629571762966481e-01
9.482024811435638134e-02,9.499212754541177528e-01
-1.757886781393944997e-01,-4.624248109400205808e-02
-1.136629330348590594e+00,6.710853845998140388e-01
-1.097409895248780132e-01,-5.032589285676278834e-01
-2.855844090730184637e-01,5.652278988154083583e-01
1.372032476776771301e-02,3.833129661787833958e-02
-1.229055790689290509e-02,7.274541594251202614e-01
6.572031543140880450e-01,6.011761312255332612e-01
-3.768406761177248154e-01,-1.020110098627316608e+00
5.616650555246832655e-01,-3.457450511141824112e-01
-3.951125522776511301e-01,9.590682687276343155e-02
5.235272489629114734e-01,-1.203795835128916858e+00
1.004159286081623303e+00,-6.945448512497440219e-02
-2.198027981131532582e-01,6.606449954363047272e-01
8.121963283335547068e-01,5.593775085180081597e-01
-4.188158355196723859e-01,1.296930644674548216e-01
2.903508662391100503e-01,8.898089504762546342e-01
-2.364672580505816357e-01,-1.822575615324741882e+00
1.035027525335053156e+00,-4.627428031866062143e-03
6.445363733543005846e-01,5.046790153551385938e-01
5.596626794711363484e-01,-2.574262257280202082e-01
5.051714958222708329e-01,-9.491280488041734520e-01
-3.367782295598707454e-01,6.081041571773567744e-01
-1.176048583157507155e+00,3.759741134486566660e-01
8.413332209629118680e-03,1.431696499768544184e+00
-6.835137478222552687e-01,1.288098813111863139e-01
8.906564633748645932e-01,-6.433798014682720057e-01
-3.117569619069014974e-01,1.009785188353341245e-01
-1.222005453844859479e+00,-1.668115040474259791e-01
2.550260383686120957e-01,3.339335466109466521e-01
9.733612722623106173e-01,1.024594120571486799e+00
1.286068046755605432e-01,-1.366834043505934515e+00
-2.025797507659242158e-01,-9.622363746054897193e-01
2.328817385747731020e-02,-3.453036252755305874e-03
3.201138176723405254e-02,1.126615817456665392e+00
-1.112879884957572507e+00,-3.292719541968412433e-01
-5.439898901810992227e-01,-4.283549108414219098e-01
-1.482633071654100299e-01,-1.181535105578489508e+00
9.253343443921124845e-01,-3.338908197195500360e-01
1.642796392515698256e-01,5.488907248078468415e-01
1.348706929906028806e+00,-1.376512855553065628e-01
2.151396876143751857e-01,-9.696618776185393918e-01
7.621840271919647081e-02,-6.047712977107178034e-01
-2.792394368455770048e-01,-1.247849613978362804e+00
-8.105222236504955324e-01,-2.971826857880414674e-01
-2.623795830698132936e-01,5.272525723629666317e-01
-5.468490966151016153e-01,4.285094393394235923e-01
1.114292112492452358e-01,-3.897891397649952960e-01
6.283420175451658041e-02,-2.517117528942703353e-01
-7.095761735258103720e-01,-4.150389910690555073e-01
-1.100577453697060504e+00,-3.922277167201046466e-01
-3.076292863405192812e-01,7.601072537310215038e-01
1.171416097073054302e-01,-2.684236667420656364e-01
1.309993195701248281e+00,5.350738461016847358e-01
-1.243054636151574716e-01,5.534816596894508445e-01
-1.899914375978501713e-01,-2.426569331850801370e-01
9.099926083048134329e-01,-8.806725232270316006e-01
-1.260433581322867036e-01,3.589805336235696309e-01
1.991841868904336080e-02,7.878200266724044720e-01
-7.015165017652471580e-01,1.615153465755202744e-01
-9.298705588880454842e-01,9.501214090837009074e-01
1.004081821913803907e+00,-4.257524771517399997e-02
-2.930375187434066109e-01,-5.572128422510768120e-01
-4.823058142218282773e-01,-5.337100586766633237e-01
-7.101754790023111219e-02,7.541550854207771382e-01
4.640943070351454813e-01,8.630412077183906294e-02
1.679157979063341244e-01,7.269061767834554821e-01
1.302010498317866638e+00,3.797448265234132925e-01
-3.277840221339347604e-01,3.003927249582991066e-01
-1.665280363401906216e+00,-5.299825710892033248e-01
-5.739934418398288107e-01,-1.329366273689576439e-01
-5.318078338356646562e-01,-2.756972487088635293e-01
1.033045111357645263e-01,3.637458710312523880e-01
2.246787160705747410e-02,-3.527425454463456456e-01
-9.812307755424376499e-02,-2.496392430991707101e-01
1.118881597954524798e+00,-6.197742371038118120e-02
-9.078485218754311914e-01,-6.946388313463113251e-01
-7.961935278076252842e-02,4.669646285283998721e-01
8.760591310950406607e-02,1.397048967029615452e-02
-4.055376915172273500e-01,6.020160556631118029e-03
8.827650312249657460e-01,1.783410667835869379e-01
-5.042589736618413587e-01,-5.580862964443932678e-02
1.397640174640720101e+00,-1.584916361073691604e-01
-1.093074357307776273e-01,2.872069348774957120e-01
-8.528043068669800830e-02,2.113862599994862368e-01
6.546698661450295331e-01,9.042871615727714474e-01
1.000339501209660753e+00,1.167538242381616742e+00
5.172986592186334942e-01,1.408527201907719961e+00
2.644105570810970640e-01,-1.019478166322192569e+00
-1.058546823676407511e+00,-4.438124728989677470e-01
6.042794913839730775e-01,7.233688340331531075e-01
-2.893283908401907481e-02,1.934788022655769407e-02
5.334924654879446004e-01,1.098503494127080898e-01
-9.443956697607384099e-01,1.551328158740498120e+00
1.422904928954354498e+00,8.705012740073391209e-01
-8.244668701448264470e-01,-1.334179049115436222e-01
4.102454393420693624e-01,2.431318646244764181e-01
1.696924723733522766e-01,9.097363331944710030e-01
4.336673642553816599e-01,1.715736366377651478e-01
-1.044674916574353629e+00,-1.406040748885606595e+00
-3.864607844947450660e-02,4.321819573385967672e-01
8.252498850330194369e-01,7.640802656347200905e-01
4.420463296123513519e-01,-1.105561272617868074e+00
-2.255098800259105196e-01,-1.374577913986333444e-01
4.959883098543499402e-01,-5.649895352927338660e-02
1.421747983859831810e-01,-4.382633929294753490e-03
3.162047744225889856e-01,-7.947807049036287319e-02
-4.343851065984694615e-01,-2.286259918847934003e+00
1.889337751243981289e-01,-1.319297181928039464e+00
1.477637743693625272e-01,7.457989969292816435e-02
3.683705981350873793e-01,1.288715419486015368e-01
3.071828804335433594e-01,-4.150595014199754407e-01
-9.250759114367467228e-01,1.230298916772954776e+00
6.491511215838677851e-01,-3.727942050035657484e-01
-5.636485335298100363e-01,-5.659548660401910736e-01
-1.611266805372336131e-01,-5.923942438632144869e-01
-7.179522546749762535e-01,1.514938004479498224e+00
7.585752134865345608e-01,3.319089781432025821e-01
-6.288129553580212860e-01,-2.060480667535148136e+00
1.324210951294652050e-01,-7.155046759913666690e-03
1.925645249038553386e-01,-7.266492681148958299e-01
-2.166421978511902102e-01,1.779346793674477234e-01
4.755998296542922610e-01,-1.020429286619038978e+00
1.482257207590081949e-01,-5.158902449117518385e-01
8.626250859434118068e-01,-1.490062451212059269e+00
-1.184650549620076765e+00,-4.150342457259104667e-01
1.199674468152948231e-01,1.127007985737771500e+00
5.340889059642986991e-01,2.906655285862293492e-01
8.113282714226456305e-01,1.042185149517257103e-01
-3.368884097574347258e-01,1.317426313635437607e+00
8.886195984124216629e-01,1.909069522435642013e-02
-8.900486901076544444e-02,2.727499233234906284e-01
7.201521763360932971e-01,-3.379105722619784036e-01
7.070044157055217493e-01,-3.170077835667667321e-01
9.223772189013743628e-01,1.670528398517421853e-01
6.914135257149712777e-01,-4.794284445936795175e-02
-1.790464127606885003e-01,-5.610391527131811662e-01
-9.629209181003467455e-02,-2.738117031243088584e-01
-2.188464943796263051e-01,5.351466972892400253e-01
1.340828850523194671e+00,-2.740113900829442284e-01
-9.746722528565855415e-01,-8.335676627722923282e-01
-3.609473272423385781e-02,6.252806763778876453e-01
8.800242282427244156e-01,-4.279253819998983244e-01
-1.158368257320695260e+00,3.595812426442763221e-01
8.700339033632107366e-01,1.255541554976353336e+00
2.377489156236962595e-02,-5.129240166013580016e-01
9.183410082794731810e-01,3.564017222963271059e-01
1.108062657252538497e+00,-3.938749873367961007e-01
-1.128658477171073406e-02,-1.462394732753228066e+00
-2.018118558948428287e+00,-8.342089375896875048e-01
2.586799973506132555e-01,-6.811136230091612009e-02
-1.396126062773278331e+00,4.691684569210850531e-01
2.806909906061454407e-01,3.537064727840293164e-03
-1.012803065257781576e-01,1.488191830760289269e+00
-1.209636392669439786e+00,8.011770644622659976e-01
9.313802030829497758e-01,-1.120184496592728091e-01
1.105634795973606949e-01,5.521252616496769017e-01
1.431519173726607752e+00,6.059898567181679629e-01
-6.387325847771969656e-01,-1.436012018063800300e+00
1.133922341860684746e-01,1.740945331059338130e-01
-4.529405157367007995e-01,-2.006999106334550198e-01
-7.702143620542162283e-01,-1.270640408441892300e+00
-1.148301503703691662e+00,-2.153937861433216083e-01
-9.743488731069491204e-03,-1.818105283419839679e+00
8.863107506787188949e-01,1.172353027667269176e-01
-6.381493119991281660e-01,2.704337496739060431e-01
9.680063757716272921e-01,-5.875483562392429526e-01
-2.078629977818720331e-01,1.307593542728212599e-01
1.046638712577907249e-01,-8.940776992814907231e-01
8.271312838998973876e-03,7.176102537828632499e-01
5.053571400084304610e-01,-2.207272957194101048e-01
1.286610169832139161e-01,3.812894729272294225e-01
-4.119256407398606545e-01,1.649756753944970677e+00
5.909913042512123793e-01,-4.435183350232529409e-01
-6.367135216468373660e-01,3.946473035746546065e-01
2.059936608003082037e-01,-2.430250270833053672e-01
-1.497585206551447667e+00,5.826201665001183860e-01
3.559041053185617032e-01,-2.003637850801547604e-01
9.283461478425916180e-01,6.991464745054971619e-01
-9.418887964268657376e-01,8.703851529703136025e-01
2.994326759019083073e-01,6.888210162570254091e-01
5.839797288868228686e-02,1.259287088197285964e+00
9.550106118130806676e-01,5.665065216174792750e-01
-1.019563087590507511e+00,-2.058550100705391628e-01
9.031612825506404874e-02,-6.537266513993617023e-01
-1.305144725441250222e-02,7.306550277127270565e-01
3.175169649632150065e-02,6.632520262043660464e-02
7.401323754314037551e-01,1.206177215856907070e+00
-6.431921041486178270e-01,-5.206905935681774844e-01
4.420032656036763097e-01,-1.872438474039841982e-01
-4.706153176171181118e-01,1.025160947837131742e+00
4.992531715587523178e-01,8.842115748090744187e-01
-1.220231527852238054e-02,8.174054999424914536e-01
-4.726470647706990658e-01,-7.280255374442665683e-01
5.481286194589107819e-01,-1.136530215465883398e+00
-3.469530620932329001e-01,1.748168121192301916e+00
6.368279731091337492e-01,-5.599300522778625222e-01
-3.357908525007154976e-01,-9.591378850929422883e-01
4.149785533397397363e-02,-1.194405622104793840e-01
-2.637464253154655491e-01,9.208821399339216507e-01
-8.076703411949925915e-02,-1.113041760944845082e-01
3.387381464153556981e-02,4.377809855547036277e-01
-6.032365398004154722e-01,-1.056113889262888517e+00
6.267438880067780493e-01,5.828037264509902116e-01
-1.024004683746687072e-01,9.074233682339568619e-01
8.786603928457754897e-02,-1.345485065796536039e+00
2.552000082902370792e+00,9.131593522109135996e-01
1.109674361504666917e+00,7.024269611102745836e-02
5.752487020001300078e-01,3.677265436155677247e-01
7.184793450774101808e-01,1.312970416808461716e+00
-8.134583523554058671e-01,-1.157250879346274908e-01
4.246518508327170593e-01,3.410264499927750936e-02
7.393455867916881585e-02,-7.154087836080685880e-01
3.434997671263906316e-01,2.182781837867460717e-01
6.033800964138076317e-01,9.608980078639368649e-01
8.096750335816373934e-01,3.765504976663294756e-01
-1.473155451884190781e-01,1.918414155853168657e+00
1.922734365441317317e-01,-3.860901128160142970e-01
9.214871244064398725e-01,2.103845840019874791e-01
6.170184421747125780e-01,-4.887939501376149520e-01
9.001766782768658715e-01,1.634240545750566653e+00
5.454368390344063178e-01,8.470240391281024239e-01
1.105478106218529044e+00,-1.925946883170354118e-01
-5.036846163408539301e-01,2.616236088879882460e-01
-1.293680066722073363e+00,8.857616332327579167e-01
-5.115842302446151901e-01,2.099791182352952479e-01
-9.062218980683420244e-02,-3.964598831268902335e-01
1.113680298089478847e-02,-2.969273462240351047e-01
2.743906739312920173e-01,-3.150361894497787918e-01
-1.174180954091291085e+00,1.271757177524090565e+00
-1.122712605344366565e+00,-8.691032950059724982e-01
-6.026323109595139726e-01,1.477079680428097230e+00
1.884801746295410085e+00,-1.626577990777640537e+00
2.092584778069788431e-01,2.586139819083423386e-01
-1.207881127233719765e+00,5.293480055409888196e-02
-8.831190539860771516e-01,1.398664644473907259e+00
1.129676718428013552e-02,-1.320966213887470042e-01
8.447673226580716399e-01,-4.677803117089794349e-01
8.994900338550959606e-01,-3.758831957251366762e-01
-7.665659392250350201e-01,-7.930945772715074504e-01
-7.320532210647965332e-01,6.592754936075849725e-01
-1.187500848797498065e+00,-1.967566672899851155e-01
9.158629982677559678e-01,-5.120621800387223921e-01
1.457835987184817661e+00,-2.010069299412043375e-01
3.321891215952175180e-01,-9.503109138191437877e-01
4.892055016583842231e-01,5.971919064197627192e-01
-8.071990812391532932e-01,4.584134414091997622e-01
2.119377014412764104e-01,-4.041137942482756484e-01
-3.237324081285412603e-01,3.481938439705946631e-01
3.924337542398033674e-01,-2.163457479696204722e+00
6.384320169153225866e-01,-8.494304039115213589e-01
-7.317512373025945038e-01,1.089697850024235887e-01
5.774030762004432882e-01,-6.480663260281781524e-01
1.099962316265561846e+00,3.372655669851243321e-01
6.342368147125071465e-02,-1.370666090393241277e+00
-6.994250091954427040e-01,-1.231583750819545520e+00
-1.005053581718485106e-01,-1.193615319177131262e+00
2.928562956195721045e-01,-5.830728686761912360e-01
3.083612458272619317e-01,5.365655246601935824e-01
-2.481176523749419605e-01,-3.492553962652029664e-01
-2.083560375003258580e-02,-2.571095822029448308e-01
9.022264481950794668e-01,5.440906578068467336e-01
4.607967154217816330e-01,1.142515274013757631e+00
1.086637467592160622e+00,5.415981446594236685e-03
-8.400784003167913530e-03,1.717153287138871942e+00
8.169759171077749516e-01,3.557208367879782784e-01
-8.060087730680253193e-01,-4.444381756152288587e-01
4.444279096982846067e-01,7.242752002647528942e-01
9.717474415847809910e-01,-8.505151026117583756e-05
3.301229080681336581e-01,-1.153146134324623873e+00
5.133916700130510824e-01,3.604774436766496337e-01
-2.761386543218329326e-01,1.769688981613793122e-01
-3.065473449288876884e-01,-1.956131494780092295e-01
-6.624214196287006029e-01,-9.555683673111465826e-01
-3.091525396260824121e-01,-1.395132117681624040e+00
-2.879069303884943531e-01,-5.740283739892269033e-01
4.999775079281050805e-01,6.366560267496379488e-01
1.915667246630838039e-01,8.933784704917446806e-01
-1.418565803240364465e-01,1.193028039572143539e+00
3.817744437389533063e-01,1.030422743367458427e+00
1.424614658700295688e+00,1.319231266818411186e+00
5.668743069481030350e-01,2.950367081587714768e-01
-9.600082370005311727e-01,1.759458373783076846e-01
-3.538500588725363993e-01,2.282116214747546223e+00
1.934183154829231159e-03,8.375140025660109400e-01
-3.883487001504110636e-01,3.239940809304873992e-02
1.393052713128811515e+00,1.056922180311179238e+00
4.193920599996805998e-01,-6.949286789518142049e-01
3.741977060371964314e-01,7.020866785447885672e-01
2.377538545256001890e-01,3.241511754868745543e-01
-9.228639411923801328e-01,-7.507694486395519728e-01
-7.627307312332678446e-01,5.281080564560267088e-02
-1.345477471091525989e-01,6.388759891611994757e-01
5.256243895940999611e-01,-1.979241849627043359e-01
2.423760986841927145e-01,1.462957795583187393e-01
-1.819150226473477405e-01,1.551452599881048833e-01
-4.078669418658412704e-01,2.340914015687758365e-01
7.744199238029089716e-02,2.632040369169393323e-01
3.200143559935831467e-02,-1.204514556732132924e+00
-3.107011400852531802e-01,7.574908524136975130e-02
8.718750357583048283e-01,-7.588859533779179767e-02
1.414774546436697589e-01,4.514679466760019438e-02
1.243540062648202493e+00,-5.691062442968760626e-01
1.832406374516018233e-01,-4.399927020898585783e-01
1.349774152977181174e-01,-1.183706420441259066e+00
-5.826583175850432728e-01,-9.213917988406223891e-01
-5.261890309182738479e-01,5.335554399957637139e-02
-7.878343464161795540e-01,-1.702510618431693490e-01
-2.757538037857639179e-01,8.620822197086279726e-01
1.234700035910626159e+00,6.439702254253917291e-01
-1.522399366289268682e-02,-4.864506975754104290e-02
1.857341443116885815e-01,1.422388076253648048e+00
-8.506429741211174456e-01,1.116164755940265874e+00
6.447727230764975781e-01,-7.559200487309894467e-02
1.231803736343126676e-01,2.513050876151371946e-02
5.322538996659674781e-01,7.960497569839543319e-02
-5.785247251735284313e-02,-4.252088093936392532e-01
1.898927500547419600e-01,-1.301444598090705895e+00
-1.661101356099423110e-01,-1.735181362130766791e+00
2.911192273572916767e-01,-7.326543508523799542e-01
8.549584630917993477e-01,-8.910514376855660501e-02
1.163829050439278312e+00,3.191322067521087380e-01
-7.946757285962902095e-01,-5.952085906801201087e-01
-8.926271441971687093e-01,6.509429795458715473e-01
-3.194721555709442717e-01,-4.427934611896526193e-03
-2.930222766010777691e-01,-1.081408030455408120e+00
3.125155000614172618e-01,-2.018852756086607358e-01
2.402088202949981544e-01,-4.374757982342558638e-01
6.599708311683760709e-01,1.213027274856016469e+00
1.654809211579335360e+00,4.215495103729778315e-01
-5.420132412319017545e-01,-9.474698575227358255e-01
-1.073332180683335690e-01,-2.098113419973988703e-01
4.752771007949237458e-01,1.121562979976732155e+00
8.544102091593566151e-01,1.723117496941516835e+00
-3.045096788318423231e-01,-5.428727911081842050e-01
1.294094753338600912e+00,5.928512429312807752e-01
-7.286351737491902902e-01,4.122823209385192283e-02
1.271929286962386607e+00,1.449724581745806817e-01
7.528606239109478793e-01,3.326080183389863026e-02
7.066117742761074405e-02,-4.399070217573638475e-01
-6.171727521400979244e-01,1.589196841714168196e+00
-3.067992637283056042e-03,4.002605198143149162e-02
-9.450460421726403215e-01,-3.080879277291639906e-01
-1.671126308405933847e-01,1.036082285118209878e+00
1.494859542257363838e+00,4.048177505418731337e-01
1.940013757613838763e+00,6.525272607165564231e-01
-3.963707206690746387e-01,-1.041126172863072741e-01
7.136474279703979295e-01,1.622957361657436648e-01
2.900868517474933794e-01,-1.708915244562909108e-01
5.034846844042719649e-01,8.698306827998191215e-01
-3.184392430962804665e-01,-5.366535562923715474e-01
-2.608110105898059916e-01,5.827751549744351889e-02
1.150752604902184756e-01,-1.055695283195589695e+00
-7.462523598817316639e-02,2.081940508350456007e-02
-6.969561925560860960e-01,-9.587277474773580055e-01
4.864670262309783166e-01,1.672434025248584755e-01
-5.807171208132251294e-01,-3.086649563512107730e-01
-5.318681252720556252e-01,-1.363641420652315361e-01
-1.029630624855853577e-01,-2.531026924036679504e-01
6.349606192633033830e-01,-9.907970268235927191e-01
2.627854492693263433e-01,2.802264517665408849e+00
-4.813872083737957275e-01,-1.707688062369023541e-01
-1.626989287537845552e+00,-8.117552419406255382e-01
7.578473035008497227e-01,3.171169789278752149e-01
-4.826062554725090575e-02,3.149655903329820483e-01
6.665412377533669330e-01,-4.727757276118832452e-01
-3.616541565906681854e-01,-6.388831585834671145e-01
-1.377715818649874358e+00,8.276484555573638824e-01
3.940530459455289791e-01,-9.170830054359817574e-01
-3.363930447873694218e-01,4.368906473082273534e-01
1.803343851746050941e-01,-1.476468596119719368e-01
-1.776962637860374783e-01,6.952742119317223413e-01
3.079103729887173180e-01,-6.222794303160478213e-01
-3.245796354589249866e-01,1.340287059964139882e+00
1.149104865926262153e+00,7.163945736312718471e-02
-7.336805831460151417e-01,9.649226860326146626e-01
-1.197292610794526146e-01,1.297445779472831129e+00
3.451699481606097519e-01,4.735421106797202406e-01
-1.978878637675767216e-01,3.304959039889724531e-02
3.301445484870607627e-02,-1.244819414697591498e+00
-1.160519638063976844e+00,-1.047385740883278293e+00
-6.785595603886307448e-01,-1.295298392839777102e-01
-4.516577028178199171e-01,9.407327134405098212e-02
-1.617784447736115433e-02,-2.604584408508746618e-01
1.031012074979233833e-01,-6.406558942945239643e-01
-1.459217286874672004e+00,5.139397786444916960e-01
4.212846031863692331e-01,-1.212257277579332354e-03
-4.201553443337822658e-01,-4.783598794812606303e-01
2.862169090152328343e-01,-1.306632485855951709e+00
-1.092087337948164510e-02,-7.101252493245950870e-01
-2.110200670400291134e+00,-8.430570860640013153e-01
-1.100805639195972851e+00,-1.413543491139613195e+00
6.339464143656923234e-01,-1.825171915887792151e-01
-6.952399358294250042e-01,-8.851892828668880275e-01
7.034955623319292251e-01,-5.286289896911889885e-01
1.177004808450343720e+00,2.034472705300816309e-01
1.059845616543630520e+00,4.863154453636591157e-01
-6.694642982921199525e-01,1.205805941796885689e-02
1.213473005469265065e+00,3.400793638825899690e-01
5.540181875254289734e-01,5.150151681357068023e-01
-4.172452361641503238e-01,-1.642091834139657036e-01
-7.034576964627318185e-01,7.911091536707856031e-01
3.157811797096110595e-01,-1.053195165429722246e+00
-5.374260460120721117e-01,-4.655437826462341944e-01
-3.860532296784713324e-01,-1.568021087230233868e-01
-5.920916684950014997e-01,-7.942035261211577435e-01
-1.193165583364949461e-01,-6.617280889408166944e-01
-2.438736377408032563e-01,-1.603419248647415807e-01
-1.539114773674652437e-01,-8.244256833445914312e-01
-2.513543086849268429e-02,-1.285310731337412582e+00
-8.990322444229029708e-01,8.269553565959264496e-01
-1.879484071335109363e-01,-7.197536345179599282e-01
-1.021161684888309829e+00,-2.865140695179499430e-01
-4.183328162515644877e-01,1.089964141528623476e-01
3.035673555097879173e-01,2.804172231110704794e-01
3.161313791574167920e-01,-8.463904444343683942e-01
9.471572350711041088e-03,-1.067854851769921121e+00
3.193154910775137800e-01,6.767776029372085667e-01
-2.015512814772053019e-01,-4.575551714917649448e-01
-7.614242656560777922e-01,4.205960070682705498e-01
3.383032250880851910e-01,-1.019544174580340634e+00
1.297833667395246471e-01,-3.357792197592392447e-01
9.564491917992739012e-01,4.619761618442554396e-01
1.180018136114643124e+00,-9.533800264206937838e-03
-6.472474925838250792e-02,-4.527083371409849066e-01
1.696157074302117929e+00,6.027611628703980484e-01
2.404479336447803151e-01,8.356181651782934594e-01
-5.344055598682747599e-01,-8.858296534903058461e-01
-8.297839755790906713e-01,3.568768008513972245e-01
3.610298401934771140e-01,7.976045961168209963e-01
1.196719189331116318e-01,6.433720219184306810e-01
-3.808050793514943799e-01,-1.304675762006824558e+00
9.671780354691095205e-02,3.259609533830568756e-02
2.110430843958213953e-01,7.653961461369710451e-01
-6.274869245273743124e-01,-9.641990285341225930e-02
1.544145860133564696e+00,8.336554899577244271e-01
5.850483780814687007e-01,1.863104262549552859e+00
-1.008821902308825597e-01,-9.374917016470513120e-01
-5.070170602885540889e-01,-4.523568842459280148e-01
-1.758747658644543577e-01,1.546594377032590173e-01
-1.162598175506188491e+00,8.835317749100605189e-01
-4.313241551850764410e-01,-7.110614860339636856e-01
6.206311385320386620e-01,-7.466797914129251756e-01
6.711945027203816139e-01,7.132190205481722112e-01
-1.167610845177449869e-01,7.597801961335759469e-01
-4.432973841304786722e-02,-3.862869241729571246e-01
4.795814322698924159e-01,-1.120526761791035941e+00
-1.705827545669022227e-01,-1.216478065124353414e+00
5.949923937123217099e-01,1.264940869643408350e+00
6.577818202322288643e-01,-2.314070658273851000e-01
1.929189279515897415e-01,6.580693987571779591e-01
2.309297865873651823e-01,1.123017893822190194e+00
-4.241044718220998710e-01,5.860118244838270485e-01
-2.890155385620553075e-01,1.420200694829129251e+00
-1.267946214172408714e+00,5.246598863163750570e-01
1.044281618024659464e+00,1.112141141679758860e+00
9.178012187960160606e-02,1.072760153797902571e+00
3.662032946797111332e-01,-1.088971730104294044e+00
3.975821113682918850e-02,1.067753777752310063e+00
-4.095237314783916061e-01,-2.323660138712891066e-01
1.316474201156470070e+00,-4.806144014810299625e-01
9.604777388512593106e-01,4.954686507652092398e-01
2.567848251517705904e-01,-4.068923393444948133e-01
2.725467179331561574e-01,6.220466500343969640e-01
-2.857146608477009186e-01,8.514948387102498628e-02
9.065708249451606693e-02,-2.531149548464874943e-01
5.703890027645900362e-01,-3.837025941939516405e-01
-1.271356903940109362e+00,-1.193012895080395763e+00
-3.961732932338485336e-01,-5.821444470415854111e-01
1.494175362931214612e-01,6.985117185021927355e-01
-1.578030984556690608e-01,5.742521028082593348e-01
-3.282780535467174077e-01,3.855599654637923424e-01
-2.532965269644624901e-02,4.457648044247950470e-01
-3.971646945268728079e-01,2.943409979165537149e-01
-1.097697664463538114e+00,9.469188596214443976e-01
1.547388797400546911e+00,4.248138143459808114e-01
-3.128224506496016244e-01,-4.098525325357571525e-01
-1.451255544179412160e+00,7.992639428440059812e-02
-1.484001265903928113e-01,-5.923769450531204406e-01
-1.437249263911151154e+00,-4.256662390258564854e-01
8.953887792749064545e-01,-1.546799509643807802e-01
8.491309543455116682e-01,5.141963968518078465e-01
-2.937565833670887500e-02,-7.989696914727011379e-01
5.742856375393824431e-01,4.740245821826885031e-01
-2.233666901918444636e-01,-4.654321036220067653e-01
1.183166765108153440e+00,2.605717437239315482e-01
-9.962823177662674112e-01,-4.549176553026108571e-01
-3.284199898639646453e-01,-8.347596717517321574e-01
2.992867634790059017e-01,9.731686424011978332e-04
3.537621838635177703e-03,1.230158152988298781e+00
1.651078755956859323e-01,5.880485844307991039e-01
-6.374267525931970324e-02,-8.081648230944272759e-01
-7.381194235281053340e-01,-7.432383098419625966e-01
8.378728736289698942e-01,-3.326497441889303408e-01
3.228313568747372964e-01,-7.846129168216688932e-01
1.011068975594507924e-01,-2.713385325377842272e-01
2.528623549264204518e-01,1.695366482220821980e-01
-1.448533402763985956e-01,2.326408651387542603e-01
8.611639445238492008e-02,8.365873568878807731e-01
-4.205314535735654724e-01,1.347220806914211158e-02
-3.581743800962309821e-01,1.365692586813042897e-01
-5.003711800452451675e-01,5.716501054731295411e-02
5.181734887326500810e-04,4.546193349247576454e-01
1.379870946784481078e-01,8.955197538092075638e-01
-2.880520002026080162e-01,-1.003190904466032984e+00
-4.099736452045098234e-02,1.253869310728023434e+00
-4.965661961248287737e-01,-4.061567584182630974e-01
1.477796273607178801e+00,-7.292533837092173288e-01
2.396007672154421009e-01,1.562673882269983050e+00
5.527469143753900305e-01,-6.949285828006271926e-01
4.887903351764922300e-01,1.037051629039761114e+00
7.613179049337431836e-01,1.123186650821768717e+00
-3.768673153123140440e-01,6.112746712431553764e-01
-6.222846768159780995e-01,1.016705789703644669e+00
-2.171008937188585036e-02,1.885292038901430212e-01
3.004246739427960944e-01,1.637223324980915662e-01
7.213779037043281939e-01,1.094702355866928212e+00
1.474063413418332802e-01,-1.645043935065107377e+00
4.534981127299613779e-01,-1.150860126141719925e-01
-5.744180101090416990e-01,6.123334065067597143e-01
-1.784170706512390459e-01,-3.902045627343706524e-01
4.234715315191052709e-01,-9.208905705849358414e-01
-5.255378292939366647e-01,-3.216045138719583751e-01
-3.871323341210540780e-01,-1.582044740812581063e+00
-7.124374882248353247e-01,8.066288584089668090e-01
-1.142387306098467059e+00,-6.825205262199435241e-01
-1.554868248557467469e-01,6.552260410873402829e-01
5.285508394068952898e-01,5.432188992890261137e-01
5.677517682020870593e-01,5.059725463045997573e-01
-1.083826353100348472e+00,1.630081625079246033e-01
-8.408153947343177670e-01,1.784707756235634823e+00
1.004454710381108784e+00,-3.867732989088449314e-01
1.224715547017045103e-01,-2.930256894006526558e-01
-7.203144140061016332e-01,1.827017662075378357e-01
-3.958734464050525648e-01,-2.130559315231303485e-01
2.076294139884836687e-01,-1.019767310875210553e+00
1.459250555046110454e-01,7.276694075398737471e-01
-8.757865062318349603e-01,-5.243208382793187461e-01
9.938806306304337479e-01,-5.528655595226645847e-01
-4.127532190539875967e-01,-1.255284132432412658e+00
5.537897757000725951e-01,-4.333545093206397358e-01
3.502681880382654267e-01,8.026962590541306675e-01
-4.770309076347555299e-01,4.998560173672015883e-01
-5.259775010499708608e-02,-1.133285688342892561e+00
-2.545998798088616177e-01,1.387951528428105652e+00
7.607533232325179862e-01,-3.773961310587070073e-01
-6.826197516568529577e-01,-3.454786836839978115e-01
-1.302631901453442653e+00,-7.045910616275560256e-01
6.370706004465818140e-01,1.343927592525993253e+00
-8.688420066792249541e-01,-2.553235691121591433e-01
2.432598678770465650e-01,1.093302682189148944e+00
1.703312473961437812e+00,5.669246046578534370e-01
-2.219347884160600415e-01,3.234747232049608456e-01
1.211685821227766330e-01,-3.386866206561069959e-01
1.115307717573951640e+00,2.882104765990293194e-01
-3.666631161015498352e-01,-3.839611460794679632e-01
-3.540513848227767046e-01,6.211750542351276438e-01
-2.997544975694755864e-01,-1.188756459689930545e-01
-3.689059819589384226e-01,3.988644954920331775e-01
-1.907996551363251581e-01,-1.213969887905325395e-01
-7.678734684371888441e-01,2.649837800152260447e-01
-7.664892026835945504e-02,8.067010071726997689e-01
-5.349577612616974731e-01,-2.186176293472012144e+00
-3.180863284303577787e-01,-3.759306084059825248e-01
-9.088121209256518895e-01,-8.607133398971561489e-01
3.147183846022664766e-01,9.147407517340684358e-01
-1.333626564070193032e-01,-1.719541344014039463e-01
-4.717771594376001243e-01,9.276788410726399814e-01
-2.651405616890428196e-01,-1.041385879594993291e+00
3.714074690899798470e-01,1.130433673826215735e+00
-1.534337703523485086e-01,-8.628448761166088721e-01
8.245463450751230328e-01,-1.660121885909718431e+00
-1.386646087426224860e-01,1.999285555092832622e-01
-4.934971157162804656e-01,1.061630172176213582e+00
7.244746859340029932e-01,-1.580799418073822460e-01
1.033901928488982325e+00,-1.155831481276028194e+00
-1.576588693149410247e-01,1.270854683483620517e+00
7.377925755094972837e-01,-1.080341050473486053e+00
-4.954993571801653007e-01,-2.670937636441574337e-01
-2.399318260131561575e-01,-4.045965923074185122e-01
-6.534217914931720328e-01,5.826531830593723038e-02
-1.821953554704880129e-01,-3.909683769949157117e-01
-7.341571208794090975e-01,9.765420560677451345e-01
4.570820355421931214e-01,7.781947958922340591e-01
-3.729361562786915885e-01,-3.624039650531807877e-01
-1.508342392994923842e-01,-2.835259981375110039e-01
-1.577687701305958257e+00,3.349789920213303018e-01
4.574679387324228630e-01,-1.211236183921181819e+00
-2.883302409207778513e-02,2.162693810628567026e-01
7.498415479447265164e-02,7.911563186403549608e-01
1.130785810870113206e+00,-2.265212394092923076e-01
6.153326469840844082e-01,-3.876867767133493903e-01
9.973954920376796318e-01,2.896892450150125864e-01
9.446993750966474757e-01,-3.935284541156666704e-01
-3.089658089904861460e-01,-6.029814178568476679e-01
-1.147629383505406553e+00,-1.913274707954525089e-01
5.730553227507338976e-01,-7.223878137795225474e-01
-6.135787201099778265e-01,-8.529215511569395725e-01
7.014331367512783855e-01,2.897601522951398501e-01
-3.509452408595695183e-01,-1.780305071401747652e-01
3.079115851731039077e-01,4.800634286549975704e-01
-6.236175066960750746e-01,7.377021718489416013e-01
-3.061281735021220696e-01,-1.608015993429975088e-01
-7.470896865095827399e-01,8.267154965250074206e-01
3.223982264844313939e-01,-2.317722300053746687e-01
7.161224597120253721e-01,-4.769163602540291147e-01
1.043144284434201596e+00,-4.942663534717577356e-01
-8.844591125711440682e-01,9.953489105171621221e-01
-9.399126993545867670e-01,2.457784607230849017e-01
4.359274789776605430e-01,5.889700002213834606e-01
8.277737115027051784e-01,6.060846559703048086e-01
4.838167521319737263e-01,1.107928267387449234e-01
-8.120879090299223391e-01,-1.020749402564573804e+00
9.955425865686538811e-02,1.632350451071870601e-01
6.040628779531133086e-01,1.501238791844933917e+00
6.134138174598013915e-02,6.962871607835594556e-01
4.204844055649050172e-01,1.698936164148162842e+00
-8.683955182045548504e-01,1.929000958521918940e-01
-1.770999896787424643e-01,1.042897641286150368e+00
1.508153391080002403e-01,1.734123272029804708e-01
-8.856756761786783727e-01,6.757372604670598415e-01
-7.949903551071664243e-01,-2.178110152533563770e+00
7.673598694717055635e-02,1.293341083405576297e+00
3.270097493202637207e-01,6.249025809050887670e-01
-1.332128121423245215e+00,1.917218797142150377e+00
-1.397802689672845045e+00,6.631238324066380807e-01
-4.233347031204721111e-01,-3.825782120717006185e-01
1.185533268520804651e+00,5.266102232197193977e-01
-1.109611782055242912e+00,1.859403345645318506e+00
1.259404302202711490e+00,2.616208037578405254e-01
4.193477389948592760e-01,7.206128632526616062e-01
3.309522497475869129e-01,-2.953281194378030161e-01
-3.349154123343280887e-01,2.798279086942406235e-01
-7.915614415166806195e-01,-1.320253144825391800e+00
5.871789090624452562e-02,-9.599434283339540463e-02
6.317352684343350289e-01,1.648413797210349085e-01
2.076635888218928971e-01,-1.362523641577561895e+00
-2.870067398976602902e-01,-5.769662638639728724e-01
5.909666988157421530e-01,1.257087636474293335e-01
-4.089698967571055443e-01,-6.327163187164203118e-01
3.761930602065870488e-01,1.003376578769020533e+00
-6.240271499210543471e-01,-3.064716205571035856e-01
-4.263562275677545976e-01,3.493546437415673833e-01
-3.719229476474946727e-01,-3.239978780314193840e-01
5.329228865092806577e-01,-1.450808936101222746e-01
-8.775175034166023957e-01,-1.905604022623589300e-01
-1.059289612262966918e+00,-1.637762499013560857e+00
1.259841157581319537e+00,1.003206688665352564e+00
-5.244671830583678140e-01,7.554677669280442931e-01
1.639796921715018563e+00,-5.448411748204851079e-01
5.372598522976993474e-01,-4.327386361088831346e-01
-1.230625415631030117e+00,3.873751309290615619e-02
9.133903308531394760e-01,-9.189210924832771354e-01
-4.638113396798205362e-02,-9.984102805524657301e-03
8.061203416530670074e-01,4.847020791146795515e-01
6.939077094874389617e-01,3.217424847513125075e-01
8.207904419790396089e-02,9.371805036628445551e-01
-1.799053214542586654e-01,7.773902660819533017e-02
1.337663448341147310e-01,5.514177230117257578e-01
-5.235252084366127656e-01,-3.667912398807847696e-01
-1.225308343504300179e+00,-3.147372583919862965e-01
-4.694443071362934261e-01,-3.639306857486577229e-01
1.100157627541129696e-01,1.722799633994559765e-01
-2.970281677574759804e-01,8.914069774219714193e-02
5.626048213686694055e-01,-2.502267899092448095e-02
-5.373400334694289349e-01,-7.807754561414869121e-01
-1.075631401576562896e+00,-4.363945206639491259e-01
2.263887485775752662e-01,7.563567603823960761e-01
-3.149681144478424510e-01,-1.800379949488292719e-01
1.217637010676792420e+00,-2.831528002501042529e-01
-1.017798913508448866e+00,2.596377832881912109e-02
3.549931638224149699e-01,5.944138846599411607e-01
1.341587741837305114e-01,9.129560736722371062e-02
-5.587800169762585645e-01,-1.159557423596689896e-01
-1.002653129430748358e+00,9.809258112785957939e-01
-1.006523680605531990e+00,-6.413495589311795086e-01
1.097445493370736269e+00,6.530693035342564068e-01
2.733382472914689526e-02,5.971418249092792507e-01
4.812763008715437163e-01,-4.563781622521676518e-01
1.289691367519050003e+00,-2.803370244325096294e-01
5.078070574903823520e-01,2.019348148570626091e-03
6.494852553882810575e-01,-7.962258559343127207e-01
5.612325451941093668e-01,6.332985783104482236e-01
-1.135081825361110575e+00,8.130892773156446207e-01
-9.108250075032690019e-01,3.484864831244663397e-01
-1.274051126899110153e+00,7.999309589352397720e-02
3.888515862473907458e-01,2.021994565245043840e-01
4.844238323286989556e-02,2.747516416298416697e-01
-7.442774210662536638e-02,1.084318826171562389e+00
-6.636661519489034378e-01,8.393153373545914064e-01
3.182799285521267230e-01,-2.568287356998521509e-01
-4.787346523898224349e-01,-9.397130580138283173e-01
-3.305603020395483371e-01,7.538487911387459217e-01
-1.378134655798212704e-01,3.027452175044470506e-01
-8.839030698357684956e-01,2.367961945655656097e-01
2.493911377392606446e-02,1.356750625872718552e-01
-2.240676376679685139e-02,2.852308361030166939e-01
-1.003826373782980425e-01,8.672545872443226944e-01
-1.195890714274040922e+00,-1.217392792941140334e+00
-1.744637197733636125e+00,-7.546605311725362863e-01
-3.706617148799661310e-01,2.481105211765594898e-01
5.513984132675204819e-01,-5.165089511778691023e-01
-8.394120949419400235e-01,-2.053543944961256640e-01
1.060660164262787086e+00,3.348570300564863711e-01
-7.519097588463703463e-01,-2.163319303996106058e+00
-1.503756341228069393e-01,6.082137136120779886e-01
-7.422242608501354866e-01,8.203890512141599756e-02
-6.711414180922982142e-01,-9.341612841530625433e-01
-4.585806758065433253e-01,-1.049150964997133562e+00
9.499770662837030422e-01,-6.266909162175586800e-01
1.106332912114419420e+00,-1.995135707631969790e-01
5.832714518809436477e-01,1.448797199239865163e-01
-4.712655462816954799e-01,6.773107729162716195e-01
-4.825037425136610714e-01,-1.395677775088706093e-02
3.597881597207323173e-02,1.562250982954208100e-03
-6.755841333785896907e-01,9.036818094237537569e-01
1.395468773093151149e-01,-7.870079150687960823e-01
5.703151588564817631e-01,9.933758267703771683e-01
-3.451355318835576114e-01,-1.896976201174699166e-03
-5.602529730197717273e-01,-7.829379358660147892e-01
-2.397853248951254956e-01,-5.872461718222654614e-01
-8.833158813804387055e-02,-3.491544290719596488e-01
9.593279815834653279e-01,-1.102959576866619829e+00
3.154583091197675215e-01,-7.226909045568290502e-01
-3.926472976400947196e-02,3.432686222351311739e-02
-1.217166987721639115e+00,4.557539953059956406e-01
1.091489034586460780e-02,2.002921646421762791e-01
-2.259529850501678372e-01,-9.963456278224324114e-01
-1.100181033358913762e-01,-1.120064147751214323e+00
1.118302952621647695e+00,-5.467923053308458847e-01
-7.677593269018571087e-01,1.976267390675688240e+00
7.113306419337612763e-01,1.495766255556574720e+00
-3.855563761278801849e-02,7.628983858813899177e-01
9.751509293068416628e-01,1.892603803166397758e-01
7.700814355295111380e-01,2.554747214153784141e-01
2.105069820818365398e-02,-2.294059085417355648e-01
-4.751517592077529328e-01,-2.110267927143669731e-01
1.857353985560325826e+00,-5.228384440892254459e-02
-5.133561517984449596e-01,-6.724503994935522311e-01
-3.356558582208133967e-01,-2.141192790766429099e-01
-6.035290525219672020e-01,5.067459375630419816e-01
1.738717999215901588e-01,1.012661652895182396e+00
-6.023485235243302149e-01,3.136507597599815234e-01
1.122294165362496932e+00,3.522781496357348385e-01
-1.360330222722821447e-01,-6.698457768177500382e-01
-2.949688389169691782e-01,1.722946959158864477e-01
-2.921515265788331428e-01,2.731013377345245519e-01
-4.572982021659300900e-01,1.154541435152922624e+00
7.019438062438700943e-01,-7.703135911731635865e-02
-8.308664700801353664e-01,3.523770725957058869e-01
8.873345806042728379e-01,2.983628539300339777e-01
5.186705129092573224e-02,-5.027839082468563842e-02
-8.710781647907693548e-02,4.695333884120986845e-01
-3.553195449245828974e-01,5.805589557984399893e-03
-2.085169066038775387e+00,1.075727198578916743e+00
5.613539462184088391e-01,-2.156555450438438770e-01
1.662881929960612348e+00,-1.069524111833609403e+00
1.575047851570206270e-01,-1.995793834674555456e-01
8.615045951287519932e-01,-3.752104673330178275e-01
-6.304635976362954475e-01,1.259421545588061131e-01
3.920436668873140129e-01,6.279194714662594823e-01
5.197259196974451240e-02,-7.784468956147028162e-01
-4.501236590715246982e-02,-4.164350195698599544e-01
7.226718218975773933e-01,4.591310332763385293e-01
4.541158973559470402e-01,3.341110218178081070e-01
-1.461868411520538535e-01,7.984289488643177279e-02
2.421324360499815254e-01,-3.819073841829189603e-02
-1.952261922102848934e-01,9.902312312841813138e-03
-1.414219315973677150e-02,-8.111001915069537133e-03
8.982385580599424602e-01,6.128112944365783354e-01
1.474192898088043435e+00,-4.330488912769565601e-01
1.203195422693149830e+00,4.736002995364360819e-03
-1.010027199446897228e+00,-1.596281826765718836e+00
2.374922463622763491e+00,8.198514347317699125e-01
-6.969439687497815950e-01,2.764746296926994806e-01
3.694583419479037234e-01,2.798500324777294934e-01
-1.175252417001253213e-01,2.292210502191398547e-01
-7.970140147384759954e-01,-3.807086078447440292e-01
-2.171208038417244968e-01,1.153819493461502255e+00
-6.571371321423582490e-01,8.646309572256436482e-01
-8.785342057198548549e-01,-7.443924872056142950e-02
1.274288871609229989e+00,1.241218131542633163e+00
4.946620429739224944e-02,7.791221019143266258e-01
2.434126244117981730e-01,-8.933320966371657845e-02
6.234297077650261532e-01,1.739374006158833988e-02
1.326421374658989516e-01,-1.378188701176527919e+00
-5.000183370894523138e-01,-6.006368761051887606e-02
1.209694462381856600e-01,-9.382335041287058752e-01
1.029738475051345664e-01,-2.553458253663496991e-01
1.383763810705372244e+00,-8.576280715550143041e-01
-2.693005333339902954e-02,4.234318462626712187e-01
9.405504975321836714e-01,-4.952433868635204295e-01
1.420894053345642394e-01,4.801007661278080541e-01
-3.001404649174291284e-01,-5.615860083481321041e-01
-6.779888331648089572e-01,-8.623940012441433378e-01
-2.359350428568635749e+00,-1.520822791526340312e-01
5.481211202290806606e-01,-1.164322488773868125e+00
3.893063930421427066e-01,-5.707680983295999599e-01
7.080136592083874358e-01,4.213465561955324068e-01
1.796457251995137616e+00,-7.504902833644485627e-01
7.532361220232770549e-01,1.063166268965634043e+00
-5.723942891004433209e-01,4.631726841703972392e-02
6.504086298201597338e-02,6.602356435806047141e-01
7.892867484044008286e-01,-1.020988599481914116e+00
3.052645458600568018e-01,-1.270511630889041177e+00
1.450491080386145382e-01,3.323448167584716617e-01
-9.667473748396511191e-01,-4.404100613173351220e-01
-5.552211219497108496e-01,4.182955644801193973e-01
2.264458019249151466e-01,-4.595997359235366453e-01
1.776206722555870032e-01,-2.470692210806674574e-02
-5.962409944907636206e-01,-3.173053875818555025e-01
-1.360040561156885097e+00,-9.120026709061192227e-02
3.712942042182693081e-01,4.589616722568815727e-02
-1.999911904330943513e-02,-1.284891848870965969e-01
-1.484772740368965893e+00,-4.000582215869157854e-01
-1.243406856911175376e-02,8.984992218474787684e-01
-1.420721253662517725e-01,-5.382519867384610857e-01
1.132527452346898250e-01,-8.892082806429411901e-02
1.871175367885192509e-01,5.516355746479221223e-01
9.132669255328152991e-01,2.030808085460718004e-01
-3.200617049260383318e-03,7.801671462696024850e-01
-6.528714948185684319e-01,1.509361858608317952e+00
-8.442813197644705170e-01,-1.050106385848942475e-01
-2.702062491643515418e-01,1.203916428092428825e+00
-7.015346724023456826e-01,6.236435525429599377e-03
-4.458428497325375162e-01,1.337392359010565857e+00
-5.032530745976817460e-02,-2.298566031701782530e-01
5.176612663275284021e-01,-2.387055567535332698e-02
2.490236851802289653e-01,7.215816032045598849e-01
3.805816462088617014e-01,-2.059577455363653942e-01
5.191192783820861578e-01,2.121796569259582821e+00
-4.424687385157043962e-01,3.250808239439099134e-01
7.036150935306484389e-01,-2.262806618243891621e-01
-7.646200223169260513e-01,6.340436877626547396e-01
-1.659093080178430046e+00,1.572821914664125575e+00
-4.570211668375175895e-01,6.476944332021680184e-01
-7.368909155389695709e-01,-1.206675070896352286e+00
6.854289553052625994e-01,-7.204474671399430097e-01
3.014754495486831609e-01,1.063098758242194131e-01
4.861723689737722509e-01,-5.117229803283458445e-01
-6.629240548423434021e-01,-2.359417768644460345e-01
-2.683439198005838078e-01,7.345053842234254837e-01
-7.713513469278492352e-01,8.393016789454628424e-02
3.002755253736030250e-01,-1.130214762547596952e-01
6.120479842948841620e-01,-2.457639572421503327e-01
1.453653502384622431e+00,-2.686654237851398563e-01
3.133308527263256038e-01,-1.092354855689428250e+00
6.328839253047321423e-01,-1.169138188857620886e+00
-2.964646143138610634e-01,-5.660318223271633142e-01
1.125796266489625594e-02,-7.501314352960548604e-01
1.805894108453092839e+00,3.035221648776325609e-01
-6.916863312563199528e-01,-5.346926790553424569e-01
-4.881954434199125004e-01,-1.385199565767198271e+00
2.647477014032001974e-01,4.069597830880835598e-01
-8.086501395800917147e-02,-9.949753906538986170e-01
2.119494852084278722e-02,-1.930336332825561552e-01
4.548596735082857667e-01,1.071964335726424578e+00
1.547590758545078771e-01,-7.107741346045560737e-01
-1.090261236879970896e+00,-5.792881774708704690e-01
-8.297587656619468399e-01,-3.353410073559109361e-01
7.368424210141309716e-02,-7.248907725544890823e-01
-1.621033408704892098e+00,-1.070445783169908793e-01
1.327855462636456485e+00,2.894587055828276023e-01
-3.070246668833389592e-01,-5.147845083948328071e-01
8.593784365044783158e-01,5.659229469460643758e-01
8.064221812603209472e-01,1.663514917917703118e+00
1.297054750086590769e+00,6.181448614411848563e-01
2.119783755919302792e-01,-6.802339291195679261e-01
1.373807262707380739e+00,-1.902735295229852075e-01
-1.292410150738714236e+00,1.985833537055113007e+00
6.802542995427730554e-01,1.075253133928313787e+00
-3.338512038104938795e-01,1.160351656359054906e-01
-5.711419320128489074e-01,-5.516850175844943971e-01
-3.553029958771741770e-01,-4.734690144440202308e-01
-4.234286479969405215e-01,-1.347114856540549965e-01
9.054597405974808000e-01,-1.172137781314118027e-01
1.967280739655886124e-01,-1.058802020851214554e+00
1.464191491729057493e+00,-3.901183736574499461e-01
1.744253255643500311e-01,-1.515584750428810024e+00
3.031911461313073208e-01,5.978494017881232914e-01
-5.074472002539499871e-02,-6.862280807080353151e-01
7.750116463172694869e-01,7.399493799330765231e-01
9.200717261236107669e-02,-6.118035937643475641e-01
-1.338684076507737570e-03,-9.604851061542667157e-02
4.464415939506382047e-01,1.254496242222929325e+00
1.808531703042832506e+00,-3.378386837511384577e-01
-2.468068064774358861e-01,8.714492292020707964e-01
-7.816445491389465428e-01,-6.208887020607404272e-01
-7.896719855011464784e-01,7.768216673170813547e-01
-5.558815867615259781e-02,1.420174996086803532e+00
7.148463730441823039e-01,-9.445469403767167149e-01
1.064255581685013136e-01,7.660775593620889889e-01
5.098973455215957511e-03,9.354012747250785020e-01
3.246840675044001534e-01,7.049757368979453487e-01
5.582631324231237535e-01,-3.257163948541341725e-01
-9.509804945535268450e-01,-4.306735035886953278e-01
7.561463480569183826e-01,-3.195293672881362457e-01
5.248914780124098733e-01,-9.139885562228811100e-01
6.132357419438044799e-01,3.357831842717658999e-01
-6.990503420871578832e-01,3.666531512580006869e-01
2.173641067786858949e-01,1.654055066267858809e-01
3.349813634099801374e-01,-4.167914880584515647e-01
1.206241572596568279e+00,1.100677791075057144e+00
-1.110184486317741692e+00,4.983389980753918369e-01
5.080541163925303971e-01,-1.662660998732354289e-01
1.018578420312563626e+00,-3.355391389743496156e-01
5.382881607005944868e-01,2.227852358000990129e-01
4.596992405047720109e-01,6.800597356985611519e-01
5.599508014538805423e-01,-1.418518845703496400e-01
-5.106187538232909162e-01,-6.547620625233490088e-01
-1.262049444431074196e-05,-8.027170053979801878e-01
6.709304324364342431e-01,4.305525855065827634e-01
8.537471753666694418e-01,-8.344519766953871764e-01
8.529383654249492741e-01,6.476821286709500969e-01
1.800735176374987090e-01,5.207743540600816567e-01
-1.801327005228386124e-01,1.307867111637307511e+00
6.252751549135463494e-01,3.322472864810741000e-01
-3.312641532680379169e-02,-1.009868379849360620e+00
9.903435159865069393e-01,1.467009107453796091e-01
-2.199782932875632424e-01,1.082041439322847659e-01
-2.648226242863857549e-01,-9.351723265476096225e-01
1.068821058320843509e+00,1.165184981501643513e+00
3.283604822036481075e-01,9.662305656212486493e-01
5.408248301057736462e-01,2.243910347478647593e-02
-1.716426126972594168e-01,-5.451547614857452650e-01
-1.765046601037156548e-01,-5.803761802884566112e-01
3.977296705561907952e-01,2.423067121019924774e-01
-4.581255538753075673e-01,-5.390467758935960640e-01
1.279999296305768475e+00,-3.883941075855748548e-01
4.108183485889242981e-01,-5.652465935655488494e-01
2.886337676811590591e-01,-3.566823028595343392e-01
1.332829913089910723e-01,9.398762128261765048e-01
4.845797141538253361e-01,-3.084254390891445069e-02
-8.520685349090499905e-01,-1.501819874718998804e+00
7.728454814569637454e-01,6.844457602740335045e-02
-1.791837607023641643e-01,9.274387816640093929e-01
6.674064233914848154e-01,-2.584475763454330624e-02
1.780410025277021913e-01,4.567090102289045883e-01
3.142942516473908876e-01,1.009639565124399230e+00
2.976917401276472641e-01,1.647829827023131744e+00
-4.968979574250588227e-01,1.200122264517988063e-01
-5.712904250395923755e-01,-1.366366058362245450e+00
3.417775149765386322e-01,-9.614514663716016152e-01
-5.111973910994583870e-01,3.298718895088448289e-02
5.425375380745069975e-01,8.714272135325095148e-01
-1.477341406989094996e-01,3.115151226530166739e-01
-6.952307363431696752e-01,1.377082971906103293e+00
-4.163210443667305083e-01,1.372940845606361426e+00
-4.745695264799053015e-01,5.441820165444978263e-01
7.526337440843115789e-02,1.034752831691343189e-01
1.420711450109798379e+00,-1.056324498556547642e+00
-2.163803390602470622e-01,5.797026568847538641e-01
5.602939439641471120e-01,6.241522110056839656e-01
-8.164459937063145434e-01,-2.216077608651902509e+00
3.515930760613973360e-01,-9.576142430268634875e-01
1.217727692222696056e+00,-5.964058751447427476e-01
-5.818120815077371111e-01,-9.623766277967347182e-01
9.781208441609485771e-01,1.497025327923205973e-01
4.697608523380705225e-01,-1.439607806611042928e+00
-7.684187109930851189e-01,4.760294615745561675e-01
-1.053776022621996322e+00,2.844333390049839927e-02
2.622210575625151252e-01,2.626698519683717259e-01
5.943098906473220228e-02,-1.402436707140163996e+00
8.623073191055503628e-01,9.971992594824677925e-01
1.935382660591982995e-01,-1.394032044760376010e+00
-3.878636219361737414e-01,-2.898245816244581774e-01
-1.549002128019687952e+00,-7.552338398272843145e-01
-6.596140062575766017e-01,3.894073369195875656e-01
-7.209043229175122747e-01,9.019101934365832962e-01
-2.113702144719491749e-01,-1.317773628194816249e+00
-6.794374508533896906e-01,-7.887243442294679108e-01
2.461142328129242440e-01,-7.957567776266371018e-01
6.167399359166664263e-01,4.925980145294741458e-02
-1.516487156622246424e+00,-3.489404147026839431e-01
-4.771398625081912925e-01,-8.038665866283273287e-01
-3.098139023302112216e-01,9.060492918481288793e-01
-9.296723446625138054e-01,-1.201329579476947615e-02
-2.619148279251483080e-01,-4.177546715122196774e-01
1.063909717949660605e+00,2.179794390093642009e-01
-5.096340716587751674e-01,7.244137845833225064e-01
-1.132877197162966088e+00,-1.541080920993770809e+00
-3.235304912661168819e-01,-1.574209012525753737e+00
-5.778712636507428169e-01,8.319194674223374664e-01
4.068586985019847502e-01,-7.516950183026679388e-01
3.716727966934469385e-01,1.071955019634121209e+00
-3.145020586789117750e-02,-3.028827429163086782e-01
-3.005222269830780668e-01,-9.913190727927915225e-01
-6.700002686476076441e-01,-5.397748167875608960e-01
6.186112163274812836e-01,7.020595614845088761e-01
1.823253418644927626e+00,3.817450134313321031e-01
1.141728986331994156e+00,-5.240523270208236051e-02
-9.571111732267517658e-01,-2.950171097542655385e-01
-2.572649278063766642e-01,-1.936963459940917454e-01
-6.663686263117143405e-01,1.900506269262097980e+00
2.836632054800057867e-01,7.255701673397810247e-02
1.153148430489127491e-01,-6.890759668663460902e-01
-7.133472237912898972e-01,1.766910836405397034e-01
-2.274984507008281365e-01,-9.619273161445992537e-01
2.750678873676031810e-01,-9.456005747474987011e-01
5.492576810403747567e-01,-2.852774185186577327e-01
1.202607529921005725e+00,1.118752303802028614e+00
1.198130813454148846e+00,1.288696842788938035e+00
-3.859224400327307958e-01,9.065539890464991979e-01
6.710091789834570219e-01,-1.333831312891950727e-01
1.828407007732504308e-01,8.795472032945169660e-01
-2.526912409660171388e-01,-6.133752966098762194e-01
-6.913980081035275838e-01,-1.275454543326510759e+00
7.178735042016988199e-01,-6.246987250459180574e-01
1.311379020429472714e-02,6.517210619947406691e-01
1.151506616026926749e-01,1.231417611470425749e-01
4.272537499455886234e-01,3.018211814772161494e-01
2.148362617950758668e+00,-4.456569494499464934e-01
3.587516319441023671e-01,8.976832844070949946e-01
6.403748386328612652e-01,-8.011419882675083759e-01
-6.593801463340595581e-02,-1.209479491621122005e+00
-5.073105462076433758e-01,-2.747792698491000607e-01
-3.694715450214977048e-01,-1.081893528998529197e+00
-8.509041450162634357e-01,-7.091658011006030105e-01
-2.163999789024548537e-01,5.445751496063256925e-01
6.833250196283813249e-01,2.114569602370217904e-01
-4.644361367142949004e-01,7.918457771597098294e-01
1.594200334866064939e-01,-5.159854938507564270e-01
-3.131898023675603725e-03,1.303160210112293438e+00
6.788509963624541621e-01,-2.487209331260331613e-01
1.065416262032765210e-01,3.705313454861257627e-01
-9.077754509429644125e-01,-4.723622776286262592e-01
-9.349324623753144103e-02,-1.218109590073774617e+00
-2.650454038559654224e-01,4.058604095173564130e-01
6.695675802843456537e-02,-3.377334477704722060e-01
-1.166379366296478870e-01,6.438835893700589619e-01
5.355897746514118873e-01,8.827289490480649814e-01
-4.414060979463514944e-01,-2.044043873134250067e+00
1.402957095624518979e+00,4.592209293067494591e-01
-5.134813509968939697e-03,1.955232157566429707e-01
1.020189054898131553e-01,5.534694291978835556e-01
-1.013614713419016988e+00,-8.644358548999768743e-01
1.173092403086234858e+00,5.073714423682381680e-01
2.411886967496925938e-01,-4.675267984193914317e-01
-1.057494692507728873e-01,-2.732117849734713722e-01
1.398732299946695345e+00,4.257535879918425241e-03
-3.839356879464239647e-01,-2.137078228457184037e-01
5.693833827256601365e-01,-6.708899569348843184e-02
3.767340212429984847e-01,3.869178810138060309e-01
1.934558163598232516e+00,-4.077317483114107355e-01
3.190770794690759860e-01,-7.822364720759125145e-01
-2.995211220171650757e-01,6.378940153412578917e-01
-1.348653077214834461e-01,3.865112346226755591e-01
-8.322078823719122331e-01,-1.119066429431117005e+00
3.403099060135039711e-01,-1.540019590083141487e+00
-5.745413657741258451e-01,1.555864387489202638e+00
9.370019059339288470e-01,1.862382680415462510e-01
-9.442557400469412388e-01,-1.006862775172089330e+00
7.154789240273023987e-01,-6.955209622980346174e-01
-5.404385444909879377e-01,-1.358374591333205483e+00
6.882034592348859059e-01,7.660052181894701218e-02
1.055715821670110272e-01,-1.185100617410841606e+00
2.178583327432613015e-01,1.803402371102764246e+00
2.414976226421176320e-01,-4.685252962059029413e-01
4.595037547635782982e-01,4.493105726472430561e-01
1.061393365485494344e+00,-1.237006117724128940e+00
-2.778092973120397380e-01,1.614532491244261014e-01
8.543061803035530144e-02,-2.721475311376774786e-01
2.689891226775349975e-01,-4.189233300218828115e-01
-4.057416549223087920e-01,-7.029055794054198669e-01
-7.227861961274323344e-01,-2.020090057120864924e-01
-1.086504208659970994e+00,-1.080069630645833639e-01
2.137411510302647422e+00,-8.530263503031836336e-01
5.123871686943654025e-02,-1.303891076289411255e-01
1.512785918688797915e-01,4.942037247684130108e-01
3.409999720892207264e-01,1.391046520312036350e+00
-1.161776854779816293e-01,1.308206557713708529e+00
1.621591354560200537e+00,7.597957179287556650e-01
8.746704325455014750e-01,2.805974388183052337e-01
6.730185870703060402e-01,-9.956428890793145303e-01
-1.200252882175581126e+00,7.756013632821850967e-01
6.780988580791870168e-01,7.170879888247775336e-01
5.382824739847122952e-01,6.936189433804628157e-01
2.604425270248957869e-01,-9.601905029494368637e-01
1.301257923101451774e-01,9.979203262906789773e-02
-1.931322800808798201e-01,-2.823876873696387624e-01
1.542324335807989444e+00,1.725860136500272923e-01
-7.463029410937854768e-01,-1.376831189286536139e+00
1.367904482713890590e-01,-6.799441395173473346e-01
-7.342847031708270578e-01,-4.408878095089106136e-02
1.926764994938739983e-01,2.073995326827005881e-01
-1.034048729441753744e+00,1.972309753005810351e-01
-1.361518789757739212e+00,8.336557979883056912e-01
4.532951844222670168e-01,9.399189299853255575e-01
5.624856225906257334e-01,8.703304351443444942e-01
-8.704785625230048174e-01,-3.269878746863420504e-01
-9.030979838690962325e-01,-4.701552555019717500e-02
8.546964644402563760e-01,8.240725045896677425e-01
-5.436247228791341035e-01,3.219760081876696933e-01
1.551858589988803772e-01,1.233435494533813293e+00
1.283136185256733008e-01,-8.000868199257457070e-01
-2.398451557009779744e-01,1.062831268196837042e+00
1.073789896068767291e+00,-2.068243920382953072e-01
-1.225225119645065586e-01,-1.138585360668410706e-01
-7.893859930022888438e-01,-1.318643591025628892e+00
9.350166009214988527e-01,9.262257749173102850e-01
6.935269418946780895e-02,-5.787646456855646826e-02
1.045484976404888133e+00,2.899218338483771640e-01
-6.263078564348663058e-01,9.299654031280177313e-02
6.599472464289917184e-01,-5.254865249634004254e-01
-5.027452463538558680e-01,2.629743024604226376e-01
-2.279738825710612982e-01,3.071125083076280821e-02
1.482404297254645009e-01,-1.446135788796620025e-01
1.268947621265312797e+00,1.538409584755663140e+00
-5.525119359234985650e-01,1.381196048277085087e+00
1.011560616311707239e+00,2.584867919633152544e-01
6.089949337235729399e-01,-1.105765153483702523e+00
-5.910565940988342648e-01,1.668232388053607629e+00
9.944046178100712785e-02,-7.358760538834220322e-01
6.064365887513157860e-01,-9.799027109712167560e-02
1.231173695531836143e-01,-2.886191634488194935e-01
1.108244681688202560e+00,1.247292009332638507e+00
-1.758575142361539001e+00,-9.141420852618538095e-01
8.215138680944263083e-03,-3.643732290163633203e-01
6.161399367320860021e-01,-4.926674556977045372e-01
-2.403396573648831414e+00,1.898739848466405866e-01
1.538978322874757221e-01,2.102365243145556343e-03
-6.754574676440903147e-01,-4.734718066835236910e-02
-4.977250218590635600e-02,-6.423450566460302269e-02
6.468419926601292058e-01,-2.029938904418497447e+00
6.533047521509602884e-01,8.442381467391883998e-01
-7.499775452336059356e-01,-9.247868787080664177e-01
1.649499895512191727e-01,4.654423963989817031e-02
-5.827894776424255019e-01,-8.681816963097118700e-01
-2.456135173315155684e-01,-9.976007864656855073e-01
3.422980276619886908e-01,-2.659681634897561597e-01
3.842204301281137435e-01,4.630594161089841010e-01
-1.126313252383956964e+00,-6.739294570649928540e-01
1.092575319502516740e+00,-2.885944347455788872e-01
-8.617059844008947422e-01,1.664680879239329947e+00
-1.012793129173355511e-01,3.136025657618924933e-01
-2.619476647234276201e-01,1.044324780954666299e+00
3.272268936249302373e-01,1.015363108390606728e+00
-1.914474334508111109e-01,1.103428861609259126e+00
-9.698683846945731490e-01,-2.589952257472047936e-01
2.503544098081215141e-01,-1.080974315667990515e+00
-1.965448030241634669e-01,1.796856980617462130e+00
-3.000817080801329029e-01,1.117425177851799623e-01
9.381395190695563935e-01,-1.530326614244816308e-01
2.049806018755107873e-01,9.272651861837795106e-01
2.014823134559250162e-01,-1.149487666069719749e+00
6.277535214710689981e-01,1.869178357645600100e-02
-9.292513418528006719e-01,3.702245803405768143e-01
5.145511498131243311e-01,-4.052459896164416209e-02
5.571857599676910411e-02,-6.029566839188765792e-01
-4.186155158075732796e-02,-3.251367183666763472e-01
-5.369639890098423241e-01,-3.702161668722925847e-01
7.461569256100442082e-01,-4.051351634338365981e-01
-7.131431340198189639e-02,1.427017304820606958e+00
-1.454615681349726630e+00,7.489185202798724905e-01
-7.997278208074970474e-01,2.398173587168978826e-01
-6.223347290395193215e-02,1.372561090248160420e+00
-7.710722542110792777e-01,1.148618384797719105e-01
-1.198008220597553741e+00,-1.126546804842120109e+00
4.920880198276889050e-01,3.235853004827660695e-01
1.021750962486845715e+00,5.134219938106165948e-01
-6.785232280865326482e-01,-4.690158933210932801e-01
1.055352420142237763e-01,-1.343786636879577445e+00
-3.544281866173671913e-01,-1.898641447718688313e-01
-6.606809585454412881e-01,1.204807829960691024e+00
2.338633795970294749e+00,-7.984256973690732895e-02
-1.369395229669307934e-01,1.146299619770785982e+00
8.968779550489602848e-01,7.742800611611070360e-01
-1.194171242456766757e+00,-1.306471084231359603e+00
6.774339929737300814e-01,-2.098183743397587786e-01
1.352968825976622047e-01,1.154478614416162563e-01
6.576616739996681282e-01,2.848934325664155276e-01
2.110323297131285192e-01,-2.533733262324674440e-01
-1.306129246944240263e+00,-7.528203437265642561e-01
4.894855149986110376e-01,1.362762654632783343e+00
4.061954155705908009e-01,1.249944046779630336e+00
1.258251485183544238e+00,4.070955128447697469e-01
-1.102083202170712761e+00,4.778785501176928130e-01
6.220110209105402799e-01,7.309934508869144754e-01
-2.594442230392921545e-01,6.101919288279906706e-01
1.289267006407909033e+00,3.670883373179944509e-01
-1.230568577898834559e-01,-1.316856983350671362e+00
-1.545085935790026233e-01,9.129279705351268648e-01
-1.092612536203357410e+00,-5.551484733959578532e-01
8.727442262643375637e-01,-2.158590806505817916e+00
1.024261734306491367e-01,-5.088857725611081184e-01
-1.323202146556670344e+00,5.492839840670357132e-01
1.441893940650219585e-01,1.143883401554864204e-01
-3.130620744547280010e-01,-6.121509570108357029e-02
-5.971687705944529467e-01,-5.619270264214765165e-01
3.466932847857331357e-01,1.362232095469880222e-01
3.331460978203173440e-01,4.786160512650953769e-01
-1.232131457124161500e+00,1.077004046172568508e+00
4.409655755910019126e-02,2.340890667064213504e-01
1.574507643569009741e-01,-1.132117686754424479e+00
-6.666521751596874434e-01,6.760136697730934063e-01
1.805919381656741207e-01,5.365196685809120458e-02
1.960572468363965537e-01,-6.485809938679507614e-01
-2.120405053493285841e-01,3.092878041448025028e-01
1.362894375800561830e+00,1.411630919387428351e+00
4.265432734648962332e-01,1.172829646246711821e+00
1.291275763032866841e+00,1.064272566508294826e+00
-3.190648684015037762e-01,-3.254754345306750674e-01
-1.002375341172792034e-01,1.337327435252749774e-01
2.822316648889244481e-03,6.941891130690236444e-01
-1.037883838097242856e-01,-3.655083866614431964e-01
-2.754091254320919502e-01,-1.558908205209073028e+00
-1.869421895506952203e-01,-1.427019894551280199e-01
-5.876093075199280147e-01,-9.727231891687120324e-01
7.357423825973926634e-01,-1.675365154596599737e+00
2.881182791040770574e-01,-1.052964060518298828e+00
6.166842843762545545e-01,1.279529625274850702e+00
-1.143107252418481268e-01,4.201101360054290135e-01
-8.858117525682365212e-01,2.033525041959569624e-01
-6.144249621958414176e-01,1.152836116816162715e+00
2.436294046053476964e-02,-4.480463585082314348e-01
-4.858530016100275906e-01,-5.272748514261494934e-01
-4.122142213993599258e-01,-4.659327880263023497e-02
-1.294242642186628489e-01,-5.749079014497887608e-01
7.179870439435023233e-01,-1.344636632596983572e-01
-9.562012365009761039e-01,-5.911738846269499748e-01
5.264568322415468238e-01,1.121824605402372166e+00
-8.141337542259954319e-01,1.993232346052091486e-01
1.190268242494068734e-01,2.504813121030378675e-01
-3.811177510254640244e-01,1.615666375287842238e-01
-5.001879891989777227e-02,-5.414627364531534592e-01
2.419387071795288391e-01,-1.073381470219073153e+00
1.337113635227034303e+00,3.507964574249252121e-01
-5.990261310843599807e-01,9.670655132075986482e-02
6.887317750880115330e-01,5.642690518985286063e-01
2.079732087001941454e-01,-4.807301270543532512e-01
1.830051958309298066e-01,-3.564762202248153433e-01
-2.281747435473109042e-01,1.208154464261953359e-02
-6.519516924542504421e-01,-1.954701597935330382e+00
-4.331701882740560117e-02,-3.152017194031629943e-01
4.952247257200880770e-01,-1.322368803963877293e-01
4.103464100683479887e-01,-4.411688514828231433e-01
-3.320962338412247750e-02,7.173477670559790242e-01
8.179827311592063888e-01,-6.916070769379941696e-01
2.558795961375062156e-01,2.162650016597481017e-01
2.347356362614861081e-01,-2.903893006386613629e-01
-1.158108383135739855e-02,9.901725390621793910e-01
2.253156670679546947e-01,4.032789072275011488e-01
2.771774299377984807e-01,5.223751552816596755e-01
-1.810596387689642206e-01,8.983434971797508994e-02
-9.108714428011227549e-01,-2.627232140200387867e-01
1.697772508224118848e+00,1.160907043538868866e+00
3.835516269464638861e-01,-1.752802478156254562e+00
-4.455287338500272254e-01,-7.006868780087365661e-03
-8.111442518415585834e-01,6.306525322896459063e-01
7.524394532769383692e-02,-4.333636864754701612e-02
8.427392415778632850e-01,3.664824441834398927e-01
1.207267763671168614e+00,8.635236240581015688e-01
-2.760062902187212508e-01,7.315743964095791085e-01
5.992560464942718879e-01,1.035353364929486181e-01
-1.545601815542031687e+00,-1.083017483487331178e+00
-7.823585761316382836e-01,-6.212723615359845297e-01
-2.169040812154667264e-01,6.296301564311288512e-01
-2.884194388436605583e-01,3.234380722447808831e-01
-3.507951760575390154e-01,1.021284244764782079e+00
1.273665948544088211e+00,2.002473318926778767e-01
-3.115149315427866994e-01,-2.474801784262720683e-01
3.848294865382418384e-01,3.625625735416074941e-02
-1.243708236118302946e+00,5.054146164913744105e-02
-1.090477825688704661e+00,-8.556710073596432986e-01
-1.567178701202238011e+00,3.027209258991269691e-01
2.824934932371401808e-01,-4.035743305710980389e-01
-1.024993046388569695e+00,-2.660330971408525480e-01
3.994367185958849764e-01,1.006311682068837365e+00
-6.394650334474978326e-01,-1.047332319177205262e+00
-3.431677679451983209e-01,-2.722650600937381871e-01
2.680511268486951426e-01,-1.319572489790830361e-01
6.336754618547397744e-01,5.556341468929120175e-01
-2.249092811312148887e-01,6.638655185519349855e-01
4.686748533125613125e-01,3.784527559884300341e-01
8.461674739316303873e-01,2.159561616859795655e-02
-2.643207233369670658e-02,1.697417061188119414e+00
9.199254632444467950e-01,7.509867763955746511e-01
-3.260472502772336911e-01,-2.682997922678889702e-01
-1.065950259271919665e+00,1.287108588698677447e-01
-3.106807442403941022e-01,-6.544110505624322061e-01
-5.611866135704585146e-01,3.953684875089368833e-01
-4.624229392871660460e-01,8.364895798574484287e-01
4.220948386480755099e-01,4.524020169222887217e-02
-6.937576541122958407e-02,6.939665004028400253e-01
7.273159791188905654e-01,-8.345728940982807265e-01
3.784574724376552068e-02,-4.538445930821247698e-01
-1.464953614536994297e-01,3.460853866355488306e-01
6.577714589060578154e-01,1.109885976498562909e+00
9.105840412190697730e-01,6.862737582078564103e-01
1.830181275180139955e-01,-5.135349099304273857e-01
9.970840611029126999e-01,1.984523382536417468e+00
1.869293955733890567e+00,-8.206065746507610337e-01
1.220141557104455377e+00,4.696622678209129154e-01
8.129784689250907359e-01,7.520927961918509874e-01
-1.067183813813952664e+00,6.747485861592509293e-01
-6.179319379134102785e-01,1.341281974164680646e+00
5.688936151464416002e-03,-4.426580056137994212e-01
3.379363376614734626e-01,1.183162549593358870e+00
-2.269863975161623693e-01,7.582284733782881370e-01
-5.721116543954467282e-02,1.349515348449696894e+00
-4.718585016044038460e-01,-1.566676739151048048e-01
9.007179109086098645e-01,-3.528295188067022692e-01
-1.193875634050298035e-01,-7.161143137010574922e-01
-2.691677290340679374e-01,-1.568877449653951928e+00
8.987504371255179425e-01,4.670479112573857061e-01
7.391223838706949545e-01,7.554487123423226924e-01
-3.099837404047015368e-02,-1.568272299114112256e+00
6.411413399565941695e-01,1.664651762550115821e+00
3.874725775375719716e-01,-5.200279485031538140e-01
-5.241853288318418791e-01,-7.376830296194084591e-01
2.698541223022202562e+00,-3.048807173840192841e-01
1.596913741173012324e+00,1.311045474358511764e-01
-6.123323316845223907e-01,1.511441374940845073e+00
8.099581485355545896e-01,-2.190992723968962219e-01
-1.062245913172817025e+00,-2.814513869805806978e-01
-1.246228212267073587e+00,9.538976146105738740e-01
4.395781824230275969e-01,-4.237523096473675421e-01
4.401479609277970662e-01,-2.391869444069770201e-01
-1.460689296905973933e+00,-6.895216557554033621e-01
-2.347147349108348102e+00,8.475537003211841558e-02
-5.153440019150254958e-01,-8.404743231120644920e-01
2.233830040028936259e-01,-7.207579514919031372e-01
1.282406463391348561e+00,-7.156165203039358547e-01
9.834146765459114148e-01,-1.565664292487817688e+00
-7.262154152042425981e-01,-8.749463444500469311e-01
-4.401750114837308936e-01,5.965874235980666018e-01
2.675129874211504277e-01,6.291248891251648157e-02
1.075302137210100595e+00,-8.551464325663571397e-01
-4.079183449362089875e-01,3.474005575406798885e-01
-5.996627509136407408e-01,-1.239782654816926621e+00
-4.501146572183888916e-01,1.099502338402358337e+00
2.496869791874190558e-01,-1.042687124994717385e+00
1.684514735774098049e-02,-2.672879230248285665e-01
-5.854502180196123895e-01,-9.244240532841021540e-01
3.962108089099711239e-01,-1.004198268463427635e+00
2.787199842493094382e-01,-1.976599316565847142e-01
-2.838156359708223220e-01,-1.016766842346219946e+00
-5.236807713169638889e-01,4.138033667369845348e-01
1.352351760430557714e+00,6.580110262091108664e-02
2.293969044896985721e-01,-1.193375598769571555e+00
1.254487398913536556e+00,2.192190974257803848e-01
3.792502201634085357e-01,-6.329682726457528386e-01
1.071782358870137369e-01,-9.386565927940020149e-02
7.246429674354555317e-01,7.969000593127040233e-01
-4.168185695297626503e-01,-8.122893587902189558e-03
7.087694864188954780e-01,-1.191946849774184525e+00
-1.226692708375447527e+00,-3.267184491881078290e-01
6.250938408713512251e-01,-1.401637432893177104e+00
-9.005688835636859180e-01,-7.384670799254703377e-01
-7.785418089333723257e-01,-1.930526268768336939e-01
-5.945878339531915913e-01,-4.419888627872883835e-01
-5.356796312622118250e-02,9.730165112686889328e-01
-1.806987985665378937e-01,-2.810435678158059725e-01
4.620749668559776674e-02,1.200168725407489700e-01
3.945061812356274178e-01,-3.541658744417741644e-01
-1.168732125441532821e+00,-2.114530678243882467e-01
-1.114929193378967565e+00,-5.096773744793902106e-01
8.937765971943840704e-01,5.710516077722691541e-01
-2.344091281245108127e-01,1.438433868385017744e+00
-9.538554343311573813e-01,7.029144598495525864e-01
7.803498943912237085e-01,5.948106817775724448e-02
-1.537048235566361054e+00,-1.422378289212998803e-01
-4.811449865962475481e-01,2.253905322916949505e-01
2.092226625286059072e+00,1.460665287514449073e-01
-1.117782781187840024e+00,-9.430656298525030845e-01
-1.376254895295493830e+00,-3.663233456434432656e-01
6.817992267407054774e-01,-3.282557216419124124e-01
-1.054266674054952002e+00,9.632501546086441602e-02
1.658422387969811784e-01,1.130377806457727868e-01
-5.172534160479165255e-01,1.006898362101267541e-01
2.334190572737599584e-02,9.220039735843805762e-01
-1.475121215009646880e+00,-7.829928040686918722e-01
4.789616562813043266e-01,1.003824956069985008e+00
-4.253320471333131847e-01,-9.275489541909073821e-02
-3.246134390536656311e-01,-3.856247957028967610e-01
8.211451766997831525e-01,8.985562776797945128e-01
1.590259199086934416e-01,2.502986489074918719e-01
-6.561436202973877085e-01,-1.993505142258661600e+00
9.342928106161516588e-01,-3.092594963618420234e+00
-4.990125845918593206e-01,-4.615240858360356579e-01
-1.283566284314632266e-01,3.894449260048852834e-01
3.834532262195601560e-02,2.868973997942834697e-01
-1.230814621402941539e-01,3.719319121630065283e-01
9.916402074530159538e-01,-1.111449257639295141e+00
-5.283828673311936619e-01,9.242566626442914046e-01
6.798755061057910609e-01,5.389618171817734948e-01
-8.323610350125277835e-01,-5.624025860105710262e-01
8.564580957369443137e-01,-6.025838787311819100e-01
7.519796278944600176e-02,-8.574479647361117618e-02
-8.242267995889595023e-01,1.797515812146830913e-02
4.103128534258957960e-01,1.227816630360232919e+00
4.538596415807775730e-01,-2.919258733822016616e-02
7.731538475389539977e-01,2.163050610450557354e+00
-5.849810749843398217e-01,-1.170415364548254455e+00
-2.071110023705347858e-01,9.523041993740386513e-01
-1.999589246319247171e-01,4.859228880657699423e-01
-3.322477799105912344e-01,4.023063337226154279e-01
-5.816753279094885043e-01,-9.566642932779052533e-01
-3.420644151719449133e-01,1.323684880921408534e-02
1.117629994582405750e+00,-5.833866510671015249e-01
-9.493992500338612264e-03,9.333515406036201334e-01
7.268583808816438951e-01,3.318888817905261135e-01
2.109795322772466952e-01,7.287804144193213984e-01
1.208644085016672559e-01,-3.042455790391889597e-02
6.060184477505248246e-01,2.193056171833622781e-01
1.170947004358206395e-01,8.413090761959962638e-02
-1.835816254411394288e+00,-6.317773202795264886e-01
9.760535837991036745e-01,-1.015852712285314707e+00
1.423916265684126436e-01,-4.145763063090909251e-01
1.197019592995252069e+00,1.853993922346740542e+00
8.977284051051181990e-01,-1.311371298035893362e+00
-6.443037673118253705e-01,1.978289131628432340e-01
-8.885464221718818445e-01,1.271055871031963713e+00
-2.254832554632540675e-01,-1.225657421614703591e+00
1.149246486635489450e+00,2.343895787179099410e-01
-1.244208678577138460e+00,-8.365637767230111876e-01
-2.732099030684393415e-01,-4.204742175323110398e-02
-1.770456454931890744e-01,-1.115526409465177116e+00
-7.777190078233192638e-01,-1.778971648178168108e-01
-4.342492084990062784e-02,5.576828558170199290e-02
-4.625964040819492973e-01,-4.691938084777886458e-02
-2.962284792612457918e-01,-1.427070627522714352e-01
-8.332444291311980056e-01,1.277882717681890989e+00
-1.448353663398494473e-01,8.168833976675756725e-01
2.590972484588495162e-01,-5.252118782450839740e-01
1.475996493154328390e-02,7.119732920242278773e-01
-6.548661539959906852e-01,2.148367779618739759e-01
3.937029880760924139e-02,7.111024744921035090e-02
-5.919785014010404689e-01,-7.714929710472953062e-01
-5.127465216923031699e-01,2.256686923665433553e-01
-1.098437234200567270e+00,4.587004088089733367e-01
6.620081350492686978e-01,2.972922521843698526e-02
-4.970553340813935739e-01,1.764614596508560229e-01
-9.690720060264592650e-01,5.777772678696803110e-01
-4.029634240282063962e-01,-3.592988049812629869e-01
9.010562007313924204e-02,6.303594960029845762e-02
3.905658881355552475e-02,3.631297798110538766e-01
-5.545605425355667473e-01,5.264011426284956885e-01
-8.753516139020923736e-01,4.809220446768708856e-01
-3.807581115149294426e-01,7.980919999475661886e-01
4.497523197473456968e-01,4.856226131211073271e-01
-5.519306380277003710e-01,1.170110906714739940e+00
-1.247388661814307742e+00,1.111715834612331699e+00
-3.523509483686656507e-01,7.916196194404084840e-01
1.252466162404821448e+00,1.188403571647927315e+00
-3.545933907053775425e-01,4.253614706818603652e-01
6.053620652431116467e-01,-1.293535701572111618e+00
-3.055130572936032296e-01,8.145825192588957986e-01
-2.918698050726626914e-01,4.635250447462566092e-01
1.696420628942586051e+00,-8.846604741335690747e-01
-1.586037373966378561e-01,-8.655533847341766451e-01
-1.448153760820172664e+00,8.946406764741692275e-01
-1.599473659771589062e+00,5.207325858265716700e-01
-3.447696450387489064e-01,1.275372040726926004e+00
-1.776005717440236886e-01,-2.490934375448449201e-01
3.480280890409847561e-01,-5.786039906394781912e-02
5.694139360847575437e-01,1.473291041265041956e+00
7.015856317494167937e-02,-7.464285798924933379e-01
1.669085296044686695e-02,3.704918496804444072e-01
7.980620181749460418e-01,1.290443744263690240e+00
1.898946280561053246e-01,-1.915714181226467749e-01
2.278314289006336535e-01,6.950743982204646843e-01
7.671357573156943610e-02,1.467380224183232773e+00
-8.306007777074523313e-01,1.396120123262412083e-01
-5.402415335912639227e-01,-1.019026468457653545e+00
-1.317887740421352039e+00,-6.359393585071291266e-01
7.379662413717044678e-02,-1.187633715665249307e-01
1.556763371461252210e-01,-4.153701582101901879e-01
6.617025546690355649e-03,5.841213608964405113e-01
1.125003666854723416e+00,-1.333393460811884701e+00
-4.340512254114717305e-01,-5.607750079674194144e-01
-1.140016027309777247e+00,-2.152469000898952767e-01
6.921063256252388829e-01,-8.883375305305120095e-01
1.086972271161467996e+00,-8.831637673987157156e-01
2.691501939957323120e-01,-9.833076437984054896e-03
-1.114992808024405591e+00,-7.724392658297744019e-01
6.193982432152358303e-02,-1.933441535980262027e-01
1.035872906351378991e-01,3.275253063037099066e-01
3.517731493936706033e-01,-1.850492620627522733e+00
1.608976276092369539e-01,-7.129440496916814030e-02
-5.879064650414594917e-02,2.391218714780858901e-01
6.190355148455638501e-01,1.324871065091920430e+00
4.664102537645004043e-01,-4.967247534240134543e-01
7.505267815942615606e-01,-1.666063291623651743e-01
6.319747840946253747e-01,-1.407138641230979981e-01
2.637065470830481484e+00,-5.339293559787214871e-01
-5.600928979898199822e-01,5.373333258276586921e-01
-2.926554906687446334e-01,-1.006154831745723177e+00
-5.325837912597383150e-01,3.455232591166499390e-01
4.238748111664952800e-01,1.273673224833687057e+00
1.219321919482488248e+00,1.195298323567033805e+00
-2.135520997753768413e-01,-1.293198225114773781e+00
-8.339929590911931978e-01,-7.006266738519303372e-01
-6.043048460914749453e-01,2.131519513271170341e-01
2.101209535985981702e-01,-3.677732687287639801e-01
1.269254499456357266e+00,-8.045250824229813746e-01
2.157033004095729734e-01,-4.810506779916539077e-01
6.466831231709270211e-01,7.579742502887905076e-01
-1.013657966047106090e-01,-5.294901002324419181e-01
1.312481628916707943e-01,-9.440750382725024981e-01
-9.870769103885411733e-01,-3.698135468260921876e-01
3.773750829185769651e-01,-3.036485293984384493e-01
1.355094388903621272e-01,1.507893072042880256e+00
-1.176302748086915928e+00,-1.364716329586693311e+00
-1.149082217319425725e+00,8.832503732732877033e-01
-1.289588213077555168e-01,-2.990071382436353398e-01
-7.504474164247968426e-01,-1.008446971462478414e+00
-5.016955069005547552e-01,1.523017535568900405e+00
9.352735283733510929e-01,4.900781299227290888e-01
4.294270274469721427e-01,3.275234427734413090e-01
4.997025604521613817e-01,9.659527176289298689e-01
9.587236072784746654e-02,-1.071722675317796636e+00
1.897429300288098197e-01,-2.533464552190369257e-01
5.413738428093191057e-01,-2.834295763549632974e-01
1.247790593700107253e+00,-2.919205356621904501e-01
1.223087590209268161e+00,7.142452143332145287e-01
4.016435299480743404e-01,-1.496001862091508761e+00
-3.896153176445633082e-01,-1.209687747369988964e+00
-2.842728796126295712e-02,-8.320107715132420978e-01
-1.399508621333192815e-01,8.525083111085554055e-01
-7.741638429957151679e-01,-3.902821309095558938e-03
3.488922511096608781e-01,-8.698341684754689052e-01
3.092843843214309607e-01,1.328396412501689605e+00
-7.902258027044202215e-01,6.564925421600044386e-02
4.919889016832263984e-01,-9.981572760721624249e-02
-1.093400727764322733e+00,-2.434029409770122332e-01
-1.345285068543740969e+00,2.061213693143961745e-01
-2.101417190418005398e-01,2.108337665051586429e-01
8.039690444081940557e-01,7.616351863740037365e-01
1.003114454881078643e+00,8.714782399222473774e-01
9.055294080847158256e-01,-1.047360144116984193e+00
-6.526932597120604918e-01,3.792243919194023816e-01
1.085637233495648113e+00,1.399632300583436850e-01
1.067678763946748211e+00,-1.060353303383959750e-01
-2.297469444751039369e-01,-7.147070888417604850e-01
-1.238080095787782997e-01,-1.541255450652221359e-01
-1.595229899125196527e+00,-3.386160609354378348e-01
-7.270684820901586187e-01,-1.435751083140735240e-01
-3.642598709463345519e-01,5.687208323109473884e-01
-3.050993205196982916e-01,7.401702651398514021e-01
-8.283873116430658934e-01,-3.537699512260740475e-02
-9.186942255792664991e-01,5.402182371813653017e-01
7.336743619648543602e-01,-1.007718344973131508e+00
8.307340132014638945e-01,6.061006589438873160e-01
-1.403217071176293962e-01,1.051634304858323432e+00
2.763114263607086354e-02,2.017304124764777440e-01
-4.487417229343703129e-01,1.827065778422624909e-01
-4.469497920295820714e-01,2.490437118386103765e-01
-1.517015121827951507e+00,-3.827741376320046435e-02
-1.562660062258436622e-01,-2.706785926656682384e-01
1.000966761267361838e+00,-8.330258133178175539e-01
-7.658848804528912979e-02,-2.986083563243548400e-01
4.262021550634256806e-01,-2.386968986145396598e-01
