-8.169092125457017017e-01,7.322889263182926767e-01
-2.227578572760328113e-01,-4.392489174956305531e-01
3.962574113342892668e-01,-4.881612513620974259e-01
-4.145085154635684277e-01,-1.532553520530283986e-01
-6.627936597535099006e-01,2.409253392246021308e-01
-1.885684497908012736e+00,1.897127374358021257e+00
-5.001261958033709210e-01,-9.455842888397200108e-01
8.253812382227797284e-02,7.031595402501004122e-01
-5.850061279948295390e-01,1.256408926020620154e+00
9.534668128996119929e-01,-8.986859838122822630e-01
4.900126588984973219e-01,-7.048958418919365476e-01
-5.420838848778104513e-01,-7.228692186238104833e-01
9.991688671454138637e-01,-1.937294331420497950e-01
6.270683392289241320e-01,-5.134476989329999075e-01
5.198318291304134808e-01,-3.169679531000771933e-01
-4.111069943179360697e-01,9.499990237741987587e-01
-5.333885874220133383e-01,8.126388474821596430e-01
3.659167833582026574e-01,-1.371235217956883856e+00
-1.434663341359805055e-01,-3.073942048231571023e-01
9.073957289426128892e-01,-1.875849829450431383e-01
-2.266294676242849304e-01,-3.561587631128543818e-01
-1.734960394491591229e+00,2.796370261975065358e-02
7.652148418029873500e-02,-3.121516873065353637e-01
-3.790660015015275830e-01,-4.475539446919868380e-02
-3.513017851291699856e-01,-4.388676555119540579e-01
-2.890171355951282606e-01,-4.381169163345636219e-01
-4.514739570706206018e-01,-3.131152329330149087e-01
-2.080095292698393994e+00,9.524037475679230091e-01
2.498232059706032848e-01,-6.671323204383994288e-01
9.787071750646335611e-01,1.603364114546388386e+00
5.380835305191501439e-01,1.610310849647824227e+00
-5.030192863097984191e-01,-5.910507861051007561e-01
3.904034362173705759e-03,1.062606755700890027e+00
-1.594954031649746362e+00,-4.108840495099362611e-02
1.295691099747777741e+00,-2.787498541734045876e-01
-1.117742426844568204e-01,-3.383704072563335514e-03
-5.631928226976451457e-02,-1.012301575083996319e+00
-4.876605291806913045e-01,-6.331475411688394228e-01
1.230207335884725417e+00,-2.284385239454985450e-01
-9.201574315841945517e-02,3.687498210342633476e-01
9.648726451079826516e-01,7.815268622727077341e-01
-3.626397992417061400e-01,1.014876834433637409e+00
-2.037227467302889228e-01,-4.384840170583273466e-01
-7.549095686385538517e-01,1.560832079175207832e-01
-5.189505870362633999e-01,3.683486349843533014e-02
1.260669086898664526e+00,-8.877994428082008893e-02
-5.862249801369475710e-01,-5.529075369689013808e-01
1.355782322471803081e+00,-2.836739369738655037e-01
6.192325675020283748e-01,8.072388216806297701e-01
-2.553473314237184599e-01,4.672728847000108821e-01
-1.674296932162861573e+00,-1.062038088647425882e+00
-8.857455625086285700e-01,2.723704692740809910e-02
8.853365797975893958e-01,-1.099518514088928756e+00
5.967600541652317014e-01,8.987118813890472291e-01
-6.200689551807150313e-01,-9.617036706838379967e-01
-8.145114682023594233e-01,7.507997600440484698e-01
-5.623996065553881207e-01,2.070741359509018220e-01
6.217456873280490237e-01,-5.985981308236033582e-01
-6.630078031224918567e-01,7.497343215119314785e-02
-5.052668610364494661e-01,5.043250432785183479e-01
-1.713756193778032122e+00,1.383009653170689468e+00
-4.194093951657749675e-01,8.614957922930830403e-01
-2.195042448034633387e-01,2.780904867546765691e-01
1.114882497265791805e+00,1.354358550588820043e-01
-9.407837634082009959e-02,-6.560594101075480911e-01
-1.084573581290614541e+00,1.082336892812766765e-01
5.786056161595896086e-01,1.300274776550131885e-02
-4.744720005751095759e-01,2.449731137226504596e-01
-2.957568415215988122e-01,8.556459989545206479e-01
-3.435215098982214443e-01,5.692714598989506714e-01
8.137152336142797204e-02,1.153530636392209097e+00
-1.598337481671739391e-01,5.663636146449727571e-01
2.424188390632660631e-02,1.740009303903937987e-01
6.998218398340809443e-02,-1.543437018426025431e-01
1.027171486234213227e-01,-8.780221296781848261e-01
5.933003770376857888e-01,1.873201410925819932e-01
1.838077917867636746e+00,-2.225666850816205300e-01
7.814218957058239878e-01,-3.601742917271086863e-01
-2.525074292569528533e-01,4.026488169888066682e-01
-7.980345168994587013e-01,-1.268281354783875381e+00
1.975199971996105752e+00,2.989304411409104412e-01
-5.435749786382622073e-01,2.117331533574824398e-01
1.381232496705552037e+00,1.037025851260379827e+00
-2.589840814947250713e-01,5.206196905840632105e-02
1.439094429872366798e-01,-8.516505610605689114e-01
-1.443233809681754076e+00,9.528462797176993904e-02
-3.337059081761378776e-03,4.401132504922358746e-02
7.892393138024440535e-01,-7.167765835484732895e-01
5.387938099915277057e-01,5.474629722694227679e-02
1.025489363575074586e+00,-3.811987183666858958e-01
4.340402655865279735e-01,-6.814730490953537778e-01
1.138010804712639157e+00,-2.421549002684193208e-01
1.034070248558963234e+00,7.130911803675742400e-01
7.203482134423271344e-01,-1.240014549393518406e+00
3.603993583477540369e-03,-1.507229305232687722e+00
-1.266084514730363431e-01,-3.402385919809116088e-01
8.191704032249059741e-01,1.505155316897222484e+00
8.204071721993276833e-01,2.361869664158487314e+00
-6.889638100823837208e-01,-1.216801821258144622e+00
-2.855514446753871227e-01,-1.978623604742948183e+00
5.240039531299901521e-01,-5.801635488907481708e-01
-1.147656990981098968e+00,5.492841064428244380e-02
7.787941879044264493e-01,8.067432800848475249e-01
3.759377018796871694e-01,4.542774775381200336e-01
-8.255747792855707701e-01,4.760396452528058986e-01
9.789294542418397471e-02,6.071511913530585058e-01
4.442437224854957067e-01,-2.092074768212759395e-01
1.390870626273592370e+00,-6.542581812171479605e-01
-2.762220825725728579e-01,-9.461628958059242755e-01
-1.799863844875247976e-01,-5.221218813802478431e-01
-6.779594780276586574e-01,9.311786273981227657e-02
3.320685053508355966e-01,3.186389994781451546e-02
-1.543003816549451956e-01,-1.194863076791570444e+00
-1.124925557817300303e+00,-1.506907301234539642e-01
-1.232722051940114083e+00,3.769685189766719402e-01
1.177800735934937393e+00,2.925568445904378478e-01
-2.224399352730095994e-02,-7.065775375446080309e-02
9.148856041293129682e-01,-9.897984364318298534e-01
4.829046822733987776e-01,2.188198497794742625e+00
-5.195271322386069840e-02,-9.441554341651362536e-01
-1.223435057134396375e+00,-1.299579955159241518e+00
7.325522490192076797e-01,4.040670490382533564e-01
-1.618172190167050939e-01,-2.072602866243162811e+00
3.552011715894951571e-01,1.527883274537458758e-01
1.109473385294085013e+00,6.518982826217742943e-01
7.930108857219801965e-01,-5.221275447738831232e-01
2.509882954127536259e+00,-7.187381774226000442e-01
6.656759221453770747e-01,-7.239428851342412097e-01
1.139133231589236850e+00,-4.932371180843537206e-01
3.247081660999118213e-01,9.505983139371483315e-01
-4.933798893656617390e-01,2.567472314149172874e-01
-2.567591019786960027e-01,-9.388291832786997970e-01
-3.863398360824158995e-01,-1.291235432873147015e+00
1.726563693142176281e-01,8.431330339972954446e-01
-1.354225803664645511e+00,8.562318154550199178e-01
9.113432772252323399e-01,-4.344395574320340514e-01
-1.506650589669500384e+00,2.863543861940269220e-01
1.222798128984568633e+00,-3.017279844320225335e-02
-6.720182907103885439e-01,-1.187372682205674046e+00
-2.360799725000889138e-01,2.417795949260745647e-01
1.787838875424369034e-02,-1.279450501757542824e+00
3.381752271762573925e-02,1.753746668433251665e+00
-2.912316656982736340e-01,6.274751145770838257e-01
5.301054324675074508e-02,-4.920387669056092150e-01
-5.676326935398520734e-02,4.306237165326844418e-01
-8.676436553214394998e-01,-4.444244850536159808e-01
4.157901599829035011e-02,3.783527652406250552e-01
1.010970399492718275e-01,-1.126175476698355882e-01
-1.723833842768397739e-01,-6.964155034683323642e-01
6.022909824666999173e-02,3.051035988795976484e-01
-2.393404581950270005e-01,-6.077333611088400062e-02
1.935054032053404038e-01,-8.346595596812150797e-01
-1.708321495753372665e-01,-9.614909612309209264e-01
-1.805851492429521796e-02,1.401996313354662016e-01
9.301135285395347729e-01,-7.324311250642862037e-02
9.581221512201525126e-02,-1.048431149484734703e+00
-1.082508853911768806e-02,1.199123089455750968e+00
-2.018671713103525445e+00,-5.060541681115457990e-01
7.149622767904312282e-02,4.653442539212829243e-01
7.316703420523175128e-01,9.822895882660256928e-02
-1.217766752733451391e-01,-2.775324670774771962e-01
2.422703600845072247e-01,-6.026309277708973289e-01
1.674730569250445777e-01,-1.224815051582625269e+00
1.968510134640560016e+00,5.758182504869873153e-01
5.383796331242700628e-01,1.709102790590502977e-02
1.228682240168911477e+00,3.241350479337713475e-01
-8.963812681881734301e-01,-2.021312035704811438e-01
7.282590815423992670e-01,-2.953655380469001890e-01
-2.189250720758628699e-01,-5.291642475818072455e-01
1.295970835808981425e+00,7.670011016409025162e-01
5.911298552817486618e-01,1.046104523878428338e+00
-4.887414019496666429e-01,-9.142936415431669739e-02
2.804891090722199665e-01,1.428186404126504883e+00
7.858435674002273164e-01,-2.596932306196345630e-01
1.363288009668628842e+00,1.044794098695110751e+00
-1.302454495246742061e-01,-2.375537605733321900e-01
1.819334201053976752e-01,1.836356701620777798e+00
4.817934026271161740e-01,-3.599070632194372177e-01
3.025127626956685689e-01,-5.684825746141244363e-01
3.362440918816427260e-01,4.705347719551982721e-01
-1.267616839671123485e-01,4.370350742232665953e-01
-2.873463279302944096e-01,-4.712092273404405729e-01
-5.800525429045002568e-01,-2.977695509562660603e-01
6.129729165571543570e-01,5.754177971705441985e-01
-1.108067693123140603e-03,-3.181129047014620292e-01
1.303531804287007434e+00,-2.596320029960741960e-01
-3.338759464897175094e-02,-4.548948386019731616e-01
-5.153211206079338913e-01,-1.344128680692495248e+00
-8.282177507389596460e-01,-1.115793832786921902e+00
-3.204360748043847545e-02,2.115479627215287872e-01
6.831411199884857011e-01,9.841306695276833549e-01
-3.010470722393133736e-01,9.185288067725971839e-02
-5.080639511520601559e-01,-9.429650947918174486e-01
1.388607276200484852e+00,3.176339844299443937e-01
-6.331057012660397110e-01,4.380352290619194955e-01
-1.669449824790190107e-01,-7.084872974051001915e-01
-1.110128793171932665e-01,3.979664989239574124e-01
-5.246009335831992582e-01,-4.952683853925912150e-01
6.560929016598877617e-01,-1.539234529674339491e+00
-2.062915084792311948e-01,1.756811586330815578e+00
-5.380007680842259221e-01,5.309324312903903609e-01
-4.917611396435192517e-01,4.853538646016843927e-01
-1.040007375139329726e+00,3.171273407562320013e-01
1.818557543479085159e-01,6.048367012677937637e-01
-8.205018469246849744e-01,-7.196299244358448366e-01
2.440188613812121154e+00,5.604841045172221925e-01
2.005077785020786818e-01,1.300587839014973213e+00
1.453753693615496001e-01,6.633236436079484877e-01
3.775559262750637912e-01,3.709554479796993154e-01
3.707677661330689434e-01,-7.614609936888776520e-01
-6.995539825196703809e-01,-5.533312067790784328e-01
1.002789705075880083e-01,5.517084325711045789e-01
4.307997355451708144e-01,-3.667827964315851785e-01
-1.647263486609366889e-01,4.134216554560778412e-01
-2.967002177938830032e-01,7.341074425823237437e-01
-7.687023382794573589e-02,-1.894119717369048550e-01
3.509817394600324159e-01,4.436587170972379202e-01
-6.808456631423086547e-01,-3.276714616825969484e-02
7.177750796999541327e-01,-9.799946285279464986e-01
6.947776696002333496e-01,-7.046814757020746223e-01
6.239018177315874825e-01,1.628699527249028445e-01
6.500656969614024838e-01,-2.367222900331120983e-01
1.236963232772561594e-01,2.706637052478274574e-01
-6.907923836335597700e-01,-1.757407502363623475e-01
4.252575689761907696e-01,4.817686341025426700e-01
5.489892438419957665e-02,5.986052797840698547e-01
1.081713099259958399e+00,-9.631815386436867188e-01
1.065184908815690612e+00,-4.552984269967433884e-01
8.467292207545172866e-01,1.158381287951398830e+00
3.045740377343637562e-01,-4.971196103273844979e-02
1.439506409754514604e-01,2.221012941054126000e-01
3.825824052871376058e-01,6.611055634729255948e-01
-7.182183113903249927e-01,-1.013779660362549295e-01
-6.881174767514094404e-01,1.626663397419866319e+00
7.166199994983005750e-01,-1.912090420611792352e+00
-9.212747431459252789e-01,-2.109078943598079181e-01
1.377880760133141369e-01,7.759028690837652675e-01
1.869111512718246715e-01,8.124265731270421398e-01
2.391156457638577981e-01,2.625312295067169788e-01
6.514842732848703521e-01,-5.821974132456542161e-01
7.326497216371160581e-01,1.153426334756028349e-01
-5.974594281652791973e-03,3.682886544419642916e-01
8.506983959839262699e-01,1.519628410678538488e-01
7.560205579159493539e-01,1.418577496716609376e+00
-6.663595477640164022e-01,-1.111638059750047897e-01
2.721534475916116413e-01,-3.977919220620851348e-01
-4.492495146324055888e-01,-2.550635770807073155e-01
2.921679007782189696e+00,-8.167567642940147532e-02
5.112025423188222284e-01,5.298756868822905863e-01
-1.220996483963025181e+00,7.539881667488216310e-01
-7.179150113854351201e-01,-3.572419280746745307e-01
-1.933133130677318068e-01,-1.768866556264950818e-01
-1.060763481568418376e+00,4.361033193380413064e-01
-8.334431102950653480e-01,-7.425717652836009153e-01
2.946432228523875319e-01,-5.256467555083588206e-01
8.039813668494156795e-01,4.364004462343593072e-01
5.890566855889176612e-01,5.445231725089146879e-01
2.564276130828593500e-02,2.984472285030064231e-01
1.426219812404782017e-01,4.568845884210168684e-01
-4.294654008344674923e-01,1.961962286719829640e+00
5.204177084149329557e-01,-1.206399084257605836e-01
-1.016579949704827790e+00,-1.879607278685319349e-01
1.386091355117094748e-01,-1.059808464237715908e+00
-1.217373804629045209e+00,-1.386637557315466784e+00
-1.263966226408078208e+00,7.334261623703520749e-01
-6.971400109541030510e-01,5.391517912604758545e-01
-7.447663096901077084e-01,2.911145047592104129e-01
-5.056014264129198299e-01,5.488442011088467964e-01
-5.980450345050877803e-02,1.100622384243293839e+00
-2.550409939902096301e-01,2.463431142059931966e-01
-1.215577743564824065e+00,-1.443733541879063997e+00
3.368493611203747795e-01,-4.009741351213208516e-01
-5.239272241926042073e-02,-5.567393731658065725e-01
-2.684228763773436888e-01,-2.895420964307875850e-02
9.173527914463588950e-02,1.751315939535778687e+00
5.467202513869012792e-01,-3.135689831779444603e-01
-2.953579088111458195e-01,4.544857287259178591e-01
1.317000987588631267e+00,4.582103150667368174e-01
-3.972161617781626575e-01,4.222252995980949053e-01
-2.960462460330812728e-01,8.435176038408721544e-01
4.028152271445941679e-01,1.346488189899084587e+00
-5.792149858999098289e-01,1.760455366804114741e+00
3.353497071208142999e-01,6.182148879003489528e-01
1.286460469876168355e+00,-4.658309139540749988e-01
1.525724354873707167e+00,7.868878895107022098e-01
-3.659085919845398993e-01,7.256215129803146313e-01
2.668906509546232764e-01,-7.844635181839268445e-02
7.312038832898205831e-02,2.497046236956746768e+00
9.085585429512248457e-01,6.772630311250312785e-01
1.193886963512992061e+00,7.266901765386901690e-01
2.381030061628947869e-01,1.282042374070868851e+00
-1.465626213978814318e+00,-2.899583997455087436e-01
-8.210122727374907781e-01,-5.003356563578302829e-01
-6.950370250889816859e-01,5.434004932620341982e-02
3.654535137637941467e-01,5.699316324595894434e-01
3.051598226700944494e-01,-1.162464035396970768e-01
4.103221495559011833e-01,2.189886843118261095e-01
-6.132069020714127072e-01,-9.190033866068386681e-01
-6.105479944426018823e-01,5.145660222316164045e-01
-7.387927332019113003e-01,4.933708027169437793e-01
-3.111969566424289679e-01,-5.988253072085750750e-01
-2.727460761304679515e+00,-1.624456672530774970e+00
1.221727031954456866e+00,-9.260935527492413222e-01
1.042400175521648986e+00,3.865271028257700192e-01
2.900334328320390842e-01,-2.159521570153633274e-01
-7.158025958312925763e-01,8.640630966634591514e-01
-2.969854915589930089e-01,2.439637074245431525e-01
-3.074307520868064802e-01,-5.696028909348022085e-01
-3.236672376777630263e-03,1.121782647399175659e+00
8.580534327613293932e-01,-1.407637403481521332e+00
1.284664285667057142e-02,-1.669867203821812751e+00
-6.805317175468537094e-01,1.055477199536499322e+00
2.339942463148762808e-01,-8.917980324738058462e-01
-5.474260183025001503e-01,1.105208591140938723e-01
-2.735074654406504657e-01,2.181972012748250034e+00
-4.571020933891192795e-01,-1.015713251326014754e+00
-1.541398111495277667e-01,-4.427350678535971751e-01
8.241987073392541552e-01,1.757538457631209416e+00
-4.043104614147426390e-01,-6.678517617450883126e-01
6.703828587772896475e-01,-3.066240145086140262e-02
-5.081694747564680092e-01,-1.093523186050683105e+00
-2.715854744710825552e-01,2.581423311814282431e-02
-9.406365405640833011e-01,2.235738332550276375e-01
1.095594721237969749e+00,7.807299672569726345e-01
-3.517182406080669455e-01,-5.832135676376534184e-01
-2.818802739296773496e-01,-4.653711060879097694e-01
-8.442699588600114380e-01,1.407807990815626242e+00
7.051411535929158481e-02,-4.420331184067924357e-01
-1.953987198835943351e-01,6.558076883379434507e-01
-6.605425916241942641e-01,6.596072802194637985e-01
8.371587760331772321e-01,-1.620543609199091295e-01
2.417028134468000300e-01,-1.474554458018563441e+00
3.460503405477369232e-02,5.539976625571183672e-02
-1.222259745999518143e+00,5.805973196317207874e-01
-8.392926730442905603e-01,1.226290921378014431e+00
-2.109009880112540092e+00,-6.567314100563582668e-01
5.202381348947543449e-01,-2.573210466289746132e-02
3.039924307806971537e-01,-2.118734085488308272e-01
2.848466487634412347e-01,5.269992762247068807e-01
6.974220319639586885e-01,-3.952238251093507376e-03
-5.484823256037255623e-01,-7.531085141634610292e-01
-4.368674716578249684e-01,-1.797531167508000127e+00
4.781229426827509066e-01,-1.018306339469306376e+00
-1.514758568800597560e+00,1.334933342171102100e-01
1.428397985357580668e-01,-4.617009664659240675e-01
2.611422056078263609e-01,1.234867173019564168e+00
7.912060404958268234e-02,7.917327663014690486e-01
-3.166348266283763868e-01,-5.166028087200372765e-01
1.871202448806400243e-01,1.008540193788417083e+00
1.024967256271415161e+00,-1.975337232959656353e-02
5.200464167672355087e-01,1.125334937231331267e+00
-5.764771192345232720e-01,-1.625961222856538990e-01
4.628210681194103726e-01,-5.251994774495575280e-01
-7.940204032982038918e-01,-4.721264865384278142e-02
-1.640244294181187001e+00,1.181149711133191893e+00
-1.115936548110138204e+00,5.023062973079379656e-01
-1.495797267574305589e-01,6.477081581321451065e-01
6.874886553304347947e-01,-4.058063306573241324e-01
1.742913023952302520e+00,2.647127805083347996e-01
-1.035814467421311891e+00,-9.869888320959658845e-01
-5.499796495659217133e-01,-2.715710785979549846e-01
3.429881692521981607e-01,4.984752519499111023e-02
6.048794086997647534e-01,3.549612104435987958e-01
1.194440206498676160e-01,-1.016257835832772294e+00
4.735577417631718355e-01,2.269618166820948357e-01
-9.012408366613027244e-01,-1.000699025597620473e+00
-2.893906652686090708e-01,-8.119997551939879266e-01
9.271779472233697417e-02,1.231140897791437538e+00
-9.935664735961465821e-01,-5.770445078145760576e-01
5.040288365029408357e-01,1.370850044912037546e+00
6.825277131369617001e-01,3.161754404106978389e-01
2.881319389798077668e-01,-7.484597559109130716e-01
-1.042635860168823703e+00,-4.248077165754673284e-02
6.885302607826838672e-01,-1.150846768606045810e-02
-6.234534371157802735e-01,-3.977481412278295880e-01
-6.367984871913808798e-01,3.145645524650967917e-01
-1.961241342928813913e-01,-2.665211860353058904e-01
4.774227013181276402e-01,4.480755122552039227e-01
1.864404738331657541e+00,-5.589017585518133435e-01
-4.922212389283254774e-01,-1.672571216913451453e+00
1.279515376785404168e+00,7.796461323592770443e-01
1.111563400882987107e+00,-1.027512873282795253e-01
1.115822270434632779e+00,-1.503114677744233907e-01
7.747875504190412932e-02,-1.953195623947200643e-01
-1.325624769137284220e+00,-1.154136257623464390e+00
-2.660962825565010292e-01,5.830560384194539703e-01
-8.441742218008165821e-01,-2.330322916892735741e+00
6.947496229019702874e-01,-3.624155729512598678e-01
-2.764451448504517406e-01,7.317785172907772528e-01
-8.009388960151359038e-01,-1.929791111224275157e+00
6.593818833925589873e-01,3.409518486487064237e-01
8.310254771468024160e-01,2.845349424006534123e-01
6.681833669644937634e-01,7.230405908437580464e-01
-9.027357250625949181e-01,-1.198546629881855619e-01
-5.782184263619470910e-01,-7.502498286421684925e-01
8.169248051230297847e-01,-1.237722204839929896e+00
8.310223184900364934e-01,1.344227733823665227e+00
-1.470770677567076357e+00,7.142302175055129654e-01
5.085199085968219457e-01,-1.979910880460666045e-01
1.033694150841478976e+00,1.830301230679793889e-01
-1.822967154770083545e-02,-1.393780314051435543e+00
1.058566390773819199e+00,-1.410894212090129385e-01
5.383285512058466615e-01,-1.136301277632483897e+00
-6.980986145564871403e-02,1.554605902936101458e+00
-1.044218730705853027e+00,1.325428497556926155e+00
5.872545907474968629e-01,1.082998706716779697e-01
5.776755619826794419e-01,7.946284278337295559e-02
5.742452883397977104e-01,-5.028070659311133506e-01
-3.145545516570039668e-01,9.362169200280135994e-01
-8.610340955859433487e-01,7.348044156735865640e-01
4.547060600778026207e-01,-6.129400484575450170e-01
5.090142989382329120e-01,-1.307502648499987208e+00
9.108241750816152837e-01,1.044814916474714195e-01
1.200096039360301958e+00,4.909727050418495886e-01
7.147234612324087077e-01,5.121576450402417491e-01
1.235918688662596576e+00,-1.057888537867812007e+00
2.059055769157515647e-01,1.389196756454213810e+00
-1.103196889309744633e-01,-1.074746867615213652e+00
-1.539476051923613253e+00,-1.148565876938667962e+00
-4.115908505835404463e-01,-1.189720744978055800e+00
-1.002561628838592123e+00,7.060584915163575781e-01
-1.650541034782953220e+00,6.321628068666797218e-02
-1.245189437913662100e+00,2.269307602550337533e-01
8.841550428144616669e-01,5.407921268634896528e-02
8.411897742099298803e-02,7.147122210226158900e-01
6.357142686754145844e-01,-6.618027114850796311e-01
-4.966414159850812693e-01,1.070931191801435256e+00
-2.044867737220732729e-01,8.510745519106058810e-01
1.105901640889791343e-01,4.770562756701196561e-01
-3.320724821283020378e-01,1.172862096056617731e-01
-4.168386374977767206e-02,3.133149289581960151e-01
-5.654322533381423987e-01,1.034397042979980696e+00
3.544070230824989398e-01,8.364200058549727812e-01
-5.316747418754733667e-01,-1.345260125561616782e+00
3.345336256416879817e-01,-5.796347111851493095e-01
1.383736285205721561e+00,-1.872898166502906525e-01
7.727342327321985449e-01,-3.402241365387308480e-01
-8.876431592650434466e-01,1.738574061841754004e+00
-3.213543483139934542e-01,5.556841152877969314e-01
4.003172246175029092e-01,-8.863071449621702236e-01
-2.731226485050069486e-01,6.992397260821110461e-01
4.604548498976900883e-01,9.690793141375013409e-02
1.619798824302571605e+00,3.211473343079159215e-01
-2.200489091779787021e-01,4.724293934044239696e-01
-1.038803261198500694e-01,-2.477435564403210222e+00
-9.744286354591518151e-01,7.708669749422208950e-01
2.531416136606279843e-01,2.809166045499373876e-01
9.257116643797730360e-01,-2.222681595034696478e-01
-1.228236115987864530e+00,-7.482563646060659546e-02
-3.975887262686224333e-02,1.033129075690659482e+00
1.635058596340714265e+00,2.846015026033487105e-01
-1.432553629761554592e-01,-1.447888263564900635e+00
5.711583309871591796e-01,-7.469621552391907393e-01
2.229154787835938567e-01,1.025649699453913266e+00
4.874546916807387942e-01,8.304348528784223360e-01
8.609684022715690110e-01,-6.378513712552734694e-01
-1.276329278904450026e+00,-1.015394959338994152e+00
1.000310558715748144e+00,2.523595385453301088e-01
-1.005562107371707814e+00,6.190721683507622863e-01
-3.561446143106302697e-01,1.410790674849010884e+00
-2.477110651258808416e-01,3.845568529376529598e-01
-3.701252877638129524e-04,-4.334529513577269760e-02
6.520535095455408381e-02,-4.993070745704348279e-01
-2.395845301014954132e-01,-1.002249878518425064e+00
7.705856653247045163e-01,6.318786917067537034e-01
9.926519335182142356e-01,-5.737809508077332810e-01
3.640156416473772083e-01,-3.445421772193521526e-01
-6.518243417569455911e-01,8.145812268294834180e-01
8.003879611405702033e-01,5.000266867131305526e-01
-5.454022951827720567e-01,-8.326437044737620141e-01
7.996383630278190713e-02,-3.170808263562839846e-01
-4.667914156096050204e-01,2.169189009431834736e-01
3.814760072418303394e-01,1.855113938021705211e-01
-6.146946861370053972e-01,-4.099887609941751943e-01
-4.068704229281677742e-01,-4.416334238098256759e-01
-5.241775064122533578e-01,-2.541792237344859817e+00
-8.686802484833280324e-01,1.259649030479414122e+00
1.918547730819978536e+00,2.126730877624524396e+00
-1.112923954598233456e+00,2.749486089734073380e-01
-9.648878868939624320e-01,-5.600819721150159802e-01
1.603325856815770445e+00,-1.296713578427552749e+00
1.173295367909539949e-01,6.852057424640318750e-01
-3.234444809848613933e-01,-6.740674202236897061e-01
6.214731039564048709e-01,-4.074987075805407977e-01
1.473496732580279023e+00,-2.457066186763039728e-01
-7.334344598793232084e-01,6.003943577175009372e-01
2.318560684251484358e-02,-3.026973333837688629e-01
-4.400951489443908349e-01,-3.367705043238461982e-01
-4.092581507033116184e-01,1.338370594267679126e+00
4.003243212600779422e-01,1.707886238414820568e+00
1.218567588435568227e+00,-5.180129189277227209e-01
1.908361046267373018e+00,-3.277910105837459898e-01
-6.153740775160673193e-01,7.464108776257930566e-01
-1.440237195271370396e+00,-1.706763637022412627e+00
-6.042417514781506238e-01,-5.691777647052707056e-01
-2.250850775588227326e-01,-7.258341614713695877e-01
1.794737835607908005e+00,-8.618550729844006719e-01
4.291319690159897671e-02,-3.136311303004264417e-01
-1.090435564841110594e+00,-1.313332513691917613e+00
-8.510611900573164523e-02,-1.097381018811524334e-01
-5.931902320077003798e-01,9.405603359409782094e-01
-1.242047532497401630e+00,-8.697501236614860187e-02
-3.210304030813038167e-01,-4.622365915094660549e-01
-9.827182342797826653e-01,2.981066435164191342e-01
6.076419063816551613e-01,1.677307654937134629e+00
-1.371234773968062759e-01,-2.689024777395268573e-01
1.108254825744576566e+00,3.508467672367446832e-01
9.880387880357709152e-02,1.735962539746039202e+00
-4.448509681451250780e-02,-8.182551014748518092e-01
-1.149011483565462344e+00,1.775222772110027325e+00
-1.166148967725367663e-01,1.028615676368286547e+00
-8.359879950326600806e-01,5.759127600450573148e-01
-1.180803405291128039e+00,-2.648853708584734123e-01
1.193688099257342428e+00,-1.329897833798717954e+00
3.484499286775959992e-01,3.436380578306166278e-01
1.238881063024588114e+00,-1.043098397268221955e+00
-8.936383801186509324e-02,1.237823611401909885e+00
-4.972966001178628637e-01,5.842316953720196882e-01
5.179838348438494666e-01,-7.894260650163819060e-01
8.261949815541321795e-01,-2.728917728999705750e-01
-1.461896663430297394e-01,-1.876460953341147764e-01
-1.902777297331067041e+00,-4.449133707861062104e-01
2.484800233543627834e-01,-1.398509471329417164e-01
3.612978261705426797e-01,-7.834740759972271817e-01
1.537937056985214435e+00,-1.111234568665163680e+00
-2.883730554454512207e-01,-7.221347538122165066e-02
7.564094578798395974e-01,-4.458287470345777548e-01
-1.256602506718210999e-01,-1.306927953139146004e+00
1.090624743661307461e+00,9.827473083491365946e-01
2.560079279470574010e-01,-8.582685921611775681e-01
7.494455095944982936e-01,3.735131569228392068e-01
-9.753693035759172236e-01,-1.434173481774514869e+00
9.157401106920669553e-01,-4.448209787573854657e-01
5.149523384590207753e-01,-2.427141944696098105e-03
-1.321246698787562845e+00,3.345257665705689831e-01
-6.721984210953763084e-01,3.736145603205245913e-01
1.480740615908610891e-01,1.858146723960414637e-01
1.056964352860705114e+00,1.676035353081751111e+00
-6.571473334038796521e-01,-5.331168443911684651e-01
-2.246077053447035898e-01,8.627392439589802731e-01
1.568652647807754485e-01,-1.681623219458899587e+00
-2.383589039442524649e-01,-1.402641474758416162e+00
1.675568898310053845e+00,-2.388664499745842829e-01
3.345210430405122781e-01,-1.272913491855600876e+00
-2.866495161750916565e-01,1.220241505468563359e+00
-9.456547575828926355e-01,1.499567560986937886e+00
3.656431710473596608e-01,2.918737169039350432e-01
-1.672473883879133982e+00,-1.430937915483498690e+00
-8.200392414125208251e-01,-1.080607193596957172e-01
-3.689517833308323946e-01,2.551482824625336265e-01
-1.891710665978740602e+00,-5.169545341761949686e-01
1.992225070581575830e-01,1.059613806543104192e-01
-1.994829687180596389e+00,7.763470618609147333e-01
-9.201498276647230856e-01,8.560912858896202460e-01
1.781654140963839228e-01,2.554862658968012901e-01
-1.659993989425876115e-01,-9.653433536890634881e-02
1.045641273350827322e-02,-2.611744691941408347e-01
4.385789517388017922e-01,2.335781357765494282e-02
-1.182088888589491876e-01,-4.034305523763256351e-01
1.849028336042826126e-01,3.108523508320726325e-01
-4.980285097511591430e-01,2.734126492243207918e-01
-1.012012932545180294e-01,-1.567846703755209070e-01
-1.011563233637125858e+00,-8.649959194905562088e-01
-1.124916075296024331e+00,-3.369784132080054506e-02
-1.726062746939786563e-01,-4.214741197366554948e-01
2.999682680167468085e-01,-3.162004604586735046e-01
2.588524698308247163e-01,-2.125071575061505125e-01
2.151999241209140212e+00,-1.699428422292751928e-01
1.195620021859660431e+00,-2.929673190395090110e-01
8.114468450795228605e-02,4.276277389698001086e-01
-3.533891745476490653e-01,1.371284662446291547e+00
-4.858401862921335468e-01,-4.706083839300949645e-01
-2.930538243609685511e-01,3.495876417042279027e-01
8.860728683995314769e-01,-5.721346745844730908e-01
1.380070470415708073e+00,1.441442540193737853e+00
5.380873648891633387e-02,-1.574518408160283101e-02
-1.472808727873092804e-01,-5.780035707554639357e-01
7.056286588944733484e-01,6.148734189956075458e-01
3.589704371768754898e-01,7.528246980633022112e-01
-1.289034885127011698e-01,-8.109667974200818197e-01
-3.926125552900067706e-01,5.200023185741511900e-02
-6.253892639417619748e-01,-5.243629845570441095e-01
-6.694054437001515367e-01,8.883211735224635919e-02
6.965259581653046039e-01,-9.754614298622452662e-01
-5.977161889692521324e-02,2.178995170707971052e-01
2.905389541684319510e-01,-1.260180255064815125e+00
1.304302837714114705e-01,1.486076480357996665e+00
-8.084959764480869060e-01,1.439417153238619296e+00
8.681843247341737568e-02,7.733427597386041130e-01
3.115697779476071516e-01,-6.399933509218740380e-01
1.609035040249604087e+00,1.407273453902559979e-01
-4.649940548595262735e-01,4.762549125652413839e-01
-1.599757220474042618e-01,-2.034067469042925014e-01
6.889854955046668117e-01,1.100289153075607318e-01
9.666377779335399989e-01,2.551362762740767010e-01
-1.072560922477695744e+00,8.229743407042198200e-01
-2.690850655389352974e-01,7.446866046079826384e-01
-1.212943069106863669e+00,5.323862324683094061e-01
-6.609075767147025715e-01,-6.777552781520838066e-01
-7.081175453441337364e-01,2.924736897457810847e-01
1.106525655935393537e+00,-6.254582775161515729e-01
-5.475434072054297108e-01,-3.143808945253964704e-01
2.363810313454651688e-02,1.110348271532748843e+00
1.172046505049527232e+00,-1.158070977099635579e+00
-1.220632672075837311e-02,-7.777106500017972983e-03
-4.580321364735490119e-01,-6.036387585730769167e-01
1.018315461458774163e+00,7.946155051005705516e-01
8.909234014662934520e-01,2.321673353128133332e-01
1.280309423709408589e+00,-8.480417754688133192e-01
-2.853755622740032916e-01,-3.269402990258756692e+00
-5.615364283478687657e-01,-7.815442628050399687e-01
-9.600529783194388100e-01,-1.038046914932990061e+00
1.251426667583551922e+00,1.487008143868191246e+00
4.346852659631331162e-01,2.694812307784067995e-01
1.395740330733134527e-01,-7.606636226286329627e-01
9.777091626534138713e-02,-7.940923102419595869e-01
-3.326574365064388639e-01,5.000554171133310133e-01
6.991079356772117448e-01,2.784683649026390984e-01
-3.170922262008455950e-01,1.760593569159392136e-01
-5.011936193104681303e-01,1.784113455733589981e-01
-6.470888221040990151e-01,-1.684164268359848116e+00
3.171077607041224988e-01,1.844000295879325013e-01
-2.661875246906179604e-01,6.192110417481136997e-01
-4.072119446162907053e-02,4.738683135729599982e-01
-2.196707271941301109e-01,3.766862860767294929e-01
1.628874305709777093e-01,-1.188978546668492120e+00
-2.943818112753608940e-01,5.959316834965816545e-01
4.911641738708025229e-01,-1.405125075080594144e+00
3.452107313034952218e-01,6.964242028205698265e-01
1.228527108140158308e+00,7.502616972528733941e-01
-4.731212768499064997e-02,-1.389289064958236342e+00
-5.424772208025898657e-01,-1.225206735341320519e+00
-1.943475108480855751e-01,-1.092997018573187873e+00
-7.277071478447911801e-01,-1.838756041489786108e+00
-5.116509773273929529e-01,7.497349323317183956e-01
-9.241874053782037635e-01,8.001812252383277979e-01
5.910526586836756247e-01,-1.105749100588529599e+00
6.137455584716989820e-01,-4.981582381740384258e-01
-1.009916234967972670e+00,-1.433763798588608140e-01
7.060741625453442749e-01,-1.230334980962227043e+00
1.889528423788300882e-01,1.040067953882712226e+00
2.910476704821818861e-01,7.729023251147840723e-01
6.390812700369728760e-02,3.039015396797460355e-01
8.567842739410302944e-01,1.107382971291086760e+00
4.286251185992209223e-01,-2.592707756852209444e-01
-4.016127108700859871e-01,-1.479422265347901666e+00
5.762429068425728440e-01,-3.115582712396025022e-01
-4.739549547707367361e-01,1.054960342885087332e+00
-2.810035997245413641e-01,-3.623922207462696998e-01
2.242053062899011517e-01,-5.416593270735015064e-01
-4.970267605723869275e-01,-7.788623195733437310e-01
-3.984175604567701257e-01,7.079365873072379634e-01
-1.862420012766517492e-03,1.574699487403536935e+00
8.065731510040308194e-01,-2.248189587178272553e-01
-1.059416298867518202e+00,-1.430227713792414090e-01
-2.753126820638340799e-01,-4.092365877365791160e-01
-3.811070282835174461e-01,1.147712041430828167e+00
4.847595053064450155e-01,2.187270351784572353e-01
4.662590431965094040e-01,1.605750906808111333e-01
3.291520805343886025e-01,6.014078519352774599e-01
2.350978123617203028e-02,-1.552822996156845381e+00
3.681643025633215549e-01,4.758307690948878066e-01
8.124597522970449237e-01,-8.924180442799468926e-02
-1.598141956860101409e+00,-8.167353859221812007e-01
-3.671438640656499719e-01,-1.389714278361974253e+00
6.576508641039521263e-01,-7.245636576396051465e-02
-2.639914369752736079e-01,-2.879812702389801804e-01
7.813044914927665952e-01,4.463019671588214915e-02
-1.007921008272702590e+00,2.638168362286711366e-01
-9.697953716562882631e-01,6.527242810093192293e-01
-3.658579635202446334e-01,3.031498766551102286e-01
-7.774124096285280894e-01,-1.386113127975665826e-01
1.353832696080119191e-01,1.215232406283941746e-01
1.408114431955646229e+00,-7.870176065649976405e-01
2.871047972972972651e-01,1.013694224475012312e-01
-1.422675586665032299e-01,-3.178102108329683428e-01
8.917046886828755570e-01,-6.189689889106185783e-01
-7.669808430527333409e-02,5.667694651470005507e-01
-4.000719481482567508e-01,4.492336994154201568e-02
6.105932756769666403e-01,-2.429329266961949507e+00
-1.083324846084472437e+00,1.167294152090339932e+00
-6.539157868443101762e-01,-1.894699143654892115e-01
-7.505887484892614925e-01,-1.090762907380504299e+00
5.353213430816807783e-01,-8.035342607181084063e-02
-3.462654168244043151e-01,-1.860925923504082924e+00
1.168095258513821150e-01,-4.469412938804553925e-01
2.043841608340537519e-01,-4.800603775374951421e-01
4.212935701760787133e-01,4.511320794648714383e-01
6.869022372886440797e-01,5.884487489650573888e-01
-3.592088329708620908e-01,2.281805403699005974e-01
1.177642181418335321e+00,8.548189002381981760e-01
1.269108555270043182e-01,1.534143497261794276e-01
2.076903765568026416e-01,1.057504099057793079e+00
4.893295331494142419e-01,-5.895498125833785741e-01
-1.530371401190327107e+00,5.427888600038813793e-01
2.033632340884964640e-01,-8.121684453930765324e-01
7.366204057289550688e-02,-2.788397534849423320e-01
8.573845254204551791e-01,3.650791299716515392e-01
1.166028089888372588e+00,5.928490160320797342e-01
-1.145129677422680681e+00,-4.821304446505549346e-01
-4.639189953617128825e-01,1.249820199751608074e+00
-7.683837665468572498e-01,1.815859635955152429e+00
1.436078122942632040e+00,1.159926063610602132e+00
1.654903924388256398e+00,-1.152851534080647222e-01
2.763230120344994933e-01,7.410514963738165650e-02
6.676266685258468170e-02,5.805745538082854873e-01
3.140488311270296928e-01,8.661315926371806473e-01
-5.687215527698709083e-01,1.473013082549343933e+00
-4.579060553284091672e-01,-1.018452618606916937e+00
1.723948041709926493e-01,-5.117084053094812096e-02
1.841287898761558850e-01,-7.688138354387099582e-01
-1.769170008804895611e-01,-7.375555927228952813e-01
4.427435275087462235e-02,-1.142605012677323090e-01
5.264702383141232067e-01,-2.427945480568310388e-01
-1.219821110044316592e+00,-8.760999988506650293e-01
-2.614406280695258378e-01,1.657057264915309802e-01
4.535971350959017157e-01,-1.562656324953923259e-02
2.818914715671163029e-01,2.298918647865807741e-01
-1.091468839467610863e-01,-1.425529076581009136e+00
1.464637074915027481e+00,-8.281212052318217554e-01
1.619444542243137830e+00,3.436845853140886864e-01
1.227863019009716394e+00,-1.981045433471683159e-01
7.786267032493188189e-01,-2.277294993577008431e-01
7.582878783476698636e-01,-7.965248439662803159e-01
1.218915706807405103e-01,-9.869589689109486974e-02
7.839771777554233045e-01,-1.624449834587358144e+00
7.398273543914773986e-01,-3.243515966072078038e-01
9.501468742364059805e-01,6.659488618081392808e-01
1.630482167150117956e-01,7.619839340264596972e-01
1.374883618038733379e+00,3.410262448152644454e-01
-9.818090911492175499e-01,-1.243653580498303324e+00
4.263585183168498438e-01,-5.683268067229088061e-01
-1.194530310927737871e+00,2.541286024268408703e-03
-2.037400969538626441e-02,-1.692531777635885915e+00
8.627910106048621852e-01,3.751595170661967127e-01
-2.748958918861378331e-01,1.307286660165765495e-02
3.188204557056645294e-01,-9.053364673910286875e-01
-3.549232440582858472e-01,-2.374694617288197307e+00
1.421513502081213964e+00,9.518232093240119873e-01
-4.102073074261580743e-01,1.096215157975129584e+00
-8.323318184660791555e-03,-6.215633165963425633e-01
3.174098983848508970e-01,-4.551994821580673256e-01
1.049778888798422294e+00,-1.067265261188037551e+00
-4.772670194552510181e-01,-5.451219981609025655e-01
5.829723083718894028e-01,-5.265640970354645151e-02
-8.121471376271555132e-01,1.264159382426262246e+00
1.106572212291698110e+00,1.374234958771732573e-01
3.370206987981978486e-01,-6.635503443382051447e-02
-3.612787022737950354e-02,-3.814093741058758869e-01
-1.338493434021500006e+00,-6.838808346039034758e-01
2.717096107452761644e-01,1.056443963034380040e+00
-4.322186703820356524e-01,-1.139877946645525997e+00
8.029268417906401112e-01,4.007453784748093994e-02
3.981008801824464927e-02,5.073320749054317513e-01
5.986054396293621904e-01,-1.188732278182565993e+00
-4.448501547741874965e-03,-8.630595727707930653e-02
-1.136564598351786776e-01,-6.704781009421800775e-01
-5.885247907404598244e-01,1.714464196055452139e-01
2.889568612522883662e-01,-9.014189986302645341e-02
-2.931406867922630166e-01,-1.014856748604839876e+00
-6.813742192056552183e-01,1.036535929567862779e-01
8.038268166129516334e-01,4.618777740919496888e-01
-1.500013923956618478e-01,9.892518541988295500e-01
-7.906243847779778067e-01,8.712859936152134166e-01
8.925786231024565032e-01,3.641784465294294337e-01
-1.366516478838741833e+00,-4.781753005610018814e-01
-4.882094640107756400e-01,-4.614452997770296383e-02
-1.589927995412458106e+00,9.999580541094491570e-01
-1.323720259817493250e-01,1.191708791801597167e+00
-8.607799343697140060e-01,5.391784314276508727e-01
-9.324633297818367417e-02,1.975995421507147631e-01
-1.971413204482179715e-01,2.360935306328223737e-01
-9.740044784588225424e-01,1.657337961087209655e-01
1.743286845809062235e-01,-1.414060597057728574e-01
6.180047034727180755e-01,1.753260715070645848e-01
3.673993144905612906e-01,-3.583166318001867467e-01
-2.861286330293822400e-01,1.510360031268664915e+00
8.669411494533100226e-01,9.537290378751862863e-02
1.055988320166830974e+00,-4.555318476412143491e-01
6.976947574591325918e-02,2.861640848970945505e-01
7.596925751696863571e-01,4.171015712396610176e-01
7.401318893239681174e-01,-1.935259285988095046e+00
9.470780037366488546e-02,7.277569326923313264e-01
-7.195767117031037774e-01,-1.354970944415785084e-01
1.622342459940464776e+00,9.246338758394788693e-01
-5.248793659917286858e-01,-5.059875344142150677e-01
2.439144674657742207e-01,-1.287749688882508625e+00
1.520176564942706254e-01,-1.383864156665868483e+00
1.548624461966384702e-01,-3.477738253286757203e-02
7.417047239398874003e-01,9.299445461613619068e-01
1.640678372473995283e+00,8.766914325875169167e-01
-1.223007688613733990e+00,7.527224409872119715e-01
8.631354999895046731e-01,-5.132536271998698885e-01
-7.276986230039678150e-02,-4.462157040130196317e-01
-9.772928744040833282e-02,-7.366206284040179852e-01
-4.597056903646645210e-01,7.005278910563316197e-01
-2.399594066679903298e-02,-3.845003320659081680e-01
-2.559835649242907588e-02,-3.641997227828126515e-01
-7.181155465687955042e-01,-2.427608081862954403e+00
3.901052464594640390e-01,-8.569186885653524988e-02
4.085149449072456584e-01,-3.257614896318822284e-01
-1.446990576441701482e+00,1.712432805628696819e+00
1.033931697070585409e+00,-1.594264790432688983e+00
-1.078974053924046661e+00,-6.123557350299460023e-01
4.278545852113325720e-01,6.538854772722032527e-01
1.077879278569317867e+00,-1.946290647594734191e-01
1.550939543744050686e-01,-4.844452436551979074e-02
1.323420783164397929e-01,-3.338694746007735414e-01
-2.470092300741092220e-02,-1.818717223779268144e-01
-4.298506742710978545e-01,-3.870601332973009900e-01
-1.571096261143385631e+00,2.839023435945370877e-01
5.368651643490689462e-01,-1.586149917000917176e-01
2.465589258051079091e-01,-1.230044079649959821e-02
6.924622387182972627e-01,-6.765880756513241723e-01
-1.911829666371486769e-01,-8.318671889744739811e-01
5.500296766267974702e-01,-3.602576871360515520e-01
-3.171186943507878775e-01,-1.761529769370371534e+00
-6.550247878585819805e-01,7.998909223227044230e-01
-5.932110849105687311e-01,-9.978842644958000330e-01
-1.156184402778952791e-01,5.816363039140373115e-01
8.261226550282499970e-01,1.051296483686252614e+00
9.395602612497534478e-01,2.227733705989579649e-01
7.306904403674937543e-01,-4.103318430974539077e-01
-7.624882490827995518e-01,-1.310203165923926827e+00
-4.686503629780401914e-01,-1.255448446253647488e+00
-3.126012686811378560e-01,6.027487250395360818e-02
-8.054007671285066117e-01,9.878247800132354817e-01
1.024912090849127294e-01,5.717296544310426082e-02
3.355201493520824085e-01,-2.582345275441717547e-01
4.395111904353513066e-01,9.799184627809920389e-01
-7.328761849894284142e-01,-1.073437318023815035e+00
4.316894601088407390e-01,-1.718699037098248006e-01
-2.294602693217622225e-01,6.868370016537607148e-01
2.344988581662778293e-01,-2.214751095837496908e-01
1.410436812523626071e-01,7.770431146416140189e-01
-1.380876699167237431e+00,-6.823922779613623701e-01
-1.710670678802002076e-01,1.748260471641393254e-01
-4.561183950718146474e-02,4.815887220420206338e-01
8.127222106119446066e-01,-6.582049254263894200e-02
-7.256589616230755269e-01,-8.928784376071974282e-01
-6.993306933591995067e-01,-8.968371558134979882e-01
-4.627226272924792605e-01,6.213782682597784879e-01
1.095309793145312627e+00,-1.491253756979999734e+00
3.428941211156600333e-01,-2.126614627617571252e+00
-8.610117422147047783e-01,-9.140121242184617856e-01
3.166702477706554997e-01,1.970970072408908313e+00
-1.353342185717137713e+00,3.753037899870113048e-01
1.022548873574818107e-01,1.160990616290976662e+00
-1.467779533438961170e+00,-1.032648263204299921e+00
1.820566989208137754e-01,1.876314019858646778e-02
-2.118648285977705603e-01,1.420483479187567566e+00
4.074046713103366725e-03,-4.990965481280948968e-01
-3.347241885879933543e-01,2.548267958107421904e-01
8.815335626150954118e-01,1.870386093621532742e-01
-2.825403444123709140e-01,4.469964623929912340e-01
2.317391966828345473e-01,-2.315958865234375996e-01
3.230684875251710331e-02,5.038736305283358918e-02
-4.538711728124277811e-01,-9.672693805098729891e-01
-2.622077882496773316e-01,-3.739910342713340663e-01
-1.496961934871720468e+00,5.198284611959652635e-01
9.278812089932590018e-03,1.607934634406091301e-01
8.600934542731437649e-01,1.045993055169760710e+00
-9.546795084680972376e-01,4.515235054963073758e-01
4.071121670996122877e-01,-2.539915304764878146e-01
7.169561569349669483e-01,3.441724335065439178e-01
1.018484901102845036e-01,4.133514951834021400e-01
-3.498251909055037356e-01,-1.173588746006144712e+00
-7.711165825608942148e-01,8.156393987512966515e-01
7.270094016115383750e-01,6.313723904851329394e-01
-2.000198484255724107e+00,-7.083551523830196039e-01
-7.745812728297117866e-01,7.849900406018784915e-01
7.610549312154679669e-01,-5.213156328322740007e-01
5.977236963338449227e-01,-1.926791514396631599e-01
-4.270339698561868569e-01,-2.660431526929078749e-02
-5.776202614852329331e-01,-8.246407377323340671e-02
-3.859740596707006421e-01,4.215797558638274545e-01
7.814846271974379421e-01,1.932056307413868801e+00
-3.398846739994271227e-01,5.397627754190409410e-01
-1.388106434081368468e+00,-8.302052268206434604e-01
7.076255743686139521e-01,7.527285047958912623e-01
6.433256865763040677e-01,-1.566799515968822165e+00
4.678565821118234151e-03,-6.025071235214568555e-01
3.811048948723255170e-01,-5.427408410905044944e-02
-4.849688054492515832e-01,-4.282689452636844751e-01
-2.382766792348359544e-02,-1.494512027213908412e-01
-1.721930147266995115e-01,-5.015236742464258546e-01
-5.506048763465710705e-01,1.286775926063058240e+00
7.342009759559452453e-01,-1.517402125305710170e+00
1.123844828643033811e+00,7.396154631860524242e-01
-3.534379870331921247e-01,-9.295042748925088638e-01
1.647707976733970570e-01,-5.255793452377883757e-01
1.933276509822521791e-02,-7.904232383472148404e-01
1.050977306544814471e+00,-2.604506098522866298e-01
5.939757553010329705e-01,-8.170208573936219576e-01
-7.645560757979991129e-01,-1.529677962056139595e+00
-1.333021631748047886e+00,5.206470465786928736e-01
5.669630054810799180e-01,-4.062114595917708515e-01
-5.933220117237233415e-01,-5.057167246160696461e-01
-7.572750817943846302e-02,-6.792175717221838882e-01
-9.921504895625540277e-01,6.934083790486506027e-01
2.085903663231946759e+00,-4.653560529108247690e-01
-1.589752796435353055e+00,9.946850445724314538e-01
-6.904281941657792743e-01,-4.996379656969988092e-01
-2.549331099264382505e-01,1.584023211570838585e-01
-5.546263688557011573e-01,-2.668881451436736496e-01
-4.848722311260475482e-01,-3.783074481482667228e-01
-1.633027483558840975e+00,2.101778507545577490e-01
-9.073002704907251470e-01,-2.984756084053142300e-01
1.406716646772917079e+00,-1.788348798848821419e-01
-1.035681146043079037e+00,-5.282402851513839925e-01
-9.030812044745374634e-02,1.133574726329240612e+00
-9.137988521315746349e-01,1.373866007347095852e+00
-2.878312151597030022e-01,-2.836790483671386420e-01
7.336209459803923194e-02,-2.753164192148306877e-01
5.772527643100681116e-01,-2.707915640692969417e-01
7.171106560323111667e-01,-1.136216254438370044e+00
3.889467867735288409e-01,7.022597323818184911e-01
-9.313156862516264178e-01,-1.029714103930587710e+00
5.488563203130375490e-01,2.024007655866860045e+00
7.926667729968837062e-01,2.614050615413540113e-01
-2.206358617688702062e-01,-9.346499598504176554e-01
2.084999804402490053e-01,2.470026227970405497e-01
-5.025414146482666267e-01,5.508991215198521391e-02
2.771896340816371040e-01,-9.758631697282030837e-01
-3.038948892429759741e-01,3.418839628931010788e-01
-6.774787795869895157e-03,-5.985495664048268161e-01
1.083710439359268696e+00,1.433486447433813149e+00
7.165061053696317739e-01,5.023795324972908372e-01
-7.446928149508913464e-01,-4.457636197536437583e-01
-2.408548607047176771e-01,-2.293652477153086955e-01
-6.710807749065701711e-02,-4.369991112688430546e-01
7.254770991184539275e-01,1.239793951050677245e-01
-5.528451081092240482e-01,1.396652809843043297e+00
5.081947388536007804e-01,-9.967412258424100946e-01
-3.875979886677372588e-01,5.723531251617471893e-01
1.674957020521008755e-01,3.005210347366268908e-01
9.384695318656318674e-01,4.528035944631476628e-01
-1.169716318704286495e+00,6.135736150496268193e-01
-6.989155459067195597e-01,-2.082986392161180755e-01
-2.874814799909437557e-01,-1.748032716446068502e-01
2.737593330270241543e-01,-2.935602434645069314e-01
-1.122960519453422901e+00,3.012567770558170488e-01
-7.794575242619770084e-01,1.208909992376779735e-02
4.440197596295853422e-01,3.508614340323917280e-01
1.293146916820807069e-01,4.290428202901380161e-01
-4.754823122253993284e-01,-2.504445876070910404e-01
-2.883609739261764893e-01,-5.632582032822683882e-01
4.051296159682498121e-01,4.403496377253238725e-01
8.926735461264251326e-01,-3.878327287795673151e-01
-5.459626101531663833e-01,6.903874808560240828e-01
6.541164280230247208e-01,-8.318248866544509790e-01
1.166291768467486945e+00,1.204315481207129279e+00
4.206876398574252440e-01,1.284805646458213602e+00
1.114945537423537164e-01,6.266762412564454987e-01
2.598062787352977687e-01,2.522193563574884889e-01
-7.394329207306124530e-02,-6.928649505111728057e-01
-4.969332829715543687e-01,-7.442239268866185364e-01
9.414669257496622867e-01,8.330353220793947910e-01
-1.265835994754441085e+00,-1.370403086107084556e-01
1.233189478364306257e+00,-1.506719731639132531e+00
3.746868169280281324e-01,-5.869842630361928881e-01
-2.304800431617359369e+00,-1.326320389127801924e+00
1.262226249396183331e-01,6.064546005549878993e-01
-9.000813048040350317e-01,-1.518130012483604740e-01
-8.222639276727811142e-01,-7.482675032412491323e-01
1.165474411012967115e+00,-1.569001321698360873e-01
-4.425127972382686958e-01,4.811435295952063984e-01
-1.293481964099734149e+00,1.557068161115986449e+00
1.212238264545101973e+00,4.563445916252606427e-01
1.891098376696411232e-01,7.971823790849519309e-02
4.824131984548838403e-01,7.432385161099497317e-01
-5.564900179718285794e-02,-1.041600996278820190e+00
-6.391668553390373875e-01,8.196316421923760531e-01
1.281256261295137922e+00,-1.028722361400584484e+00
-3.143053986001070332e-01,1.903219648945761733e-01
1.081572948888746000e+00,1.550536437435085846e+00
-5.250975462411751060e-01,-6.209036864328151273e-01
9.260948577765499845e-01,4.626196336606430703e-01
-1.091622456441752709e+00,-7.986580316325763151e-01
-8.424444898946822358e-01,-9.081284536827699538e-01
-5.121202858920956974e-02,3.873988237168469739e-01
1.272230697841349567e+00,-1.641762056445446261e+00
-5.429620816956297613e-01,-1.100956522106316227e+00
1.052981939387530819e+00,1.056752134534065357e+00
-5.600663548613192821e-01,-8.150807862028655593e-02
-4.060291957227080140e-01,7.199836597604705735e-02
3.036958061223933858e-01,1.781230936071388271e+00
2.177647797559694731e-01,-5.208695858111652699e-01
-1.431281073583132724e-01,-5.071808498490859574e-01
6.499235593741824468e-01,-5.985237513910664220e-02
-8.534909723102370727e-01,3.686393822592163860e-01
5.161874632544949382e-01,8.578333063396255120e-01
5.080901591603895762e-01,-4.066443101484818468e-01
3.307129219897763095e-01,8.319151510954558848e-01
1.861811640850194127e+00,-2.094166496221071261e-01
7.630937180035345380e-01,8.145480626501884203e-01
2.587512037910499330e-01,1.178448675407304469e+00
-8.454648708347369812e-01,4.534952863579506666e-01
8.583752710950722786e-01,-1.622735994385045233e+00
-3.756642025204154356e-01,7.068594933353939957e-01
-8.500725419809345151e-01,8.630937129406238695e-01
-1.343126066690157216e+00,-6.272446223804356569e-01
7.263976618906299310e-01,3.845594549030713072e-01
-7.453586092483688308e-01,-1.799665584369763704e-01
2.130102674621177361e-01,5.231240977974176420e-01
4.061137953081424556e-01,4.415888752082597346e-01
1.748752934745745891e-01,3.073371210202403003e-01
-7.032579259575459929e-01,-4.315334796209587820e-01
-4.187603558685613625e-01,-1.753924886731223209e-01
-2.687925988802488675e-01,-6.053747288842179497e-01
7.277608261219191410e-02,-4.888188225174022183e-01
2.303481574481499594e-01,-6.951502571545777054e-02
-8.941240295539779614e-01,1.300524198064354486e-01
-1.403719415497143075e+00,-5.211246205062831649e-01
-6.110999204139891949e-01,-2.724525836186113548e-01
-9.625188739050380970e-01,1.635208750919218801e+00
-8.766257343427837911e-01,4.977014755327984763e-01
3.080549532861645012e-01,2.350762341212607187e-01
8.786393013401362362e-01,-5.570726317158377627e-01
-8.928484636044419220e-01,-7.309438316807560787e-02
7.802252054625508082e-01,8.588505200371013837e-01
-1.168203132563136126e+00,-1.588016418152706111e+00
-2.757457597438552899e-01,8.993069279825696705e-02
1.605293410040251612e+00,4.955118687206370720e-01
-4.604288965941819023e-01,-1.771737725477374459e-01
5.993012138361626384e-01,4.310092819796157992e-01
-4.681752994035884297e-01,3.326568790411871812e-01
5.857352178118033770e-01,-2.304404868392307404e-01
-1.413532247835099565e+00,-6.938259820459622418e-01
2.015241226154500243e-01,-1.053436070866185847e+00
5.376611750227283659e-01,-4.564152788997035692e-01
8.762305548127713450e-02,-6.569737583388667312e-01
-9.516552808497107385e-01,-1.105063726875150920e-01
1.182622959718914624e+00,1.765483285713548955e+00
-3.979023635628086142e-01,-1.737277924869959911e-01
3.071486996870771424e-01,3.497465279178651326e-02
-5.944737573102576444e-01,3.026500428760336980e-01
2.810589816713163769e-01,9.042268414292188305e-01
3.770902293084261170e-01,5.130497475983671896e-01
-1.254414390750229757e-01,-1.985210167138697079e-02
-1.611276921742436363e-01,1.131793364954605696e+00
-6.894981657999046387e-01,1.414767221840866673e+00
-6.409291126327986143e-01,-1.310701646293443989e+00
6.727351530729410722e-01,6.340554250984033191e-02
-4.526470104544155770e-01,-3.049216600232381169e-01
-9.160417045621832566e-01,-5.813143702542615532e-02
2.853669820662644296e-01,5.394753957496054575e-01
-1.378712830309155868e-01,3.475289771583166543e-01
5.786843685708612517e-01,-1.165555561114098859e+00
-2.435266626932212908e-01,-4.563853459527183326e-02
-1.274761290339475606e+00,7.033275042788984799e-02
2.829674155350802786e-02,8.275905851903500032e-01
-2.764494818758683747e-01,3.726279179160290056e-01
1.445024524317568781e+00,-1.589860066528538063e+00
-8.436573914316911615e-01,-1.359882778456384667e-01
-8.313747334061657446e-01,9.744342621655528724e-02
-4.463350000960860514e-02,7.906829852727411678e-01
8.640552902607959163e-02,-2.026841124184436127e-01
2.244706757828220101e-01,1.058974763066228508e+00
7.928804392807593526e-01,-1.005160031264156206e+00
-9.251196974308391052e-01,2.184180154171710131e-01
2.533324289489486403e-01,-9.715893693700576872e-01
-1.191941921294602247e-01,9.066810944436538566e-01
-4.038600297611670831e-01,1.620729671394408600e-01
1.793494533397302360e-01,-9.791658796074714788e-01
4.398007491902730104e-01,-1.469539214920271009e-01
1.377111334878865501e-01,-9.157774198696169710e-02
-3.845753210913755438e-01,6.462524362434942660e-01
-1.670195380904075488e+00,1.266543975438892522e+00
9.215886235369331603e-01,1.888022698054214743e-01
2.537304046477000252e-01,6.041967030547297224e-01
-2.069605635054037052e-01,-3.757064431696456874e-01
-6.687453450315000714e-02,6.587971425077734366e-01
1.545735036622271630e-01,2.277886036572348283e-01
-6.337212372165849927e-02,2.176054695695611996e-01
4.143311590722543736e-01,3.746529309136130137e-01
4.324769356007227561e-01,4.499779355371880118e-02
4.755835555036790341e-01,4.733250167729979169e-02
-2.988824513034484265e-01,7.804649803575338662e-01
-1.002636999785763150e+00,-1.699433587511851584e+00
-1.495632789574737886e+00,-1.221727391063876622e+00
-8.220580834535256010e-01,-1.659784448951939217e-01
-4.832726113154467984e-01,5.111457111531395592e-01
5.823105570615077359e-02,5.324237740829767390e-02
6.243613079431580282e-01,1.099160706336789639e+00
-9.676999010145125313e-01,-9.915133915606625381e-01
3.726314959562516127e-01,-7.823408806482071709e-01
-1.346554650444932832e+00,1.336727218840207732e+00
3.461686253653326051e-02,4.810388234253082929e-01
-4.789301994099171705e-02,4.139677091576613455e-01
3.489798717246982429e-01,4.802365495577492482e-01
-5.662738574884906839e-01,5.538204182158386057e-01
-3.636326113240598845e-01,5.939747984383745294e-01
1.824724821568472488e-01,-5.022740557898753844e-01
-5.837082461803688727e-01,6.646328483533261444e-01
-4.395881773681294957e-01,4.341330017928221596e-01
8.404841140931143539e-02,-9.904056071559415031e-01
-1.159167522532194239e+00,1.954876121863018623e+00
7.237737399521362303e-01,-1.272537538263161516e-01
7.526171158971111108e-01,8.680542235607260348e-01
-7.402067464002303199e-01,-5.396459048444026685e-01
7.247941995817944738e-01,9.620045244334533008e-01
-1.648391918779440191e-01,6.300522532573219481e-01
-1.467014220594455187e+00,-5.329204543843727437e-01
1.311154849565880354e-01,-2.250156943349243543e-01
-9.397097316799929434e-01,1.272091090647067047e+00
1.192020360544266078e+00,-1.369080491118433551e+00
8.286516162680256370e-01,4.419416548733888228e-01
4.004245103813763862e-01,-2.269023711613294969e-01
3.041541100158827171e-01,4.559743208655011593e-01
1.701769741526406365e+00,-7.335151733160936161e-01
1.449451530600889271e+00,8.073803748264172242e-01
-3.737017111884932685e-01,3.472218363314025225e-01
-1.180468538022871661e+00,5.576021742765004952e-01
7.417910021201632453e-01,-3.046329045982457684e-01
-3.874409110024866765e-01,-3.725130638837059749e-01
-1.207462224721180366e+00,1.912038447161145682e-01
5.070919738835898138e-02,4.350473827068965793e-01
-2.097070439151537125e-01,-9.227230872660712180e-01
-5.116503447245621672e-01,-1.377994428098446300e-01
-3.659141532140536279e-01,-1.406372881025184984e+00
8.066112219329526489e-01,-2.989095337311628020e-01
8.371872366370185226e-02,1.344957640404692012e-01
-6.026856814373116045e-01,-2.326476785979894046e-01
-7.676401412784176204e-01,-1.324161043382465541e+00
2.982840050915857577e-01,4.499248902410644679e-01
5.018711344306827637e-01,1.466976186651202940e-01
1.129263677626268086e-02,-2.186525447883828632e-01
8.152602109643464212e-01,-1.272276134315699192e+00
-2.305726929786287571e-01,-1.511087698432507676e+00
2.442501601232340003e-01,-1.295365683171920912e+00
-1.316850989377304604e+00,1.234290170003668585e+00
1.473036291039033774e-01,-1.083320296557634510e+00
1.674976237593907569e-01,-4.727826633871066719e-01
-2.914276697931386662e-01,4.234275290466938957e-01
3.496152133538238393e-02,4.112427869300557259e-01
-1.677479913387292243e-01,-5.061907525726175305e-02
9.479683514121662880e-01,-3.158708693139651302e-01
-7.262344321162998717e-02,6.958692135838054904e-01
-7.878414127769537423e-01,3.168408249969580925e-01
5.814735536418169648e-01,-6.987259759687387828e-02
-5.255799847519116996e-01,-5.862725829587147608e-01
5.865777038482848926e-01,-2.160426766115899344e-01
5.684188337938786972e-01,-1.723778034248134028e-01
-2.100002083734950897e-01,1.254112246456380309e+00
1.048841703128944314e+00,-6.747015324501112188e-01
1.212604946458048394e+00,4.041969959764897813e-01
9.948177926022970796e-01,-5.545119633345471089e-01
-1.036785356674733372e+00,-3.811249191116269364e-01
-1.078479321622016485e-01,-7.204355177866725857e-01
4.528929023840825852e-01,4.690047238185930389e-01
-5.898129561336232785e-01,3.809351162197990859e-01
-2.965810597043950780e-01,-2.017111759946779159e-01
-3.322245625189181734e-02,3.542457869832508210e-01
1.127734564984133714e+00,5.135961067616968689e-01
7.446234040566300783e-01,1.174986029864190096e-01
-1.532329875896641658e-01,-6.114316135683466047e-02
-1.230567464570259117e-01,-3.880503542277149998e-01
1.078938719779933608e+00,-3.241304222274262736e-01
2.044171160063507353e-01,2.008675687599383586e-01
3.315466090546592137e-01,1.869553254689995947e-01
-7.496981005946375953e-01,-3.341198517213274100e-01
-4.233533709950644819e-01,6.636901582774435981e-01
-3.995001577755319944e-01,1.584443036167562935e-01
-1.421015937133472407e-01,5.472445172756131848e-01
-1.572200635430819338e+00,1.083617261633679663e+00
2.323815122380732678e-01,-3.935101857670722514e-01
9.759229145069869826e-01,8.405386146833826455e-01
6.434584562687700737e-01,4.907641844205984927e-01
2.755145216396478469e-01,8.840188990612534159e-01
-6.447823994850964135e-01,3.404705116463415671e-01
3.764196381417025949e-01,-4.601928942710865889e-02
2.790994840479641900e-02,-1.123660388028922430e+00
7.060742658655488890e-01,-2.648798702590838272e-01
4.891144300084284136e-01,-7.914324162270539587e-01
-1.674234717117979443e-01,-1.757625950075249133e+00
-2.837050459093108934e-01,3.691227992960932625e-01
-1.478720080260511827e+00,4.133148791007530964e-01
-5.458538629735166792e-01,-8.372473741191909236e-01
-7.089635748910398660e-02,3.202012570356839172e-01
2.852640875003471521e-01,-8.117244398338804290e-01
2.187849850568586996e-01,-2.816273754361456674e-02
-1.362139610546969193e+00,7.684456538741022413e-01
4.480051969374063692e-01,8.032598267353127652e-02
-1.838603539661578801e-01,-1.512579340647842274e+00
4.394550476580276754e-01,-3.423711108459313590e-01
-4.287626109984081502e-02,-1.144317229693646472e-02
-2.201396799935974868e-01,1.475050640664006818e-01
5.306976670931893292e-01,-1.381479698889698460e+00
1.026075901360041565e+00,9.387843049324953171e-01
2.841440039838535880e-01,7.898675905353790272e-01
-4.911509458911803017e-01,7.952542955022613436e-01
3.040708868473483428e-01,2.250545627443776286e+00
1.185068892996643752e+00,5.101431126426256846e-01
-2.666724846065277599e-01,-4.073194428833787351e-01
1.565501004801548524e+00,-1.787158240835639011e-01
5.291478926097339386e-01,1.141794040806691779e-01
2.344645670596798570e-01,-5.452864315956671426e-01
1.298683362165398147e-02,2.090060646629554875e-01
-2.190392765525929486e-01,-6.895550307224308784e-02
-6.153158824076385702e-01,5.566305356276468608e-01
1.036880867334251333e+00,-4.750514803529627961e-01
-5.268850666676356820e-01,-8.202497230310753507e-01
1.353190556421950408e-01,-3.549299888572423067e-01
-8.089321218564567983e-01,-1.331854439367534948e-01
-3.120419876255682845e-01,-2.216200605028912640e-01
9.286856845380532521e-02,1.198163450916184480e+00
3.314469529224532973e-01,-2.637773242384507943e-01
3.272660999601927356e-01,7.916473063988385128e-01
-1.187345708101456010e-01,-1.537734200172136134e+00
4.918706283966730042e-01,8.293827883779905097e-01
9.327598904872183017e-01,9.126891085862687270e-01
-1.377762405095215859e-01,3.003441802335860000e-01
-5.527780574232619148e-01,3.983599010610130997e-01
1.700096151248060850e-01,-2.300761257321053965e-01
6.363297498050636269e-01,-1.160476213478219831e+00
-2.800399226950455248e-03,3.452311231783590229e-01
1.310431589793981333e+00,2.431535787073803856e-01
-4.657677455736300987e-01,-9.813626469464578062e-01
2.185581900036102643e-01,8.001369238765579928e-01
-1.687329209003754160e+00,4.062611991395403965e-02
1.264307199827018557e+00,6.803620469354941802e-01
4.279864962875456480e-01,1.989642677870049059e-01
-1.977940663460067139e-01,4.614968756935461935e-01
7.633631476722541054e-01,-5.266606117220964389e-01
-1.221881771652540305e+00,4.377011465394446965e-01
4.725479760499382564e-01,8.199920598689881546e-01
3.979691881377145357e-01,-1.803908293513206473e+00
7.798126112595299420e-01,-1.131997798759289131e-01
-2.877797558438763836e-01,-4.487503390519301805e-01
-3.239283482763395949e-01,8.388958896167723056e-01
-8.075744699029043794e-01,4.293629396992919567e-01
5.328444239304055419e-01,1.386264526574237099e-01
8.836845403954245448e-01,3.579215423582147726e-01
4.591668849113613726e-01,1.116510148762380528e+00
5.693478901521188407e-01,5.976478016190991949e-02
-4.291718756156650549e-01,-5.358278910203452261e-01
-7.027024599429964047e-01,-9.548390494081917534e-01
-2.231917830603122599e-01,-2.396727169244350017e-02
-2.937168008729666435e-01,-9.216141970873661382e-01
2.188760327370994629e-01,2.438787775360254650e-01
-3.719600505874695595e-01,-8.026288649152923949e-01
2.642204950831689714e-01,-1.847955118256382756e-01
-5.748363921551828959e-01,2.047365139122901134e-01
-3.766128348001430148e-01,-1.637064724738529209e-01
-7.066415912203675986e-02,3.118201315225689885e-01
-7.875986034769814070e-01,4.168681329755017928e-01
2.878820104865308926e-01,-6.444451632116884321e-01
-1.007686291988163729e+00,-1.728786904426975690e+00
1.527139672012383320e+00,6.526086721018586889e-01
1.423910072897703882e+00,1.545655288951318651e-01
-4.205168770986074667e-01,-4.947750083586628933e-01
-1.926449512687262167e-01,-4.837542068903296077e-01
-2.025648599216803569e-01,4.410664872574051043e-01
3.512562937466227608e-01,1.111980066115324517e+00
-1.755330298342857143e+00,-4.009018654252470282e-01
-9.749144249786613203e-01,-1.013792372387810614e-01
8.502983706967891520e-01,-4.335810315542028004e-01
-6.206144304587672966e-01,2.208070541350344307e+00
9.672020039588454798e-01,-7.143462352858669373e-01
-9.600142711432945175e-01,-1.323583470042831445e-01
-1.235340699787516705e+00,-1.949657748660587331e-01
1.676911999386686836e-01,1.468338081551789021e+00
-8.299285756295619043e-01,-5.868328376608902830e-02
-1.912421127251360056e-02,2.844960387484973818e-01
-8.282439763741620276e-01,9.675629900587298104e-01
-1.011728061910857068e+00,4.605010400517818292e-01
1.070196838151905583e+00,-5.284052687613921551e-01
9.319294865969796060e-01,-9.072883602593001529e-02
1.211928899912689261e-01,2.039730200328062626e-01
-6.618181625169040627e-01,6.261904246785783279e-01
-9.987975319055955037e-01,4.137810713188807554e-01
-1.062290805538551153e+00,8.942727917952564276e-01
6.266254464565313986e-01,1.467154322650053189e+00
1.290526765340918702e+00,3.057124598446275821e-01
-5.629226923700271223e-01,4.605466826001162195e-01
5.114464906017325285e-01,-4.546016424428351854e-01
-5.790552404930275898e-01,1.318233543030115529e+00
9.205546235381717457e-01,-5.507608558564897061e-01
-7.134312469254598665e-02,2.822849893102593044e-01
-7.955883792433080526e-01,-8.437956847356083978e-01
-2.698231287313078153e-01,-7.131325053276696968e-01
-2.580194829380516031e-01,-7.712002333694757406e-01
1.081298459806168955e-01,-1.439691545738866485e-01
6.666461117281291537e-01,7.696134717542155723e-01
1.812230203312257037e+00,4.563652197171907954e-01
6.103816652475108073e-02,-7.226040391642779559e-02
1.148518619525283224e+00,1.335714988902364064e+00
1.287595826906395291e-01,-1.759045800023065098e+00
7.807829201911448136e-01,-3.115601649122101136e-01
6.184369940915731556e-01,-1.434886096831637925e-01
4.310220330538651612e-01,-2.164446186052997045e-01
6.199771961327422698e-01,-5.216423893650252719e-01
-5.813504408038466797e-01,3.722031588558861737e-01
-4.036349100120275590e-01,3.815693103268588127e-01
-7.915820513025630945e-01,2.496633792915103900e-01
5.011902146241044020e-01,9.661411020147975259e-01
-6.026637447942005954e-01,-1.073671954006737206e+00
1.410726310281473106e+00,1.181330870955686008e+00
7.122980579940010326e-01,-4.024189780498921842e-01
-7.201815853838952064e-01,1.391526526361807070e+00
1.964362694395100362e-01,-8.478734009440084263e-01
4.767035349898761099e-01,-2.069390601534475127e-01
3.600678519136887856e-01,-2.232285977707871849e-01
-1.906749513820587549e-01,-1.810187737577842182e-01
-1.805652842825185844e-01,1.920945682578056035e-01
-1.140649224357205727e+00,8.523388784642268456e-01
3.237572754609457371e-01,-9.583375447805442260e-01
6.814236166850314858e-01,7.648789547549026402e-01
-1.347857383148811650e-01,-1.011321359700909604e-02
-2.128919325764317971e+00,-1.380227227263601253e-01
-3.505001391369044761e-01,-1.432967058187411269e-01
6.366479687187819314e-01,-3.664206547931955216e-01
1.028016824734824253e+00,-7.527727495908107525e-01
1.463754208724552530e-01,8.943517724257765700e-01
5.854900528342296129e-01,2.073793171401614455e+00
-6.616535364697065935e-01,1.604576396342808353e+00
-4.018094107517803937e-01,6.216988228150467366e-01
-5.677042893005743857e-02,2.420588478251063103e-01
6.453321278836257058e-01,-2.395541947010088601e-01
-2.798378034596704089e-01,1.514754700092208362e+00
6.405802401650225741e-01,-4.258370249674788832e-01
-8.974704380898539391e-01,-1.130994170612038330e+00
2.228159946077044595e-01,-7.801438152150761418e-01
9.130685788164408789e-01,-1.829131903505336054e-01
1.032447370905228645e+00,2.089010965494814132e-01
-5.400465018263206352e-01,-5.228680534262414303e-01
5.195045665401113594e-02,-5.702535444874098358e-01
-1.535524545337095148e+00,2.735311961404189307e-01
2.568884370041283893e-01,-2.225933368827549275e-01
9.477220278699788336e-01,1.118016330093113186e+00
-2.042103756117264468e-01,3.076314809525526606e-01
1.029349532986677529e+00,-1.949923984043406389e+00
-7.593624159854609479e-01,1.567458063577620020e-01
-2.040232760928841760e-01,-2.012977887402026544e-01
-1.123364860457944481e+00,-6.891113357325466815e-01
2.151293200530759453e-01,2.494536212785131157e-01
-2.632804077762933570e-01,-9.603398558629200332e-02
-2.815359053445975479e-01,3.640347435635941098e-01
-3.342177433690810551e-01,-8.739165635525885101e-01
-3.641222661561749896e-01,6.885083251950634420e-01
5.203089394008953983e-01,1.013707804906616716e-01
7.488005864886605467e-01,8.030548282743996680e-01
2.600270457545195701e-01,2.600113925298073170e-01
-4.739449987415281784e-01,4.955658501845966457e-02
1.080498255041707933e+00,4.980077042824020833e-02
-5.120526567176986177e-01,8.955695257656324237e-01
4.481232729164036366e-01,-3.957192669970467924e-01
1.316909887255483413e+00,3.770976678449944886e-01
-1.046471825177770043e+00,-5.412093149851360252e-01
1.329692209301783556e+00,5.835188154174022479e-01
-1.130871095747927879e-01,2.005225877915544144e-02
1.353385131485700610e+00,2.770656722890107448e-01
1.180554782422879923e+00,-3.514901798908781627e-01
-9.358999019254654606e-02,-6.105967243082649487e-01
4.742457366489052362e-01,-4.219739399862800777e-01
5.380936492413854744e-01,1.461463863586064837e+00
1.542519180643439958e+00,-4.963993127693787366e-02
-2.198431323314185837e-01,-4.740006381882828912e-02
1.012399724483029617e+00,1.294089192484349615e+00
1.100462407204000570e+00,-8.963686125940615312e-01
1.315452213102642487e+00,7.958727222283452640e-01
-8.581142676656651203e-01,-1.442587810579399055e-01
1.019672735084555804e+00,-6.319410153189023438e-01
-2.118567630994351303e-01,-5.604687241310461754e-02
7.837239111834880534e-01,1.153576344332739589e+00
-1.396780874390499472e+00,-1.374983948795047928e+00
-1.239377468666631010e+00,1.129640600797928496e+00
3.322196682633913462e-02,4.006369024084343450e-02
-2.254569974143357802e-01,1.364134968888809363e+00
1.054803055304611270e+00,-8.106760660832531551e-01
-5.496027592436881770e-01,-1.009581261237167960e+00
-1.201080189532443443e+00,1.095581902118453854e+00
2.734226285264151901e-01,-3.939762978171442165e-01
3.425201921301576080e-01,1.982119919447127732e+00
6.927779025425662152e-01,-1.498823571180404546e+00
-1.531390424535661876e-01,1.876644690470283261e-01
4.882370587351555491e-01,-6.513750721546938127e-01
6.200705473678568280e-01,7.061586732525539922e-01
1.034476016853378200e+00,1.371574142062293444e-01
-1.709094764268643263e-01,-1.377571171097221880e-01
7.699072932793213919e-01,9.500254512959283026e-01
5.913316806503203793e-01,3.218845893905103450e-01
7.814855310033033131e-01,-1.192543942657929623e+00
5.862852842771528739e-01,-5.389042270661413836e-01
7.795638175677468418e-01,2.405675850280646899e-01
9.728407829615297320e-02,-7.254572199599995663e-02
-5.825374572260121758e-02,-7.802857304437984531e-01
2.584384706829473063e-02,4.982561809356680915e-01
-1.209996202516796071e+00,7.244635229883629179e-01
1.540717274391639746e+00,1.975718795159633612e-01
-3.893721015382770045e-01,-4.391646105367991715e-01
-6.803023453637969675e-01,2.962447295371313793e-01
-1.167577764238167282e+00,-1.069135595142392869e+00
-5.382343544408406677e-01,1.417755080231639653e-01
7.670100620458568663e-01,-2.977396325721598513e-01
1.764609817624968047e-01,-1.215011102774008700e+00
3.462445674475769786e-01,1.246865310928187309e+00
-5.465970866872847944e-01,-1.213788614610996408e+00
6.172092791938756928e-01,2.874569963534071571e-01
5.331264834496770577e-01,7.738569459808025686e-01
5.453472399942098647e-01,-6.656076060819643425e-01
-1.057060397353440928e+00,-1.036774733642733759e+00
-6.615646602558353795e-01,-1.844989784176677416e-01
-8.763659666326016895e-01,-2.062657342324694665e-01
2.924295023405544258e-01,-5.322245280608243201e-01
1.500894297978686343e+00,7.731472276937516597e-01
-9.598777981511463775e-01,-1.599963727455435691e-01
4.807735802971270234e-01,-2.292508789482522458e-02
1.062731790075560623e+00,-7.427376846373034969e-01
3.033571406308788188e-01,-1.129452234485345485e+00
9.183750620930832831e-01,-5.902620469696830963e-01
-1.408064656888845079e+00,-1.683219289905216520e+00
-5.086536768454472668e-01,-3.747132679214887352e-01
-1.688428186538076359e+00,2.909851160018102068e-01
-1.280151034604660731e+00,-6.259079527595634573e-01
-1.484619863702341114e-01,-1.540296285287268363e+00
3.227128193623272079e-01,-1.020219006520139748e+00
1.165520880127355552e+00,-1.775545265508881698e+00
1.025672520320830117e+00,1.400400840422278081e+00
6.171301769435723061e-01,1.249906004517710612e+00
-1.758672491727079068e-01,-3.459482434151805452e-01
2.739383052048379730e-01,9.876652301095666386e-01
6.567334964639497397e-01,6.269782383622197752e-01
6.890399410553863652e-03,-5.575316550142074279e-01
-1.252039030695017097e+00,-5.574459625655154849e-01
5.844230124789309144e-01,-1.183913304848788650e+00
-9.491366411638701983e-01,-6.837319502582693831e-01
7.740336113267917706e-02,-7.008533549776109206e-01
3.342365453293029698e-01,6.234769663715510335e-01
-4.719232091714437027e-01,3.877793611226333925e-01
9.918318408671927822e-01,1.458433695297838950e+00
1.939691994819298937e-01,-3.808941919079826821e-01
5.029490924829360665e-01,1.453828670247384047e-01
2.033331953388083646e-01,-4.967374361076776212e-02
9.433880520046671325e-01,-2.772313695667235137e-02
-7.095672015580758440e-01,-2.841548306877720309e-01
-4.016278683708720543e-01,5.013946608133791338e-01
1.618727368591329693e-02,-7.218275190075604808e-01
2.405085948079631053e-01,-1.385298353456701492e-01
-8.920449944689754496e-01,4.099873240457573287e-01
-3.786568869495373080e-01,-2.662317432807792539e-01
-1.148344191640724876e+00,7.902275455655496383e-01
1.841268529404402887e-01,9.612295669027889344e-01
-5.017355312689527613e-01,-7.307881604385124685e-01
-1.061236471927364144e+00,-3.425067620325461526e-02
1.112030306965480442e+00,1.163863522939867723e+00
-6.419744878370433477e-03,7.370366767194123925e-02
2.204647724799404240e-01,7.635296645241314017e-01
3.191531479566079299e-01,4.677576086020207580e-01
-1.451171784941738485e+00,8.798183960282156546e-01
6.516436247874866083e-01,8.407929150984555511e-01
-9.809296353712933236e-02,-5.286299421262226073e-01
-1.754840031641342335e-01,2.691968336546433083e-01
-2.584468859406841013e-01,8.705679431327363327e-01
4.798086847846749214e-01,1.854098804014560897e-01
-1.334874853321502908e+00,-1.099218960848677096e+00
-2.363852458269147250e-01,-6.211988848479573638e-02
1.064589549725364570e+00,2.333779589995339798e-02
1.699441803292553732e-01,-5.154518222223446466e-01
-2.484031088770687068e-01,3.161130888113135029e-01
9.568618909324796418e-01,-1.423144784745910552e-01
-4.376473956951025257e-01,2.293015905076823735e+00
1.259284347942421389e+00,9.238477784453209829e-02
-1.828228476516836343e-01,-1.610996212007459738e-01
-2.622818496501753138e-01,-7.999666685497885954e-01
7.411096918282115142e-01,-1.946429414128592050e+00
-5.644445755412328541e-02,-5.870897782305840584e-01
-3.101665719382488973e-02,1.794116425351906241e-01
3.598414111269641058e-01,-1.343006281368739341e-01
2.040191707254345455e-01,-3.439709667733691911e-01
4.584831657051890996e-01,1.611815424767214733e+00
1.219806061779160178e+00,-9.898233198684573686e-02
-6.433849636909236835e-01,-7.004157013432739110e-01
1.364072298013415896e+00,-7.003998553989307929e-01
-8.197595557407979516e-01,9.750126641520753257e-01
1.317193515919512503e-01,6.941506555161199854e-01
4.030625208358842304e-01,-9.012148856342662162e-01
-3.081584174697507006e-01,4.423451189399379979e-01
-1.509745512405517687e+00,-4.003363282351480312e-01
3.635554495908199235e-01,-3.878015158186500222e-01
7.833688727564158683e-01,5.186726296130750313e-01
9.384332625296351593e-02,3.303839159313289309e-01
4.061087698940629709e-01,-4.728083019003269105e-01
2.161260079413651891e-01,-9.863106622277109103e-01
8.800998758926562582e-01,-9.487172965934193014e-01
3.282342422677574367e-01,1.094297108131336571e-01
-6.884657254711340491e-01,1.219164121153737179e+00
3.954956625319494545e-01,-5.560266050998975418e-01
-1.687794822152440533e-01,8.976269013026443311e-01
-2.717942286626008341e-01,5.878194621173270518e-01
3.857348575668429480e-01,-2.862106622376624221e-02
1.418724768332115804e+00,-1.682429221333196612e+00
4.966944545236807729e-01,-1.152315406502325335e+00
4.617124624988294124e-01,6.560098435191428212e-01
-5.232390021371428057e-01,6.863281918049564112e-01
1.006033638243583717e+00,-1.455512811897671267e-02
-9.133233172794553989e-02,-6.148850902207820823e-01
-2.909793182069469464e-01,1.077155970063858437e+00
-2.062392638301941555e-02,3.069645086033356840e-01
3.257312988810872056e-01,2.197739635773086619e-01
1.245170183131497910e-01,-3.811428839614710573e-01
5.550924221755973997e-01,-1.166586745993773988e+00
-1.205752379968886956e+00,1.007844515817104963e-01
-5.687580647824818092e-01,-6.039153042916020064e-01
1.020020930964612438e+00,1.325380532841296810e-01
6.460384466763873235e-01,-3.348462555092213688e-01
2.199940682358114130e-01,-7.499582240589186544e-01
-5.407968660935297267e-02,-1.282081887095066208e-01
-3.122293459081739164e-01,7.057709018345840191e-01
-7.682262878015357899e-01,-1.571168517383668251e+00
-3.649980937694298662e-03,8.305898066714836325e-01
-2.155353140895372999e-01,-1.239923769525270947e+00
5.938660240382975797e-01,2.631584565827281563e-02
3.140516512574033081e-01,9.438266935538059954e-01
-7.467006662863464594e-01,-1.014157555091076635e+00
-6.353553051550615838e-02,8.127850176145094696e-02
2.038863699121227224e-01,-9.270664089196615221e-01
-5.722170340284611356e-01,-9.030408666695883824e-01
-1.479366773925610279e-01,-7.769305257890128935e-01
-3.239557427796523892e-01,1.574570120721296096e+00
-9.900355376952043596e-01,1.025896392428360837e+00
9.337744321328677044e-01,4.317607259352529980e-01
-4.536042113801426745e-01,2.409856769094856355e-01
-9.407420212134530724e-01,1.602767378831875034e+00
-1.292390396029620969e-01,-8.631889443365755588e-01
-1.963599961513698422e-02,-3.796494927378322171e-01
-8.022159400555920472e-01,2.719503969262985696e-02
-9.249218812207906648e-01,4.978821776544837818e-01
5.319437119249766921e-01,-8.323533826917361989e-01
-1.459015083903423549e-01,8.312649450577193067e-01
-6.625204117606774412e-01,5.443466926686154617e-01
6.658424956470350153e-01,-1.443192208298897050e+00
-1.983355125485666004e-01,-2.680291593047415266e-01
-7.872516664811266551e-01,4.837887784990199669e-01
-1.883298520188893960e-02,8.506678493413178943e-01
-4.875965674577948938e-01,2.798186430315763654e-02
-2.297718758320548560e-01,-9.915719144773385008e-01
-8.428301985363362281e-01,-3.701140783081482977e-01
8.803964751731480076e-01,-9.427871061567938415e-01
5.501273437932395760e-01,-9.428665175725467473e-02
2.143816116356718204e-01,1.269891402072325093e+00
-1.197161575276764367e+00,-4.740551589814456790e-01
2.180319241054130275e-01,-3.727214125073903817e-01
2.062134869206485033e-01,2.702679834464075462e-02
9.248669757188930918e-01,-5.885070257851696685e-01
-5.021097682338724333e-01,9.582793845996955273e-01
-8.526575275244736574e-01,1.975075321364470726e+00
-5.026334677860129219e-01,8.480966411855127562e-01
6.826564279920884770e-01,1.839134978530937992e-01
3.027190237795657213e-01,-3.003265238650674185e-01
6.212299244504988494e-01,7.760346439867940038e-01
1.265482347047171663e+00,6.128245366523921850e-02
-3.730864026080971119e-02,8.438434972279076351e-01
8.967489470099445636e-01,7.851892602292575019e-01
-3.188211482776621142e-01,-6.958768270499134934e-01
-4.031791910315048882e-02,-5.661549140278154812e-01
4.291391742805784615e-01,-3.919100490371428269e-01
6.700676896326496212e-01,1.029135653430313546e+00
-2.342173510658253355e-02,-9.238550903584070717e-01
-4.885484480277156871e-01,8.698175833998263995e-01
5.887056405111852353e-01,-8.730405190280724481e-01
6.396272999064029907e-01,-3.117791868437219116e-01
7.107903364013448688e-02,-6.014697336942504968e-01
6.170213189777423723e-01,1.075004184399378948e+00
1.362471134480395474e+00,-6.945727433460403555e-01
3.281807214195981981e-01,1.167615163019684321e-01
-2.446403556436053672e-01,1.689907950006508397e+00
1.160819507820212149e-01,-5.934114047517849988e-01
1.169133092598738433e+00,-5.969623636865289962e-01
-9.016510136845492518e-01,-7.805273279589305391e-01
-7.524043590951257077e-01,-4.657360036752998811e-01
8.483703274161195074e-01,-9.760930934914040513e-01
-7.333927781650064759e-01,7.964144775985024793e-01
4.861395919951020939e-01,4.040478175039271536e-01
-1.062113068067815913e+00,4.159992022724046112e-01
-1.516399333689525120e-01,-1.047994488467737906e+00
-1.922229272333253469e-01,8.540468719305832623e-01
-4.763152403464037676e-01,-2.666711107494425595e-02
-7.640441004721559848e-01,1.574844379711426656e+00
-3.957634866799074336e-02,6.370806709373597054e-02
-1.550786871132568967e+00,1.293464062378420154e+00
-8.414653671575486049e-01,3.218308629105849361e-01
3.448163036375969520e-02,1.092603816088020485e+00
-8.024180287443340998e-01,-7.003853006056373065e-01
-6.407383772876812378e-02,-4.362972417211086751e-01
-1.481915284235027774e-01,-3.844264302915641474e-01
7.144749062321295030e-01,2.219223209204192193e-01
6.099539054529403703e-01,-7.106034958318433459e-01
-9.566491305242155185e-01,5.286301308367630236e-01
-1.522927189181474183e+00,2.012838460082424508e-01
-6.089085674708346607e-01,1.711574522382878216e-01
-2.121795741650392975e-01,1.292390540629047013e+00
1.486488088211100012e+00,-8.324368897393366051e-01
-3.887887286555551936e-01,-1.431782943389511842e-01
7.724604624075736004e-01,1.773721006355637009e+00
-5.218270013777691618e-01,2.103618654643762131e-01
-1.241913162737894982e+00,1.290456630478522548e-01
-5.283560220575335142e-01,2.441050928222772698e-01
-5.233930753587308082e-01,9.332387725354126529e-01
7.634595519223953408e-01,-3.592299117006792462e-03
4.567595569707584846e-01,6.005702512784393265e-01
2.028359830459516011e-01,8.706508567941948495e-01
-1.424486119635322900e+00,6.242460296606772152e-01
2.539673916424459166e-01,4.470789378225795696e-01
-8.486383510943574793e-01,1.432100573582927083e+00
-6.071217839760356672e-01,2.413963254448047435e-01
1.001598869575759831e+00,2.611735961952831864e-01
3.111547406787960601e-01,1.180836676261282525e+00
-1.164352189833637974e+00,-7.374363845484421809e-01
3.439835140548681003e-01,1.009347333031502814e+00
3.794034280092267730e-01,8.574540534585252116e-01
-1.425297052872885432e-02,-9.779133005063873896e-02
4.214741520208144521e-01,2.974575481033240321e-01
-3.348501027213336978e-01,-4.273070301538537397e-01
1.096617663305180290e+00,-4.143065540822868931e-01
8.442308539085566221e-02,9.886372810799536059e-02
-1.961520911647788579e-01,6.191496879070964576e-01
6.869426719358270317e-01,-1.368178031424433838e+00
-5.593233982013937622e-01,-1.845193636265207160e-01
7.534792654180147986e-01,-1.315902174661801316e-01
-6.471426525938923646e-01,-2.208280223517547769e-01
2.724524950120737476e-01,9.541932901225688712e-02
-3.598642823563536486e-01,8.994490119525589966e-01
-8.333847542746961601e-01,-4.086327756799418981e-02
4.759524136113483378e-02,-5.504478924505493698e-01
-3.717848448467595546e-01,4.816029712593036249e-01
-4.359993300838027053e-01,-9.294269377103823171e-01
5.953519448412274429e-01,1.081270093623601936e+00
-1.506264708885692583e-01,6.362108017873250310e-01
1.599531501967863312e+00,9.446144061478913834e-01
6.234735358273001404e-01,-6.138567394870098060e-01
-1.159892304422894538e-01,9.545014043184385510e-02
-2.327933404605825665e-02,-8.331101468046080427e-01
-1.291951189519462639e+00,-4.193077092686085805e-02
-1.568886007039322461e+00,-6.387588835087158745e-02
-9.762818426354163970e-01,4.954700840695691055e-01
2.101259349817275468e-01,6.663323147682977954e-01
3.167872524077688934e-02,-7.418156205426092997e-01
2.902167210753556215e-01,-4.184322101877584466e-01
-4.542439281550823826e-02,5.065921208708583645e-01
-7.705278606300649535e-01,-6.008056627356793689e-01
5.069434435491999569e-01,-2.257832989907684450e-03
-7.577901407586864480e-01,-5.564992439066840380e-01
-2.219460183918439966e-01,-6.721952469608204472e-01
1.291989337553736350e+00,-9.602772361305796922e-01
8.302730240690852082e-01,4.237207118222326152e-02
-5.869315388865024019e-01,4.880299598158307495e-01
1.760314807085755773e-01,-1.336731072137837262e-01
-1.770878082683391419e-01,8.653674032280129769e-01
7.206052303943875081e-01,-1.808458843086702961e-01
-3.251187636466855158e-01,-3.276018812514112644e-01
7.480426313126403715e-01,-4.307937698454491482e-01
-8.677879874591717391e-01,4.342200859357519538e-01
-4.270832200589681493e-01,-9.962148742106603783e-02
-8.738613156964265549e-01,-4.712775102104147518e-01
-6.903863056504307150e-02,1.686113000141728380e+00
1.267818079711946266e+00,-7.188457648988584303e-01
-6.796269430150578827e-01,-5.782102793571112231e-01
1.978406701710037630e-01,1.120927262533232494e+00
3.035008563511984447e-01,-1.590133852601693709e+00
1.717986136874427805e+00,1.975937326055439425e-01
-6.026676040762679598e-01,-1.334293091917057306e-01
6.118703402381666656e-01,-3.172331949136032725e-02
9.184252830312784888e-02,4.122400936572938601e-01
-5.907225144574591580e-01,-1.549476277943060420e+00
2.082318077707610460e+00,7.059918241816994788e-01
7.396948877304201364e-01,1.964680202297736322e+00
2.657622510250741144e-01,3.598887935225844048e-01
1.639150501622814726e-01,1.683398096393486476e+00
-5.892956282280365637e-02,5.870031288665814584e-01
7.083489099377070497e-01,1.685842433791804096e+00
-2.279935819531163366e-01,-5.740088120868936938e-01
4.917458422652028482e-01,-1.511770574474717632e+00
-8.485383323004791478e-01,-3.218917934643517609e-01
2.432679353336875960e-01,-1.621097271581165566e+00
1.885966056915259481e-01,2.657399371564075907e-01
-1.888547677043798778e+00,4.789107629850176684e-01
-7.672640652142483919e-01,-5.016363175951795705e-01
6.149360417605099771e-01,-1.505811832846005505e+00
-1.518450433494626661e-01,1.673815863914885071e-01
4.520634330220422992e-02,8.976989371255716943e-01
5.388163129997712852e-01,4.603404918436567184e-01
-4.710910590011752053e-01,1.624137953311879823e+00
-8.321282274157796310e-01,-4.301338190418163565e-01
-2.375772042631785555e-02,4.952311171369068177e-01
-3.284442684683336888e-01,2.979832366727935278e-01
-9.924945042220158914e-03,-5.924160706480737990e-03
-9.627596086209080362e-01,2.545036774832774018e-01
-9.070663939588450297e-01,6.224777246133297304e-01
-1.725114114763758311e+00,1.290546273626630158e-01
8.287664512010158857e-01,-4.719101107317210664e-01
1.028927538573391587e+00,6.429024914091364673e-01
-2.870831094143395212e+00,2.074692603441932182e-01
9.283922647358184843e-01,2.482725402673113535e-01
4.961879432472023344e-01,-2.768130554124762499e-01
6.960128184475280477e-01,2.739858802406502924e-01
-5.640530610695466962e-02,3.362729436369509828e-01
8.835661487262237435e-01,-1.633044203677115558e+00
1.081736096436681116e+00,9.365973339104379791e-01
-2.139718109087208608e-01,-1.544805910298614027e+00
3.852488075069770423e-01,-1.325189873634533555e-01
6.008595087701700671e-02,-2.883281947800881428e-01
-3.406859074265559673e-01,4.114561018142950943e-02
-1.256296179236527921e+00,3.482533407422633287e-01
2.592720674580051288e-01,-1.205247758712899298e-01
5.485584051212468726e-01,-3.439770428933647817e-01
5.073024895741136131e-01,-2.599606059289503168e-01
-9.803249166405597625e-01,-5.218389051769228848e-01
-6.421435778308048903e-01,3.020364142838589255e-02
-8.153568525884616891e-01,-3.048043471373828028e-01
-1.552213412479821197e-01,-2.527246901820086600e-01
-9.142451269814346748e-01,5.223062053679438099e-01
6.467091869011972749e-01,5.708023942438325005e-01
1.181747692830959817e+00,1.783851765070268713e-01
-1.235142254829508124e+00,4.190453249663904645e-01
8.970033102512489642e-02,1.363220203786487561e+00
-3.094501686051035483e-01,8.693649517336926591e-01
-1.704664070411268384e-01,-9.070463090444915721e-01
1.067097883255798546e-01,1.663426845303010104e+00
-3.471373190591227620e-01,4.646935305697340313e-02
-1.543135302182430557e+00,1.259061756557509515e+00
1.367321070059272781e-01,5.972833250676217176e-01
6.022747584167148505e-01,-2.345549243619617641e-01
4.934834354259965417e-01,4.289999776960436995e-01
-1.131027074722324929e-02,2.911804466624152987e-02
4.974747789187238256e-01,3.075994794413688393e-01
-1.317154312903746904e-02,1.700477514671626666e+00
-3.309015590249179128e-01,-1.225067097640165636e+00
1.196561816882401486e+00,-8.867626717541333692e-01
-4.725988672757784337e-01,1.195672657115868232e+00
5.786125104205119829e-01,-6.854923532949614984e-01
1.113313421229507938e+00,-6.573581750608562535e-01
4.389224885546537114e-01,-7.658590874292217632e-02
2.913080243980994410e-01,4.973458149390587169e-01
1.308258502881870955e+00,-1.878230523817790765e+00
5.574121468391014522e-01,1.024283141604528380e+00
5.943717285034945119e-01,3.986061638537916063e-01
-8.472453750426783836e-02,3.128340983389915064e-01
7.659657766248938182e-02,1.232756504326754543e+00
1.629901748449683885e-01,6.384753330020587203e-01
-9.143101769793129385e-01,-3.574595813438062319e-01
5.093961772403453603e-01,-5.010133894022690028e-03
-1.124861568243264776e+00,-4.856113974737868988e-01
-6.212917191925494687e-02,2.585067717328975445e-01
3.521984766501919939e-01,-9.770372338059114536e-01
-1.602804949211357188e+00,-6.513530617520220112e-01
-2.288675910361012145e-01,1.990110639144576643e-01
-6.228470708091256303e-02,-1.447878832105200297e+00
5.129107412741539251e-01,-7.421345972228204912e-01
1.314019653177502800e-01,-1.283792679231285261e+00
7.254317749107959123e-01,-9.766191562533508286e-01
1.347105118632552445e+00,4.679976800164989958e-01
6.416030451554034786e-02,-2.552514963159592254e-01
8.317070572091840308e-01,-4.792903287034713800e-01
1.833492089299663785e+00,-7.357052920131951224e-02
5.046484675431209821e-01,-1.134581714445868222e-01
4.714895174971434066e-01,-8.386015863035828355e-01
4.019880045387584366e-01,5.752666010527719420e-01
5.278874892597097690e-02,-6.215805021942585329e-01
2.097207363222789722e-01,-1.100991883829325113e+00
2.983186443533633048e-01,-5.880350499464731540e-01
1.772319257987023944e-01,-2.930709686295224214e-02
-7.824729416133614501e-01,-9.409465850715093005e-01
-8.019909022258882303e-02,9.331234058339835102e-02
-6.649916777573571247e-01,5.686101912269880820e-02
-1.127228226726254334e+00,3.825158332350295232e-01
-5.703310336468453423e-01,3.769683809862696411e-02
5.809083816034531500e-01,-1.368491726868916181e-01
-5.957975666312137486e-01,-1.892157441377382843e-01
2.498800071561081693e-01,-6.560132096428031856e-01
1.040897103592147432e-01,-4.499902432980899536e-01
-4.124262199067776358e-01,1.085177305227315259e+00
-6.047397781679885176e-01,-7.145669933358533843e-01
5.642822810150919244e-01,-9.796448656873868455e-01
5.340655996671348493e-01,-1.838397124416783213e-01
-1.797295802699603873e-01,1.242131904965051659e+00
-3.351162578130004732e-01,-2.265811558847038165e-01
-7.964930771714874569e-02,6.736397761312246102e-01
-1.703660808930674841e-01,3.100139798655232037e-01
2.713310487362295409e-01,-4.627079868157696341e-01
-6.671400590623381699e-02,-2.174152066553612095e-01
-5.262298343581932603e-01,4.777378141586132235e-03
-7.841450001077009124e-02,3.828622894799387777e-01
-5.334053567154617426e-01,-1.224754964413981462e+00
5.251763097223357546e-01,4.361596642475933372e-01
-6.745698519272159688e-01,7.005700546068435730e-02
6.274342652112674390e-01,1.405327176361844455e+00
-9.951835129375334599e-02,7.932977397753678828e-01
-4.654890231116565191e-01,2.526209629805153400e-01
-8.588174677246256383e-01,-1.036314832923923790e+00
-3.542620650401936966e-01,-1.854295041132034694e-01
-4.103267128457317447e-01,1.717864178324498836e-01
-1.099742823114870260e+00,-2.292955998528356798e-01
2.164705026957014777e-01,-1.680882636958395349e+00
1.149790731347049948e-02,1.069439377868537239e-01
9.152507246738827984e-01,-9.715857742746715209e-01
-3.571442183824870553e-01,-3.094097968923626985e-01
-1.591440004775024342e-01,-4.439048391887551182e-01
1.584592247160919176e-01,-5.521302278834118171e-01
7.355888126825295137e-01,-1.222109792580041848e-01
1.170212005057827742e+00,3.920537697614838168e-01
-3.937676249914364712e-01,-1.497924998973125144e+00
1.575855776236082306e+00,-7.111240590288218089e-01
9.574471080295565706e-01,7.264178143020291190e-01
1.220325678886321707e+00,-5.709417615503945553e-01
-8.449894104052734223e-01,7.745363189133851467e-01
-7.344659008553678925e-01,-1.443770310447672900e+00
-1.255923957200201849e-02,2.161138502445691667e-01
1.270710104429234877e-01,4.553264955705263461e-01
9.435878629344248703e-01,-5.529508994703949964e-01
3.103694806517290905e-01,6.773166371593368484e-02
-6.445078411278890584e-01,3.775849834809505978e-01
-2.308773117997206872e-02,-7.160398474126959956e-01
-1.801695045912145021e-01,-6.330753324961155837e-01
1.098368782329356863e+00,1.693961265107448988e-01
4.600997610646841429e-01,4.054562080163371385e-01
-9.195425074603685855e-01,3.474708212563912824e-01
4.890228692178520964e-01,-6.064193787493679100e-01
-2.147302337088918822e-01,5.727757433822266986e-01
2.239028855465229617e-01,7.449635667224573377e-01
-1.373131949182629097e-01,2.674136825285374219e-01
5.214170006116656264e-01,-4.847851096320100472e-01
-1.689237489914552082e-01,1.309883143877338840e+00
-1.084102753305257183e+00,-1.481020607755071827e+00
-1.122234957363793528e+00,-1.829944932800740276e-01
-8.855693114723155457e-01,4.862506244636378150e-01
-2.626542692877316121e-01,5.456737740755807087e-01
-9.879230091459978436e-01,-6.545160251360149228e-01
-3.781255463527859462e-01,2.392545584536175662e-01
1.176449979025437076e-01,-1.222512190531943599e+00
-6.126264633555670303e-01,-7.457030840491634116e-01
1.275186527332090813e+00,1.645392513783996202e+00
-5.158224532278934404e-01,8.672521667070075546e-01
1.202551790217215588e+00,5.939859671556156906e-01
-1.082266396266990727e+00,5.169292856276214154e-01
-8.745867956565553936e-01,-2.028337751056497940e+00
1.131273545824790006e+00,5.414752321633243826e-01
1.285945332833220656e+00,-1.154830546345311015e+00
1.216617655754940852e+00,-1.184196543375452881e+00
-3.155634232018316720e-01,2.550114445185275303e-01
9.469759657568996847e-01,1.299056737780445725e-01
-4.140358567127337963e-01,4.427610634460547590e-01
-1.110265062178188655e+00,-4.133106959598315533e-01
1.632635390305184064e-01,9.984863426244032780e-01
-2.017318208837574553e-02,9.601112007074140697e-01
2.443929849112741748e-01,5.270449244438273340e-01
1.964409300807956338e-01,-7.398412829187344109e-01
-4.048905886369128515e-01,-9.332208324578437075e-01
-9.612422037350447646e-01,-2.750126995870955104e-01
2.157588180829964064e-02,-6.818123340748314387e-01
1.377221882715544021e+00,8.617974089127764525e-01
-1.452127239531302294e+00,-1.995518227033190373e+00
-7.704513515662925194e-01,-2.204320445473057222e-01
-2.720226095349206341e-01,-1.941486222397941663e+00
1.096798140648240327e+00,9.993786285276831105e-01
-1.186916316610148181e+00,1.731857608651510977e-02
-7.683466215306250513e-01,8.736523561789170111e-01
5.285174341441128965e-01,-7.092997541293659669e-01
-5.016712798484179725e-01,-6.105573147339030671e-01
3.358393031121702510e-01,-5.098972226294891386e-02
2.072534239078850649e-01,-2.526738535333395430e-01
2.310611028590833227e-01,-3.109554714377819051e-01
7.735565452482952020e-01,1.936926109199735013e-01
8.923782425225886827e-01,3.465396558394370219e-01
-1.459244362206680190e+00,1.836024874931789508e-01
6.742599902092021313e-01,8.558494500867688259e-01
1.760861444429260292e-01,3.836564349104864546e-01
-9.219125571520534468e-01,3.502112793935239776e-01
1.204726416748073403e-01,7.416919570339788881e-02
-7.440408797515685180e-01,-1.686228911973208441e-02
-6.699863638018409562e-01,1.423081490597741583e+00
-1.351402045018996967e+00,8.297305480846342007e-01
-3.132807373427602404e-01,-5.225786181138580150e-02
-9.001382721256779851e-01,6.631153845099849731e-01
4.865023827220884001e-01,1.250886031105450602e+00
-1.245151551866074069e+00,-3.409460067411524964e-01
-1.122129214866984137e+00,1.379593202018415676e-01
1.311899816803163699e+00,6.868873410800295509e-02
-1.521383253031852290e+00,5.412626105441975533e-01
6.383047379797250898e-01,4.193218089885809574e-01
4.412998341413216785e-01,7.528687443825457515e-02
-3.891212774653333706e-01,-7.955161302859227457e-02
1.010141143991328372e+00,-4.302011953457284821e-01
1.620677177219397747e+00,6.066325144496794719e-01
-8.551478492603493686e-01,6.404068158147331602e-02
5.874063480021760597e-01,-1.288771756736656338e+00
-4.192049265362132182e-01,-4.603951698304914117e-03
-4.065876827789603465e-01,6.575216740571522278e-01
3.004775484184248335e-01,-5.972643380849320671e-01
1.296227083382918588e+00,-2.420994383930271665e-01
-4.522556175703609238e-01,2.174998206972678649e-01
1.666276854815709474e-01,-2.664901296703537703e+00
-5.964425601568056345e-01,-1.045176015651589241e+00
-1.017159532316361581e+00,-1.702358268209958614e-01
2.489157075596533375e-01,3.405655840051710626e-01
-1.212719911496436875e+00,-5.835121777587404246e-01
1.297969014970184576e+00,2.274261735995060374e-01
-2.185984235334200942e+00,2.767919047981737823e-01
-2.850720770900860290e-01,4.433827884250647888e-01
-6.990612012685055998e-02,-8.995044657081265049e-03
-7.160929327813648770e-01,-2.539070201154491890e-01
1.323213663299086240e-01,-1.090020916186600353e+00
7.482781712831209076e-01,9.819323857495226848e-01
8.639096823928490432e-01,-5.490547627313335788e-01
-1.241905289281911851e-01,2.503469724078125624e-01
1.266041343360540639e+00,6.297284502083615454e-01
1.999769300244441383e-01,-6.111355892682437396e-01
7.456875256535071550e-01,-2.102009540292134382e+00
-3.277386065011953648e-02,-1.229842090418987066e+00
5.511848298714564498e-01,4.544057891297706986e-01
2.209211515895103950e-01,1.073597225107392639e+00
-7.418883571877100680e-01,1.461240418346011760e-01
3.460262719785242580e-01,1.925208332358284147e-01
-4.041581181587005633e-01,-1.750237255131027458e-01
1.000910772365390944e+00,7.553187565034513717e-01
-4.451229339268544805e-01,-7.712482172378691825e-01
2.695617376354291217e-01,-1.149699099825200133e+00
-2.352124897489600019e-01,1.025826796754649578e-01
9.735877037059757766e-02,-5.543315971746990423e-01
-8.027911568194392999e-03,-1.128054206190965747e+00
1.955243901474602863e-01,-2.489014770285353506e-01
-8.080153990491802940e-01,-3.583075730689112004e-01
5.142427600554783790e-02,-4.855633266639814427e-01
-3.321786576441608241e-01,-1.143116433428260637e+00
-2.032676711774169254e-01,-3.762278715800008166e-01
4.564469077531509988e-01,1.610611006046027471e+00
-1.651378147683216502e-01,-9.236051484279227397e-01
4.248562726604608875e-01,-9.256741125075131915e-01
-7.959917595915845245e-01,5.182172366301586175e-01
-5.813762432980045247e-01,-9.220912880819418511e-01
5.848114595002657651e-02,8.591505213363874738e-01
8.193795621588580991e-01,-4.460974872932819690e-01
-8.690075876252970066e-02,6.925476630669953337e-01
5.764026995556605915e-01,-1.613156050266777719e-01
1.009290477659860574e+00,6.293679899626941632e-01
1.419344440448618849e+00,7.107321635153890371e-01
9.200111040052855182e-01,2.459869864851617904e-01
6.348041558516993588e-01,2.975799651432738946e-01
1.015749996320017390e+00,8.539868876857928393e-02
1.361202778241585865e+00,5.162511777793925560e-01
-1.892716332141688884e+00,7.838862680932189297e-01
1.226340420799567177e+00,-1.764665888539148408e+00
-1.174727913060432893e+00,1.493791971196203994e+00
-5.724670926400222681e-01,-8.491839713483353425e-01
-1.278907867933972708e+00,-3.261240557365370218e-01
-8.521154063012726931e-01,8.128121303396675934e-01
1.857646739542337722e+00,2.399406065079048300e-01
1.585054122317292480e+00,3.854877755799597239e-01
-1.134007076090495225e+00,7.417988408215430152e-01
4.232191396504060288e-01,-2.350100901201423731e-01
-6.183421725648224898e-01,-8.897078366213363454e-01
8.711315489571480608e-01,-3.701523943684841278e-01
-8.955713807213949718e-01,-5.972643911788616533e-01
3.988338099458052510e-01,6.968979477946688483e-01
-4.385552668048777192e-01,7.166676827794319360e-01
-4.892817068835101924e-01,-1.752342105398604355e-01
-7.924894799465437289e-01,-1.989610192625800023e-01
-1.183937636437372293e-01,-4.710408195956913846e-01
1.442779192421246970e+00,-1.031487130238893046e+00
2.364880268800821028e+00,5.442312296840773334e-01
-5.048209002844733506e-01,2.529034196001303525e-01
4.607248191609690235e-01,1.022947169479632601e+00
4.295780935191284011e-01,-1.866952668350560229e-01
9.020685141509989791e-01,-2.256331318476305359e-01
5.754826232706279354e-01,5.138762351215518101e-04
-7.807748745340599150e-01,1.426884523145593775e+00
-9.991292738494265135e-01,1.225806780792419115e+00
1.255048657934111911e-01,3.371976058059953929e-01
4.612678850806187225e-01,-9.057894158333350543e-01
-6.091846747948453933e-01,-2.374113895916656058e-01
4.273118180069392924e-01,-1.184616293503497862e-03
-5.192163223195734867e-01,4.964462616832240882e-01
-1.416010878514352811e+00,-5.420946916186184517e-01
-1.454564138267127049e+00,8.100058359620286585e-02
1.789578746326583092e+00,2.710459663511363693e-01
-7.971017347194986336e-02,-1.411011078786791106e+00
9.540460748747034980e-01,3.296805543772087232e-01
1.309537002410338380e-01,2.845016234553818246e-01
-7.346856868690141429e-01,2.270942037224180435e-02
-7.914025454714758157e-01,4.908923575482559976e-01
7.242385097455419363e-01,8.809909539177294135e-01
-6.076856619104233775e-02,1.415361643075329079e+00
8.771003423382444097e-01,-1.141727081022305690e+00
4.716143216612552758e-01,5.675134302390166807e-01
1.704343073613686504e-02,-9.063614354766127978e-02
6.253099175080263361e-01,1.715631981405067452e-01
7.936397408552477856e-03,-1.463870400841023267e+00
-4.829284102567572012e-01,-1.033825931722890251e-01
-8.232607621670988696e-01,-1.095778657198591022e+00
3.209144155692005840e-01,-2.071110578159245819e+00
-2.000717122998646680e+00,7.840019209130870415e-02
-5.748149986389800015e-01,2.853664304921975647e-01
6.187890863622301785e-01,-2.094962437785009568e-01
1.127643828971326867e+00,-6.755095317782280340e-01
-3.729395239968644749e-01,-2.349025603626552772e-01
8.180505568836501373e-01,-6.744535435450540461e-01
1.356127842722954391e+00,3.275392189393991904e-01
-9.357998576628941967e-01,3.125174554714011399e-01
-1.215150689142672699e-02,5.893809832624937739e-01
9.517317227274217917e-01,8.685974323132007457e-01
5.392220904700546491e-01,-1.193740324613951520e+00
-5.982973267022257957e-01,3.799214959203233571e-02
6.039785238629897801e-01,-1.463979649117224779e+00
3.263428872880463211e-02,-1.087127982168452967e+00
7.761027442542435262e-01,9.699529771056847327e-01
8.146856899029195631e-01,-1.330964612081450449e+00
-4.741064966617276055e-01,-6.988370767504585856e-01
7.721133251573698564e-01,1.255700277187751512e-01
6.668383214906656864e-01,1.044639641460029411e+00
3.358575343851329803e-02,4.703649142245209247e-01
-6.773371643741671333e-01,-7.096957275841704327e-01
-4.226168424706847615e-01,-2.183030110963976589e-01
1.010856021915148784e+00,-3.934115304994661999e-01
9.153220924978456852e-01,-9.695785329999901947e-01
-8.840260211476678176e-01,3.657951070862918153e-01
4.573468082442751909e-02,1.684841645853773773e-01
-6.389703156527847261e-01,-3.482708834775183893e-01
1.743088196439494253e-01,1.802318903649766657e-01
-4.413425765304698212e-01,-1.041688004008683721e-01
2.458237358293074715e-01,-6.880871240207464545e-01
1.574674350285118152e+00,7.610355901470605700e-01
-1.478394760065947743e-02,-9.967671960157180600e-01
9.897777483873636539e-01,-1.507199761386163184e+00
8.889515764090882843e-01,2.495877523795883568e-01
-4.374269881374269753e-01,8.733844787479931870e-01
1.232839226174983649e+00,7.802681986610222609e-01
-1.647717791205856264e+00,-5.452167015423753371e-01
-1.993804108498879735e-01,5.723073519591641567e-01
2.683005350602441497e-01,2.301689688001074818e-01
9.030641129642716924e-01,3.752833198110586133e-01
-1.298513565263511138e+00,1.159656613452995505e-01
2.048554170845137357e+00,5.455329850363574984e-01
-1.863194332201559000e-01,7.930543109060941287e-01
1.304172171634380595e+00,1.195379590949059018e-01
9.626241776279518270e-01,1.093127783674961551e+00
-4.543647045760067504e-01,1.130822191909308438e+00
4.875238339368600515e-01,3.312008725318058011e-01
1.995382490406784060e+00,1.305683254833603923e+00
-1.967557960327216346e-02,9.391480938695687675e-01
2.258824863691925311e-01,-4.208375303593771960e-02
-6.012503839956098162e-01,6.566786257119904269e-01
-1.748601811386774063e-01,-1.706543815415723919e-01
9.452588783636488579e-01,-3.095366803276074497e-01
3.657058370949556880e-01,-7.299695172236086993e-02
3.574185201019826619e-01,-3.764002860323519273e-01
1.700346516717294587e-01,1.969547798604576877e-02
7.364191692123479849e-02,-5.210199203814810387e-01
9.506657152271934530e-01,-4.524304487878467729e-01
6.910002847782404922e-01,3.731439103822477565e-01
-2.476317300511138852e-01,1.819271984794235478e-02
-6.982748589940425132e-01,1.315254958748606651e+00
-3.584174135152211060e-01,-4.363955541944884442e-01
-5.310719543318669078e-02,8.045000960788010191e-01
7.846796464630541035e-01,5.181703317509769313e-01
1.070090207237505364e+00,-1.848383053318438218e+00
3.868434417257320401e-01,-4.003549210081651204e-03
1.895831129740634668e-01,4.199580703070683874e-01
4.638484585010526629e-01,-3.151158902311954613e-01
-1.634936762908563823e+00,5.665100162247178606e-01
2.560256636042733680e-01,-2.180708872143796162e-01
-9.811917145615806080e-01,4.284593830466135178e-01
3.698549120504005527e-01,1.101420536142985185e+00
1.899562758773296167e+00,-8.897414943302744961e-01
8.541251310884926395e-01,-8.249169920382499743e-01
1.911397664342426861e+00,-3.648284752163605260e-01
4.697226601324557826e-01,5.416924608408510977e-01
3.169372868257984421e-02,-7.969931510112566730e-01
4.813723121652792591e-01,-2.506839608159353028e-01
-6.833346599739975602e-01,4.608538553672812399e-01
-9.924128751565874929e-01,4.310570414431337816e-01
1.168372033195284598e-01,6.493918534897682449e-01
1.008104737766246650e+00,-6.020319536976971309e-01
-4.593397914789218994e-01,-1.952553221961125907e+00
-1.226257556957567552e+00,-9.251850204466806060e-01
-7.671688847856777960e-01,-1.135091593271253974e+00
-2.324129545602196811e-01,-7.191356412262507325e-01
6.916238251554755745e-02,-1.775058095572179306e+00
1.806384943903284468e-01,-1.051266787079717657e+00
7.132147612353086918e-01,-7.202546881211405738e-01
-1.945131443862020970e-01,-5.963700605684328915e-01
1.860156856059829167e-01,4.188541102192232246e-02
6.625374818682918665e-01,5.649042987611307964e-01
-6.735170866998960726e-01,7.586394399888034545e-01
-1.334758884095621267e+00,7.871170624462520138e-01
2.550136462669526094e-01,3.690557527124081472e-01
-9.270621085999706246e-01,4.333812712581768256e-01
-6.572007233275228844e-01,4.782249374196593794e-01
-1.055737373826345582e+00,-1.779953988043755597e+00
1.362797672496506296e+00,1.849741214842559045e-01
-6.605630461632019945e-02,3.358866867941258660e-01
-3.737713030846303575e-01,-9.965107276380168466e-01
-5.123720370690874049e-01,-7.597012583766352689e-01
-4.620375718656039576e-01,4.786903970894527127e-01
-5.996195667679979913e-01,5.504141710552054034e-01
-6.327726867384957377e-01,-2.670478460218463912e-01
-9.595575814945869753e-02,-4.738208357864610032e-01
5.753121852351309462e-01,-5.746094740161096226e-01
1.475278527122091399e-01,-1.143547076123513362e+00
-5.639274146535899063e-02,-4.803740404372349171e-01
-2.766459406426294287e-01,3.355593223007332648e-01
-1.337308855487925774e+00,7.796322369074419889e-01
-8.154629221628763303e-02,3.781667560615747242e-02
1.102536078308384154e-01,3.162311944683751097e-01
2.665896377550990848e-01,1.061397259522440129e+00
8.322020928154376385e-02,8.210430560287284782e-03
-1.032668268905143905e-01,-1.276173058339111321e+00
-4.816479085373986391e-01,-1.083483892139361915e+00
-2.299963385058950704e-01,2.497195338260226882e-01
1.634233195175332609e+00,3.123654835854859924e-01
2.560655876846264500e-01,-7.632292943665528462e-01
-9.710335855093247259e-01,1.089366280666411307e-01
6.149036076190416145e-01,7.936763366037078438e-01
-7.065480519773070789e-01,6.316052458089259636e-01
1.599450022852266340e+00,2.274010281732111949e+00
-2.038913145122809301e-01,-2.440255445914390475e-01
4.314845094025505090e-01,-2.318953696599629077e-01
5.740157494815268518e-02,1.125462759073956459e-01
7.329858288413874934e-02,-1.490181124889745634e+00
3.794156650530307595e-01,-3.543053598873379673e-01
4.642130897936792011e-01,-6.059692199518619260e-01
1.154342696655559219e+00,-8.534894925248365238e-02
1.341555896747188004e-01,-1.030111995766333166e+00
3.613226595115598405e-01,4.583773433876704440e-01
2.311669133485061700e-01,-5.514351860502522129e-01
2.481554708382914254e-01,-4.294934233676376278e-01
-1.078317494659746245e+00,2.728840408627449671e-02
1.286878503158913889e-01,1.699642830833266061e+00
-3.988868135150007155e-01,-4.313863310679740826e-01
4.119894399390878204e-01,-4.944660435136192245e-01
-5.760615239004245325e-01,3.552779785854354722e-01
-4.870359870094884136e-01,-1.017821805086668974e+00
6.801184710190784077e-01,-2.851255137894309621e-01
4.406892994418711851e-01,3.302338795915505942e-01
-1.240847630076167690e-01,1.046856120794364076e+00
4.033586554145619507e-01,1.597588991820917625e+00
-3.903494922424192159e-01,-7.158007882472869343e-02
-3.534511439497375895e-01,6.797778059924444172e-01
-6.118136977622002926e-01,-8.271397166129815792e-01
-7.482761068723551290e-01,2.993379674706249105e-01
1.302502534743124496e+00,7.670638848846677016e-01
-3.122022063591317065e-01,-4.269574558918248219e-01
-6.670109535204180595e-01,-2.525349186037103011e-01
6.204037234195489692e-01,3.802013389103920393e-01
1.316399471933597853e+00,4.161514098768618469e-02
-6.179181555181070262e-01,-1.220125755141105318e-03
-1.942282038449305803e+00,1.314439836906747150e+00
1.245836180072065424e+00,-2.170740783637822080e+00
-1.319890721372092846e-01,-1.065887105572220106e+00
-1.739256710609699885e+00,1.402119098877114278e-01
-6.130853072138794380e-01,1.416000576012529932e-01
4.033061178719401368e-02,-3.543885355292596406e-01
-5.695560118818467910e-01,5.868675819423800899e-01
7.239442325191600691e-01,1.028502122462122026e+00
6.120718693903736130e-01,3.544165069787002520e-01
-7.288175383445693045e-01,-3.731906951281014351e-01
7.338376304435099140e-01,-1.220409905253790894e+00
3.231752436691884278e-02,1.311463746891433912e-01
7.368144017743503138e-01,1.908458623042341706e-01
1.011732337175230034e+00,-1.019374747083397370e+00
1.046669759907416841e+00,-7.721822267735813927e-01
-2.282905726120461609e-01,8.852482309974943897e-01
-2.755530065526005656e-01,-1.156373587402297343e+00
1.115541014555085697e+00,-1.880684648137637416e-01
-1.648752578137538394e-01,-1.099673085039451381e+00
-1.551065759056160509e-01,3.294620221242942626e-01
-1.204339156937667799e+00,6.905802871121053954e-01
4.538619730732719737e-01,1.101773647840926795e+00
-9.065882520918494558e-01,9.702688894738255021e-01
-2.019075733405918671e-01,4.109377835397726858e-02
9.570465950525074428e-01,-1.562801874146455550e-01
-1.846038981987175587e-01,-3.365980149406376243e-01
8.110634003177488172e-01,-4.159400570636332950e-01
5.992297595381820274e-01,1.600385679658030136e-01
-9.353205067649150717e-01,-1.291630877416341860e+00
-3.879194962372753963e-01,-1.470675094495340618e-01
-1.157924467611820107e+00,1.931924929557163884e-01
-3.204410755418254375e-01,-9.833664519716375230e-01
-1.113483291634647376e-01,-1.984631378745048413e-02
-9.447987038943913563e-01,2.621270669853519864e-01
2.041123233246115720e-01,-9.814091395450835753e-01
2.355173019843063986e-01,1.652473760547688242e+00
-1.498779156635283494e+00,1.379938597082996932e+00
3.478348450335426167e-01,-4.406412857060219568e-01
1.495722439055807262e+00,-5.189595660078133443e-01
-5.436392205538046474e-01,1.183272636625924079e+00
2.432957361098258275e-01,7.107144648237470608e-02
5.036875381177476907e-01,-4.304671379800049658e-01
-8.535784553463010571e-01,-7.771500187054692921e-01
1.459666107317793837e-01,1.092797807408398825e+00
-5.121627711423373253e-01,-1.728356742248590705e-01
-8.810392133143014615e-01,-1.033506873768572643e+00
9.715439150492154452e-01,-6.265408993663927617e-02
-1.558164549250010134e-01,1.801319542045795412e-03
-2.265558118954989208e-01,1.759610081049260977e-01
6.900239300281301169e-01,-9.282593110840107187e-01
-6.110141849076868859e-01,-3.673559190421832876e-01
8.883495032786162815e-01,-1.087633281994526468e+00
-1.221002536373904324e+00,-2.013306243835436549e-01
-1.030420836866958956e+00,9.369193136778291020e-01
-2.365876014965720697e-01,1.565875525326821949e-01
-3.326758644950756350e-01,-8.344465571661298098e-01
-9.577568624572476708e-01,-2.403059986949719617e-01
-1.390413121132907381e+00,1.085878437952517483e+00
-1.465136318607663357e+00,1.888903536035271835e-01
-2.882968434024728022e-01,-3.982130769587282626e-01
-9.149488067585472700e-03,-1.068001241805148840e-02
2.704697881369918511e-01,-4.083425092337388262e-01
-1.190441907656349801e-01,8.668635513862876785e-01
8.930477243630755568e-01,-1.199001166411986091e-01
7.481893269388052436e-01,8.549661755528865648e-01
2.910572025595107304e-01,-1.206018688175155118e+00
-7.057466689902976986e-01,-2.123437016125553634e-01
-1.673329532209027193e-01,1.040118416874627805e+00
8.082717153768758100e-01,-8.514534321295988417e-02
6.022812672505833964e-01,-1.935116148404651681e-02
-3.973539813284098221e-01,-1.565376576241454876e+00
9.542228424484799909e-01,1.075334893186570495e+00
1.443725283557763639e+00,-4.123769909980726789e-01
8.641586584038534191e-01,-2.691649617891130331e-01
-7.562484911703724055e-01,-7.444812396919537889e-01
4.172355004427582004e-01,5.241251873105647885e-01
1.093079180768974590e+00,-1.247418170345123034e+00
-5.809761958811789917e-01,4.779315768591047564e-01
-1.077583307350786113e+00,-8.266369948072577190e-02
2.464555610615446035e+00,2.164975707583429720e-01
1.191164566834005623e+00,1.438208625813659269e+00
1.170374583248096206e-01,3.896824861371608328e-01
-7.893664992745418330e-01,5.357818020536624370e-01
3.543567539123992360e-01,7.169641550364300175e-02
7.306512455025894817e-03,-6.512802739127777629e-01
6.308617909695641846e-01,-8.834976159560793407e-01
1.543276876140954046e-01,-2.377311441899638070e-02
8.200720194089450299e-01,-1.650597339088410165e-01
1.136013430200549568e+00,-1.441781183560530109e-02
-4.803016050273887783e-01,2.450729041172107492e-02
7.672247478042754087e-02,4.212929948387996726e-01
9.855920188646973001e-02,1.539790795466005280e+00
1.248988375527308792e+00,-5.520922275773891830e-01
-5.479619722731777359e-02,1.350304485509746244e-01
5.164893682137540187e-01,2.919379294080551301e-01
1.640283786752931627e+00,4.054926289235608605e-01
-1.644925434948596998e-01,-2.407974557972387963e-01
-2.830099264904942236e-01,-1.923150496842958856e-01
1.093468214855181503e-01,1.181736121962024821e+00
1.148313438038632617e+00,-5.576465180486535056e-01
-8.391179567563371577e-01,1.713022121603206827e-02
1.145813908573035000e+00,2.901089831995380397e-01
1.708308332742928537e-01,-1.098127823041094020e+00
-1.130092996654017634e+00,-1.490368157195860743e-01
-5.019141075502252525e-01,-1.370174145734411209e+00
-3.247507690286147164e-01,5.019832153346903691e-01
-8.309679877091921130e-01,-1.718772607088697280e+00
1.773066031715488933e-01,2.753551291034759263e-01
3.882734403503902976e-01,8.727778631039782020e-01
-6.911007091453906792e-01,4.893340162433773566e-01
2.216389014228035970e-01,7.777775971981999714e-02
-6.670802485503175561e-01,-4.379639250666891304e-01
-6.312867983749061995e-01,7.824286714723088787e-01
-9.557505049598472580e-01,-5.347041688761206002e-01
9.839813024654100460e-01,8.643173876367562514e-01
-4.746272193666152273e-01,-8.625946757330930081e-01
-6.896419862461211636e-02,-8.830791125972123901e-01
-7.911304013574904648e-01,-5.203058722330620167e-01
3.665257860296439185e-01,-2.527856636961139936e-01
6.786927987516125915e-01,5.100164092673998839e-01
-9.302658371518465752e-02,1.427246785172296084e+00
5.609889611818313915e-01,6.507684212057868178e-01
-4.375699610628622227e-01,8.464845639072281491e-01
-1.419462466044746352e-01,-3.227223122593257665e-02
-1.388524096960077836e+00,9.783448218559674947e-01
8.660200072229378154e-01,-3.174337242196419995e-01
-8.849002813062561978e-01,-2.397221766653595543e-01
2.267480836531966804e-01,1.357082874685843876e+00
9.469856552436003438e-01,-1.110044247525692862e+00
-2.412613317257311651e-01,1.900699742497006683e+00
1.193120291681683209e+00,-7.015650128412516118e-01
-9.451905811359767595e-01,5.935841485395009220e-01
-9.179629770625319374e-01,1.316263308979932489e-01
-1.690009735102257216e-01,-1.927439081664994169e-01
-4.611742141638346948e-01,-2.848970560615166764e-02
-5.676712635645333460e-01,-6.729602305988278133e-01
-9.568030891803190885e-01,2.224782896467195625e-01
5.504806755274197494e-01,-1.702910454430276166e-01
-2.430346431395115636e-01,-3.537555819789727773e-01
-5.817183526812630401e-01,-4.622609021998563272e-01
-1.161884472713186289e+00,4.076164710081101594e-01
1.708401414697702014e+00,-3.997935132214697762e-01
-4.860932890927797678e-01,1.218875098235957299e+00
5.771258519035546986e-01,-9.793797909309745475e-02
-1.092988803585360991e+00,1.416957874307124499e+00
2.676581511141453151e-01,1.611510223296956701e+00
-3.185738014106582194e-01,3.831067413379821152e-01
-7.164373565898733975e-01,-1.903746831594676170e+00
-2.990820915157256232e-01,5.557626594515678864e-01
-8.360677149283534115e-01,2.772209998738454084e-01
-6.135221772186055800e-01,1.182967668132604677e+00
-4.051748875156925833e-01,1.180539794314519497e+00
-1.073752667872803324e+00,1.095209000101419333e-01
-7.900479157203750269e-01,1.152634502003131667e+00
-8.700825836198387009e-01,5.235214139922123033e-01
-1.020020303193613503e-01,7.026683090506908869e-01
-1.844660926944317880e-01,-4.670635262861525527e-01
3.334468084361285611e-01,-9.745962073455420871e-01
-6.072464837717237579e-02,-3.310057466703881235e-01
-4.496079552901631748e-01,9.128806797319923838e-01
3.116438226532902145e-01,7.783380758453201098e-01
-8.645717702228260526e-01,-6.057778194403037331e-01
7.152527351482105278e-01,1.004208991169187160e+00
1.374267941363307467e-02,-5.410991763095625018e-01
7.223905702420859720e-01,-4.137473793662611588e-01
3.707602467048385919e-01,5.077460676886168534e-01
2.344454435632222777e-01,-1.917385059386142176e-01
-1.097636430336125513e-01,1.184153009585323492e-03
3.969132999499706549e-01,1.117888478290562704e+00
5.772926086955025848e-01,-5.395093305576009746e-01
-6.903030143804304020e-01,-7.997759833319547651e-01
1.161771353117357686e+00,-1.249959296810634113e+00
7.287011726195850338e-03,-2.106462125045430955e+00
-8.467649641025085661e-01,2.818933645828650691e-01
8.540684566401540723e-01,2.076471597193280672e-01
-3.058093954834951167e-01,-1.082798271693069303e+00
5.810998792183826867e-01,-4.686828101752261722e-01
1.831959922662826257e+00,-4.762502896851721346e-01
-3.539559049874431707e-01,-9.483763102434318304e-01
1.599068596128337294e+00,9.474944774993772356e-02
9.025303906960936429e-01,1.621788557751340010e+00
-2.479014373212016786e-01,4.734591973749404104e-01
-2.151471691219132509e+00,8.510346897125578569e-02
-6.459406264107215856e-01,-5.346764067282627764e-01
1.863668068513816056e+00,-1.032400892902701539e+00
-5.020281794618035587e-01,-2.877250339499801135e-01
-1.085463675015197194e-01,2.055916594561343902e-02
-3.475643190166430307e-02,1.229538332010161189e-02
-1.014308874839895402e-01,1.051724347952426725e-01
-2.015509274338519313e-02,1.004586158897427639e+00
-1.439329951166439026e+00,7.888073317534962658e-01
-6.931480130030648334e-01,5.041447738700850500e-01
-4.163767480780856123e-01,1.103800235231479077e+00
-1.003428424815641984e+00,-7.335190757382406002e-01
5.224941264582846912e-02,-2.109504965507857044e+00
2.956166595465750668e-02,3.523103666566128056e-01
-7.918625528913594835e-02,-1.482879166401517512e+00
-1.090020909194740595e+00,-3.581598497266265113e-01
1.388178870748158822e+00,-9.903059719298831221e-01
-1.210971727449331042e-01,4.516837014583752717e-03
-2.666975937947335118e-01,-7.550960173315721669e-01
-7.894103338672820991e-01,6.368897200169076900e-01
-2.533837102147372122e-01,6.401217012490633129e-01
1.053195939243841833e-01,-1.238163700649350663e+00
2.714433031293203569e-01,5.409672040113078229e-01
-1.031872028277973419e+00,-4.762177654870152210e-01
3.817511433910730778e-01,-1.449074758578065225e+00
4.869458540443101224e-01,2.284257680450483829e-01
-9.836841315434162736e-01,-1.374302424799601352e-01
-8.914021008405136337e-01,2.319619327732599101e-01
1.281933658437952803e-02,-3.801658045790434204e-01
8.369933981728757688e-01,-7.409258785245774748e-01
4.726503035521931739e-01,5.511310550962827959e-01
4.431812558486694087e-01,-9.459811176542723965e-01
3.524752861856833563e-01,7.447350780461615694e-01
-1.992006386984906674e-01,5.484781799468583380e-02
-4.207469633281534782e-01,-2.371522083797537872e-01
-2.742464274876957320e-01,1.423125416815435584e-01
-1.809216495027956340e+00,-5.316468224367783268e-02
-1.440825389499421627e-01,-4.310951965685631548e-01
-2.672164581780676895e-02,-6.080744164317344325e-01
1.100951479966042701e+00,4.961169263457674283e-01
-8.070440390689207488e-01,1.154072285802048903e+00
-4.690859113921043710e-01,4.954800714459424438e-02
-3.405702230939986475e-01,-2.774789095519283877e-01
5.366377334358676254e-01,5.391745902426614556e-01
7.673009329605016138e-01,-9.998497193013582141e-02
-8.629944711824832915e-01,8.354383702038907511e-02
-4.168757852037472955e-01,-4.270833512468720783e-01
7.287356434724734378e-01,-3.023626931237215487e-01
2.770332361852159142e-01,-8.662687923286819247e-01
-3.543786140753411584e-01,3.183977424632103426e-01
-4.663423941648106585e-01,4.027209665159868779e-01
-5.963766219874127028e-01,-2.691147067894863465e+00
-4.084891182977152396e-02,-3.258973266712417716e-01
-9.642549777572715364e-01,2.496038970260755496e-01
-1.373949218326599553e+00,8.613766242579032895e-01
1.074915254629652761e+00,-1.390009018280439768e-01
-6.388400569963887943e-01,-7.685466362189886935e-02
1.243074089117530256e+00,-2.012646133911964785e+00
4.607071598882584440e-01,3.462665629838289627e-01
1.603803987387008301e-01,-7.599899748657653609e-01
6.961171088551464381e-01,3.278634934719553140e-01
1.640223907930300706e+00,4.854754801925625363e-01
-7.204565592407735641e-01,2.371393566743664749e-01
-4.900583327725063776e-01,-7.969774422131270519e-01
-4.698389731004768421e-01,-3.167273859586969276e-01
4.591604958335170905e-01,6.433636762110166440e-01
-2.777778044172606875e-01,-4.345580174421481527e-03
1.467007346826058267e+00,1.490676013020455493e-01
3.421581962020689427e-01,2.825474174540979488e-01
-1.586934775921086671e-01,1.242296045880338928e+00
-2.131389547051341371e-01,-7.738622400736230311e-01
-1.046404117292999203e+00,6.350456031050847328e-01
-2.246086845384029917e-01,9.539562637760184982e-01
-2.793606303557285009e-01,1.454701076342148625e+00
4.366828721965906324e-01,-8.070100456566299263e-01
3.439113680854894439e-01,-1.774512532088579064e+00
4.582369907321470204e-01,-3.437412456970446173e-01
6.825400301933525204e-01,8.169969064387517799e-01
5.181199580379581464e-04,4.047504419990141655e-02
1.794197488154698761e-01,4.302736776160498433e-01
2.609784870082008101e-01,-4.470353709377684615e-01
4.331343168907377250e-01,-1.546584833705455297e+00
1.154841280200333387e+00,1.058106311308920633e+00
1.544325198571404600e-01,-2.148458505407455088e-02
1.269842625827670268e+00,4.984696852713430548e-01
-7.432333494748460945e-01,-2.877759100428902705e-01
1.318806538016650487e+00,1.270878290027085133e-01
5.345447476381006389e-03,7.735163342971265732e-02
8.181284281672816794e-02,-6.703393358242253353e-01
4.291954742721623695e-01,-8.671123178339806836e-01
-8.498328092638582909e-01,-5.745161646359325802e-01
-7.284629743224131648e-02,9.019928709325695237e-01
-5.632299601639124687e-01,-5.581460264650793812e-01
-2.158824731790492391e-01,-7.553604258668652482e-01
-1.676775021147255129e-01,-4.366176256577443682e-01
-6.382750170858652039e-01,-2.957250017546920740e-01
-1.181571193440922540e+00,4.760762113916371108e-02
2.175465359986799782e-02,1.204044485342585125e+00
7.690754273363488158e-01,-4.806746215535820932e-01
3.977840074304979101e-01,3.682166372717314839e-01
-2.322096281499421155e-01,7.210066219510821717e-02
-4.715537820005467062e-01,-2.035773328829259210e+00
1.451086182957211645e-01,4.001877368864122375e-01
9.217659696228212018e-01,1.550161611150718821e+00
7.807435155202393506e-01,8.028692520989274550e-01
5.489961229448375724e-01,6.755015098454231204e-01
2.311349644305876971e+00,9.713974268594024464e-01
3.790775089153471944e-01,7.686703062852395796e-01
-1.049042484696916633e+00,-2.437744242799658512e+00
-8.157412169956094194e-01,-4.634191689719792673e-01
-9.847082655253915906e-01,1.024050304657434740e+00
1.158002558018595307e+00,5.364667949588525220e-01
-2.973529821871448431e-01,-4.078112981909720602e-01
-1.222244589106523449e+00,-1.462455771437929597e+00
1.710182242994650326e-01,6.581904295891223278e-01
-7.530512253757947194e-01,-1.917865668356707465e+00
8.467720607145887701e-01,-1.628153682522403070e-02
-6.962039910924794350e-01,2.708614634656413833e-01
-1.785791846218427903e+00,6.413319997924017413e-01
6.820697461734004374e-01,1.544084118462956123e+00
1.650104561846793549e-01,-1.586718840741484782e-01
1.593238690270609992e-01,1.602933213881211627e-01
-9.443772417000183550e-01,-1.436069360607683254e-01
-4.309767359800577569e-01,8.307515658775611600e-01
4.669317297900255626e-01,1.424722847392601466e+00
-1.859738761223941189e-03,-3.596408752898833661e-01
-5.118761834508271935e-01,2.832022348441919912e-01
-1.171703493024036646e+00,1.146800522331076877e+00
1.528158889098413686e+00,-9.979639790127328158e-01
-8.925401003944745115e-01,-8.274942213001572344e-02
-4.155761399216539309e-01,2.698932057920556266e-02
7.182076786065634544e-02,6.711424038785264168e-01
-2.230428143158183496e-01,-9.460768867672865179e-01
-6.525888173836066897e-02,5.770771970356798342e-01
-1.080543526399592169e+00,-6.347265599497331490e-01
-4.485897561181994009e-01,2.947913227075578679e-01
2.020971029895900495e-01,-8.268890957615721016e-01
-3.954200932949636926e-01,2.368509826697560716e-01
5.122863711223605253e-03,1.795767296415084341e-02
-4.243428618681648889e-01,-6.190184979356622152e-01
-2.796576963860052389e-01,9.041253055103162239e-01
9.267106359338387334e-01,-3.740793606489184464e-01
-5.951231527792746334e-01,-1.354282838518640730e+00
-9.715342838841748430e-01,8.589715792105691028e-01
1.227329439212832884e+00,3.999556607313003997e-01
6.291179114579234510e-02,-5.577299902628701789e-01
-1.638358272985601383e-01,3.059322726229919964e-01
-7.826853711291102966e-01,-4.924908010570230310e-01
-1.416584515289868174e-01,-9.434195024327142187e-01
-1.956501244785482096e-01,5.125776160857778985e-01
3.400754355475759105e-01,-3.898557683074905383e-02
-6.552220127412720085e-01,7.569092857063550728e-01
8.254377113197889360e-01,6.527256323875839650e-01
4.104945816565477301e-01,-1.867851429301823074e-01
-5.649784887356137375e-01,-7.667664599750489973e-01
-4.611904435102092692e-01,3.242400610474888145e-01
3.228679091810400803e-01,2.962178534863904034e-01
3.646070161192757619e-01,5.249851417187928471e-01
-1.178751292726794714e-01,8.553361068816188739e-01
-1.972455018979377417e-01,5.502024205044127037e-01
-1.758068380495353411e-01,-6.671384548914270907e-01
-4.451899553549630295e-01,-3.750131081040553593e-01
7.434100803010100789e-01,1.706150829386453349e+00
-1.453719563175182694e+00,-4.740157332692466752e-01
1.165599409982460033e+00,-1.486565771514144929e+00
1.295758056858963503e+00,-1.411557050424454562e+00
-7.665034103204332316e-01,-4.030390469966758649e-01
6.976842725032729453e-02,-3.516359055967630542e-01
4.342528071119801103e-01,-1.543250903311076172e+00
1.616584652157924129e+00,1.116100566034937236e+00
-2.945661684989800411e-02,-2.179798284612361470e-01
-5.221531869539212251e-02,1.860958109330939081e-01
8.366536475943695539e-01,1.767821830158577134e-01
-9.145311356061388564e-01,-7.359854027800597498e-01
3.009483742626889446e-02,2.464081371612379723e+00
-3.923914766228284723e-01,1.619730818940528172e+00
5.767708975941647775e-01,1.012679830506428846e+00
-9.340238428626476130e-01,-9.824116565624455011e-02
-5.436103114594093011e-01,-4.789097459230900466e-01
-2.178593634375831090e-01,-3.518338850936672535e-01
3.906666563224118205e-01,-1.003070744636679335e-01
-7.689158569383683917e-01,-1.435912431916597010e+00
4.690482939026061060e-01,7.595460716420338043e-01
-7.904018993465213860e-01,7.347982859357179430e-01
1.143993636145810254e-02,-9.135511818046101462e-01
-4.512635300691945628e-01,6.073964862257132946e-01
-1.361670362202630269e+00,7.754144075249883583e-01
1.923267307981961327e+00,-8.915105054195662793e-02
1.112405660466418089e+00,4.105690171516929166e-01
-9.755434382510332902e-01,8.270380739737027698e-01
8.434212888836333244e-01,-8.803628520668775603e-02
2.217168565684435599e-01,-6.318659031501775436e-01
-5.045190848010100426e-01,4.567613573427183327e-01
1.400500628234472578e-01,9.094657085130311014e-01
-9.554406804262838282e-03,-2.819440963053549964e-01
-5.366037947873222302e-01,1.171553278240820894e+00
-9.882726359164389907e-01,8.642640954306808343e-01
-7.097745312009047236e-01,1.318130552973238778e+00
6.849445098448360136e-01,6.345114553976756618e-03
1.839864419095357251e-01,-2.115861817605561301e-01
-1.055871429826626962e+00,-6.781332266538239173e-01
-8.672109480660227243e-01,3.693213246468984856e-01
-8.670720713461621543e-02,9.982870491966980842e-01
-2.360887275715139177e-01,-1.028065609247923895e+00
7.291361129948668029e-01,1.030595238375138223e+00
5.442056937809549438e-02,-2.526791535741039207e-01
1.174504877371370881e+00,-6.577242023388664149e-01
9.874428030572772741e-01,7.776201368641368905e-01
-5.535559873321524993e-01,-5.327975558188965399e-01
6.521481596976644313e-02,3.766674288478716326e-01
3.440459034246066694e-01,-1.548370962722342981e-01
8.168012567419012937e-01,5.268353494944217896e-01
2.959571694625779403e-01,-8.885969690485338857e-02
-2.184685496170550856e-01,1.679795311184567944e-02
7.590145529901094479e-01,1.860497899569244218e-01
3.403653486414924823e-01,1.210470325968620697e+00
3.913172059406090364e-01,5.354051194537631231e-01
-3.197018887261345865e-01,-1.147630324408488223e+00
4.608393755628739097e-01,3.184919710830170225e-01
1.078597364809745773e+00,4.136891377624374866e-01
-9.613996124000639965e-01,2.350400343638385237e-01
-1.320350071331435338e+00,-5.942171383919069294e-01
-1.120455064173304927e-01,6.371002356259843902e-01
1.583208032746554306e+00,-9.143448930709844324e-01
2.639213707701611455e-01,-9.659465104265124724e-01
-3.620831730693408468e-01,3.657805101456061969e-01
5.523857184573883750e-01,5.151786514659778549e-01
8.380438812401896920e-01,2.883902700118559093e-01
-9.009813673885227470e-01,1.113883484622010034e+00
9.561806358696812724e-01,3.036211178614769413e-01
-5.270825289033804761e-01,-2.643119003588145083e-02
2.513115561837953038e-02,-6.641684386672592755e-01
-1.114557918944526216e-01,-6.594207393474025292e-01
2.044416055545890565e+00,-3.241460430687927441e-01
-9.034519843323983723e-01,4.032902465872940101e-01
-5.429687338507435124e-01,1.552472793007187990e+00
-8.861029813295703828e-02,-8.261429596493011784e-01
1.066788516877691162e+00,8.085429446946100773e-01
-6.997978074715344166e-01,-1.033126036904299605e+00
-4.827649231202408298e-01,9.724185468203117022e-01
4.644928128166518899e-01,7.572526335966113242e-01
7.003856524871926448e-01,9.993763270565583223e-01
-1.075512277182040372e-01,-5.174658297154826059e-01
7.642113864045924944e-03,-3.280521679705882820e-01
-1.504994864526340681e+00,7.401446601920591561e-01
-1.554205545147743783e-01,-5.634198260370196915e-02
-1.443805355419275127e+00,4.330674599526526114e-01
3.410315854438912830e-01,6.347338947336874648e-01
-9.141907246491729477e-01,-6.848826022513052614e-01
-5.317582144178883280e-02,2.517877001199314568e-01
-1.416033100006081735e+00,-3.377482564729317183e-01
-3.507717581304434784e-01,1.979997039289640715e-01
-1.299476795664913142e+00,-2.072433926850604902e+00
2.014773344486763040e+00,-6.122972908139994175e-01
-8.035327529631710597e-01,-4.296533354316659642e-02
8.596320388041728267e-01,-2.368338704946960360e-01
-2.462476545140392659e-01,3.296243635277983919e-01
1.376446534875932270e+00,1.195020521357538779e-01
-1.626919395721178330e-01,1.224800923609128400e+00
2.409576940762602204e-01,-1.792985093378320349e-01
-1.130201860807576730e-01,-1.754452055752524497e-01
-1.160152637393903952e+00,-1.500471685843502767e+00
4.036655818004826757e-01,-6.587956353237464091e-01
-7.671314048430716293e-01,2.109415643114806796e-02
5.586179028689335357e-01,1.486363212895074337e+00
1.178670400197790791e+00,3.807006429691783267e-01
-4.882918210116020119e-01,-9.233824937956779111e-02
-1.521554369285085473e+00,1.366925155705013495e+00
-9.756102979803233932e-01,-9.169860532406670650e-01
1.325969711622919878e+00,1.069896359935324087e-01
-1.072031099751103334e+00,1.224835258887318146e+00
1.635566449955787316e-01,1.645075581648315355e-01
-6.576093658031246791e-01,7.793341263056070556e-01
-7.766718837183240742e-01,-1.111904607404353706e+00
1.405314107549245073e-01,8.193267260970380494e-01
1.381260169074401523e+00,-7.653259616950736088e-01
8.113809068133853719e-02,3.588115684070413147e-01
-5.544067150539874200e-01,-4.321582907775989857e-01
2.609987090436049484e-01,6.243926005095179477e-01
-2.135060338141477332e-01,-5.654551807122977225e-01
1.310592473846226236e+00,-3.456827358520048743e-01
5.723016705243594293e-01,-4.614946900702963650e-01
-1.112901846516469284e+00,-7.113670199331755262e-01
-1.724868368600381174e+00,1.813084541280528539e-01
-1.665717102804712135e-01,5.431315689875790831e-01
-4.265459232081036250e-02,-3.588888266259803589e-02
1.003797085281892265e-01,-9.515546327022820217e-01
2.008044411320569489e-01,4.226513332840802772e-01
1.838358652733349252e-01,-6.360167254676434290e-01
-4.843954224301199041e-01,2.301013938208663900e-01
-4.830858228545300559e-01,-7.517228233424919637e-01
-7.435294381222878890e-02,-1.714060589984305549e+00
6.183030590353195688e-01,-2.444806302880327825e-02
1.023903299363948749e+00,-5.492460627199831080e-01
7.339918014560851134e-01,-3.733991244888715810e-01
-8.181460180399148241e-01,1.905078285006887862e-01
7.512879357049948581e-01,4.247787558932474838e-01
-8.523478074662491633e-01,3.858090167788871816e-01
1.875661844392108035e+00,1.439730372891952492e-01
9.406889083855540790e-01,-1.539372702294496686e-01
-3.102060396153004107e-01,8.057228117914179144e-01
-7.583944853924357021e-01,-8.479239218610086226e-01
7.222063021714627551e-01,1.414406198628766376e+00
-4.810569971742605921e-01,-7.693065048624906366e-01
2.202009595627051064e-01,9.357039210255551076e-01
-1.455328263679769529e+00,8.587221914239441256e-01
7.344807221107860773e-01,1.198450141000287461e+00
3.791100244340089853e-01,5.746836591854053156e-01
-9.013755284917409627e-01,-1.383299363082490352e+00
1.000300465373682890e+00,5.257205197506169547e-01
1.004827736490475409e+00,-7.449739999022428893e-01
-5.531889062431005755e-01,5.306206610078438857e-01
-7.097235932301706463e-01,-1.271114714489581132e+00
-1.849560985518588496e-01,2.272492284684552166e-01
1.196274508840355688e+00,3.400122851964508253e-01
1.763816231304675061e-02,5.153613329802939624e-01
-4.003260751360056546e-01,-2.108127034132915301e-01
8.843676920133105579e-01,-5.119492973607433356e-02
8.213302384421802271e-01,9.422298102568368305e-01
-2.001226247898573729e-01,2.055880734768000817e-01
1.725237203429727528e-01,1.225649477014846903e-02
1.207354463695780034e+00,-4.390545028310929854e-01
6.760985128044229020e-01,-3.409864839097060396e-01
4.054168418507803628e-01,1.614433590549504138e-01
2.852758261080728941e-01,3.323652971325533056e-01
8.196942399994008310e-01,6.346915612623087455e-01
6.036236656413164203e-01,-8.410032981803601537e-03
5.891966993137855990e-01,-4.295094882608889719e-01
-1.366828888579971757e+00,2.246087132431780820e+00
-4.668317080379763007e-01,1.424801877103782921e+00
-2.390415407227019506e-01,-1.262620652705943869e-01
-1.677392799603884821e-01,7.715130942604375708e-01
-8.776800057834766022e-02,-9.237175336602239106e-01
-3.992612005012869947e-01,-1.181573428329616648e+00
-5.264932929572616604e-01,-6.831410268583192336e-01
6.176090417375682540e-01,7.268319522673053479e-01
-3.053960181974952337e-01,3.002105910240975839e-01
2.618809319324002724e-02,-6.910121697821520748e-01
-3.273007944431837735e-01,3.417565610093424855e-01
1.497566826131093709e+00,-4.438783655687508212e-01
6.892112084291337482e-01,-1.220625521900692290e+00
3.467157832730010658e-01,-9.086819307991966799e-01
1.341310877969590087e-01,4.743545399388932604e-01
4.904806848709398204e-01,-2.048774008456361262e+00
-2.592122855021526326e-03,-7.717120036841592645e-01
6.293185292383979279e-01,-3.222529615512005341e-01
4.594114963512195837e-01,2.178029823101405582e-01
-2.662455001243587693e-01,-1.130770713059836563e-01
8.877748228096110639e-01,7.103290919574452023e-01
-1.232609385844630340e-01,-1.848017542043475236e-01
-8.532279254044533578e-02,1.040483455910250488e+00
1.636667524488133740e-01,1.647308769797686256e-01
-6.497978205820709174e-01,-1.332053434515144963e-01
5.111080059973095446e-01,-5.691327006365795027e-01
3.919551186479975496e-02,-5.576007455250713701e-02
-4.761096743905576106e-02,-6.521370060055409201e-01
-3.413108520272899460e-01,-3.766951789135836171e-01
-1.153671919541488400e+00,5.319142808673347350e-02
-3.037153678542519122e-02,4.962995631546266440e-01
7.055875346141773363e-01,-9.166988598153391621e-01
-8.334339605851365240e-01,-6.471260243977011717e-01
-1.377535127659137992e-01,8.172570945719462299e-02
5.471410910816392192e-01,4.152572068910930780e-01
-1.066379980447437897e-01,1.855459534660470755e-01
6.568828469272215698e-02,-1.050725479305362420e+00
1.277938738295255838e+00,6.703752030424688924e-01
1.340510685989231510e+00,1.721829035005862374e-01
2.392412644657150311e-01,9.550994028396767588e-01
1.026335368503339396e+00,7.259848089801689275e-01
4.324643149412627507e-01,-2.389501707741221448e-01
-1.311207608024819615e+00,-1.204041753322932173e+00
2.547020044553020002e-01,2.583956917594069091e-01
8.151566486728828442e-01,1.224115610764388906e+00
-4.875783326054742434e-02,3.914949304045439171e-01
2.018163873872491909e-01,-2.901230764245057991e-01
5.531659638620871622e-01,-9.681623878721869886e-03
9.662844792372654590e-01,2.247514803452711762e-01
-5.855053551074090867e-01,2.588818269576985687e-01
4.633244756018897181e-01,7.537157959835828480e-01
3.055323712136171488e-01,-6.035974086965983920e-02
-2.439434452793736718e-01,1.842580423264796596e-01
-1.147003366359371723e+00,-3.928098029190446594e-01
6.474815699190246132e-01,-2.880809922908069143e-01
-8.537804451061233868e-01,1.872260716192761243e-01
-6.339856177256543157e-01,2.898362738132598815e-01
1.090108909447800277e-02,1.793941034241596511e-01
1.715271403235268388e-01,-7.823066898757075061e-01
1.215877402701731613e+00,-2.140182909124087041e-01
-4.184452782247948255e-01,-1.059296655520629127e+00
1.009103159383542447e+00,-5.021238808003017362e-02
-4.254072016837109893e-01,1.020051461973690232e+00
-4.290639532455796101e-01,1.088112047585389819e+00
-9.234615642568753113e-01,-5.609337857952585715e-02
-4.018404155070308126e-01,-2.047888453503547701e-01
-4.566961074563835599e-01,-8.564129397245647812e-01
1.279272848367724036e+00,-1.191416371401482349e-01
-3.381125756778108893e-01,1.017258922757569461e+00
2.253212062048110809e-01,-8.479762008825028063e-01
3.573344599142399547e-01,1.324369506442716615e-01
-9.260145272942209571e-01,1.115634584488222059e-01
8.082271234522242498e-01,-1.694536722756497360e+00
-1.361353086686376279e-01,-7.952587316951821306e-01
9.329675270550544797e-01,3.457317213224549435e-01
5.354102572619723333e-01,1.847368094599830091e+00
4.885195964548225689e-01,-7.508257505660999032e-01
1.056186294962870448e-01,-5.442925851741171883e-02
2.810399152925078733e-02,-1.157073347953241127e+00
-1.185503745503928424e-01,-7.559933408256239717e-01
1.197395283638007735e+00,8.297796359708861647e-02
-3.703689071031250335e-01,-4.062155976029445670e-01
1.104524183031712292e+00,-1.267863046852612419e+00
3.172666591877851827e-01,8.778998198468299097e-02
5.393609369525346198e-01,3.820310804046271880e-01
7.344778346600705499e-01,-8.623155274017155758e-01
-7.238870042077836242e-01,-2.022358816303011786e-01
-9.874604242674807075e-01,-4.349121388435795432e-01
2.418391717419733355e-01,1.019270226100728705e+00
8.637428296392902771e-01,-5.427889454814712744e-01
2.839286127818951289e-01,1.265404411077921010e+00
-4.567099523634875480e-01,8.725972699034716396e-01
-4.729026970773853589e-01,-3.138764083378523528e-01
1.336080917474295748e-01,-9.429611879479674053e-02
1.572555154533766153e+00,-3.184658917914731102e-01
-4.809133904743265187e-01,-2.831802606276865308e-01
1.617614636726175670e+00,3.852079917033944534e-02
-6.504841447006038946e-01,-7.334807155606247742e-01
-6.428917046348313624e-01,7.784328100962012442e-01
7.101370852327518746e-01,-1.204348871503967411e+00
4.755223424755901096e-01,3.457597123079824697e-01
-7.466325842474619279e-01,-1.122281934620339428e+00
1.415586536313344010e-02,-1.214355701769239237e+00
7.408983992495616899e-01,8.056234212334872913e-01
4.972108773027283067e-03,3.445593244565277602e-01
-9.080051307977833330e-01,-2.015442055954923539e-01
-3.386447624357505903e-01,-8.625132752527143731e-01
3.979037107414863383e-01,-1.503453933693276456e-01
-1.303756939648983426e+00,1.119414980418378835e+00
5.036152920927692289e-01,-2.632996342400594769e-01
-3.174696638348786792e-01,1.047201438442782795e+00
6.904496608532410817e-02,-3.727420189216889557e-01
4.493704336857710646e-01,-2.496580263357303653e-01
-7.024741727483063691e-01,-1.342842508135072332e+00
-2.328764053771306408e-01,5.386168421428949582e-01
2.671057898070801628e-01,-5.201304772146660982e-01
-2.622659719717342769e-02,4.369137274644867008e-01
3.605741654046568656e-01,9.923984979190920708e-01
-1.558638881852631997e-01,-1.330511199740502359e+00
-6.120730748697743584e-01,1.356077945497787152e+00
-4.407146896477612263e-01,3.681800452461176515e-02
4.041081276148819623e-01,-3.312760448783214628e-01
2.088178521261315618e-02,-6.743895393986634179e-01
1.208183987385637037e+00,-1.163432982052933079e-01
7.101352780548545462e-01,-4.887197650416766903e-01
-1.436903607198627975e-01,4.702914312863755719e-01
-6.710752367729482248e-01,-5.601557046033814879e-01
-4.904130243013922197e-01,1.075323864100113491e+00
1.566713462521688527e+00,-7.681681344227531127e-01
-1.187255428617773223e+00,-1.214897183611089782e+00
-6.726184167231297195e-02,3.213974439494899499e-02
-2.620101478687649199e-01,2.278708720847578417e-01
-7.443637014379942407e-01,-6.390027401019647835e-01
7.724012965237038175e-01,1.285078337598032805e+00
5.240812841063893224e-01,-1.154715740336827112e+00
-1.055500069562766541e+00,-8.756094255670298088e-01
-5.737469346400048131e-01,-5.123792184494512236e-01
-7.411870296344698072e-01,-1.009824854065891842e+00
-5.478126443766595521e-01,1.360119707016925195e-01
5.052991591994887566e-01,1.790202311788283707e+00
-2.414036962848605528e-01,-4.212720539828843647e-01
4.645663470206182200e-01,8.672908410325987916e-01
5.197451346689497820e-01,1.124857933436939517e+00
3.151625124389360044e-01,-5.015882143559806661e-01
-2.672914130801302135e-01,-7.959032238521804303e-02
-6.395020003343841741e-02,-5.481855136337744350e-01
-7.548791743888907391e-01,5.491286470894598537e-01
-4.253791464362211006e-01,-9.088928165301253248e-01
-8.797997696220090091e-01,1.337536151728060257e-02
-1.646541784134413655e+00,8.198536134855602953e-01
-5.333905657159599967e-01,8.254967254320092485e-01
1.229611902057323736e+00,1.040270892212020959e+00
-8.098783843913002212e-01,-1.515040408545757389e+00
7.939522022895338926e-01,-2.077213715351159118e-01
5.709701305835334084e-01,-2.141854052368387384e-01
-7.627858940715409597e-02,6.049561021805188732e-01
9.678730854055075383e-01,-5.288803771431995759e-01
-4.379621200834760697e-01,7.922642519053669785e-01
-1.079187271210765742e+00,-2.006405773801052117e+00
-1.039660758873435009e+00,-5.450138950095465562e-01
2.630905895638471215e-01,-1.043620895140978444e+00
-2.748706393116010727e+00,3.757045924660984415e-01
5.272978872094790104e-01,3.095727528370040837e-01
-3.338553518923614849e-01,-7.234176588278040665e-01
1.364134302341206251e+00,-6.672802504333118501e-01
-1.982729886376060624e-01,7.191831197311057133e-01
1.982446207146212891e-02,6.320186748490634887e-01
1.112047973031389470e+00,-6.581202554021569062e-01
3.082713666245969764e-01,4.392894628323405493e-01
1.129076691098084423e-01,-1.547740683146660245e+00
-9.306219107119921841e-01,-4.467963591524786726e-01
6.186766675284866013e-01,-3.094030921429300474e-01
7.704818695955348851e-01,-4.729621743340051143e-02
-2.174513508803837258e-01,1.841297846613329403e+00
-7.809556026757743519e-01,-5.109407576352561486e-01
3.541507557372985393e-01,1.049134184772355649e+00
1.566799185901517899e-01,3.229163680331445518e-01
1.228845525184735665e+00,-1.061881130598244960e+00
5.440135165940490625e-01,-3.504173557002750461e-01
-6.437095333570328481e-01,-1.294609937774336750e+00
-8.664943472154045256e-01,-1.557237932197299557e-01
9.261307340857721782e-01,2.335006305490933132e-01
6.771397902556047788e-02,-1.431197918781670075e-01
-1.076585990940263970e+00,-7.466514621756696890e-01
8.072533613306713818e-01,1.435442977308819534e-01
2.688979930688267239e-01,-1.229090638085014175e+00
1.158129354227520683e-02,-9.026372212625419222e-02
1.124090855982870396e+00,-4.201297821281797795e-02
7.277698911478122645e-02,-3.561472049475639667e-01
1.004870547625175803e+00,8.670792046047008927e-01
5.719884282136046272e-01,1.414554554339562120e+00
-4.543636401627290100e-01,-1.320070705716849480e+00
-4.231242473393462822e-01,8.443471001131852560e-01
-1.191757298773116869e+00,-4.868477225725413582e-02
-9.976443461875160734e-01,-2.510200344084331237e-01
-3.910626071499394008e-01,1.109681239343797282e-01
-7.387449193863708796e-01,-4.533328756483709365e-01
1.415509229782744779e-02,5.209062839342220030e-01
-6.818122547856508842e-01,1.030468618659900137e+00
-7.431938217079502307e-01,9.399167265305928831e-01
1.906466556502812715e-01,4.867605360698858408e-01
-5.895005567902019683e-01,9.753381809510701661e-01
-5.628437304523650070e-02,-4.606976840482390201e-01
8.575696879481095047e-01,7.355029656871597821e-01
3.330655713576281540e-01,1.366101907327938347e+00
2.973651572561294282e-02,8.872120604763378271e-01
-3.288301465670329660e-01,1.103678153035024145e+00
4.470522014264710631e-02,-1.030453949945504988e+00
-9.526376379133030259e-01,-5.805028049942102530e-01
-7.012130116732911977e-01,-1.747341453925065624e-01
8.925906070738541809e-01,-1.004534546260794858e+00
5.392021467205042606e-01,7.411422911732755692e-01
1.942850115170040859e-01,8.210927434596511088e-01
-1.288067006639344481e+00,5.708749566423201166e-02
-9.870323013983935967e-01,-7.653276194191370729e-01
-1.506027052186531767e+00,5.401934254498181875e-01
-1.169918474613187431e+00,9.824979076834235159e-02
5.060288863314592600e-01,1.479688231248471597e+00
-7.006123522309225249e-02,-8.148043483930581532e-01
8.177938793443724208e-01,2.025680982348431469e-01
-4.679939561392512104e-01,1.172567623920290458e+00
-3.252376560820596230e-01,-9.241241003595932479e-01
6.888353218787461874e-01,-1.950122354763894061e-01
1.892388308237195060e-01,-8.539473774768547853e-01
1.423128992279640015e-01,-3.218580825117288158e-01
4.537387777086294149e-01,-1.034309251198696877e+00
3.986319767556081306e-01,2.777947326170651654e-01
-5.607146065811573488e-01,-1.019600502865529501e+00
3.461448817328598992e-01,2.079305668662182263e-02
-9.156783392534711963e-01,-3.489859309445940694e-01
4.342886686833389853e-01,-1.315070576457262330e-01
3.111376089389853439e-01,-1.672299857596184269e+00
-2.880180534549176552e-01,1.149789550783256509e+00
9.778699527390484203e-01,1.034260843832263577e+00
-6.314634595875265322e-02,-7.629680973314316439e-02
-6.471810205012321626e-01,3.144060274560341317e-01
4.711223855563272389e-01,-3.668658757912676704e-01
-2.843405153753171821e-01,-8.310984242791238374e-01
6.323389313230376452e-01,-1.982452507166141964e-01
3.172753900336423016e-01,-8.004426297092727127e-01
-3.577975931039525936e-01,5.497347815284494565e-01
-4.225142102909511532e-01,5.961706395500016020e-01
2.293617382026781337e-01,1.103085471006217011e+00
3.462751524875510301e-01,8.254273932569440586e-02
-1.208884401375953516e-01,-3.040158688721803504e-01
1.100193955405055268e+00,-8.561855291542903867e-02
4.635404903353818051e-01,-3.753482149631523490e-01
-3.008346422067927906e-01,5.177733730410064572e-01
6.645998768707783722e-01,8.189102370141025933e-01
1.444459187713633130e-01,3.598405221953376865e-01
-1.700348440949583262e+00,-1.123327029636461694e+00
-7.916641624903524299e-01,-1.889282722648144286e-01
9.330946393657632010e-01,-1.981070843384106772e-01
-1.067520290574687503e-01,-1.526161965990307845e+00
-3.756084601567727388e-01,1.285106746040142189e+00
-4.210904647818933810e-01,2.856332407661655304e-01
3.527653086287306228e-01,5.277732010770966875e-01
-1.459394003414048735e-01,1.325449597072221541e+00
9.720004106021491452e-01,-2.732489637057324838e-01
9.975189860025205357e-01,-8.049251183825120171e-01
3.085827526096319717e-01,-9.765709724943073544e-01
2.057615226150237286e-01,-1.097909691264684628e+00
8.153695352519879647e-01,-8.947855901544775614e-01
1.100460301629966886e-01,-2.030080288192508964e-01
4.424142164173570091e-01,-5.715642819170329014e-01
1.165023228288806535e-02,-3.366659763578637721e-01
3.922988650818953066e-02,-3.240897207158868754e-01
-2.230477260157376629e-01,1.966615338646243716e+00
2.195461412266209722e-01,1.318502944417108802e+00
-2.022040399250842613e-01,-4.486716263516017378e-01
-1.540112525582112701e-01,9.330695996519210444e-01
-6.362166646238410772e-01,-4.429292160248464727e-01
-2.034635541257775238e+00,4.294480866051788581e-01
-3.596662566577696896e-01,6.907711153858914210e-01
3.874246514191196922e-01,2.213913344602295996e-01
-8.105946175018085009e-01,-6.956720949546915111e-01
2.803310350739007806e-01,-1.033591428498303211e+00
-1.120001123447512681e+00,1.108996313302329506e+00
2.069775149440201412e-01,-5.802071368676371410e-01
1.366472888549709719e+00,5.772030259418953202e-01
9.948434144720753602e-01,-2.454020161159752578e-01
5.576857435766718885e-01,-9.829334380082762612e-01
8.923622343970322168e-02,-1.289465343774928385e+00
-4.295565374180482787e-01,-1.555278694341922785e+00
1.139481977423030923e+00,-4.394078541990913966e-01
5.265260938542219993e-01,1.271132184931204723e+00
-5.568515837188904305e-01,9.194440076709192722e-02
-4.067941714184913349e-01,9.504735794154964834e-01
1.062945286279824764e+00,1.507254293908754927e-01
7.696728038075929812e-02,1.194641147987960617e+00
-1.509785828056567691e+00,1.264190103757465211e+00
-5.242474216270182064e-01,1.125404864779876668e+00
1.915148436621965766e+00,1.224593500279878899e+00
-4.014870926798674161e-02,1.072740007634898768e-01
-3.547441040109486354e-01,-8.438010540513142255e-01
-8.608590375014467666e-01,-6.706061041019448776e-01
1.026822264499760440e+00,3.258475606499909860e-01
1.216239049247306969e+00,-1.385797886299849235e+00
-6.125494123908601374e-01,2.077091910113375295e-01
-4.215790003013903942e-01,-1.518710645738983400e+00
-4.739569436627426025e-01,-3.216624657439433599e-01
-9.039154647960032651e-01,2.859398060340112013e-01
9.706874987985741887e-01,-8.869458839723451948e-01
9.241952870808313458e-02,2.665720423863923716e-02
1.394122802088398227e+00,-3.636979178496927978e-01
4.227752221190336779e-02,-6.415914839561743799e-01
-8.040746606053103540e-02,1.118325892775314245e-01
-1.079735219041404459e+00,-3.595911393362954400e-01
1.001064866536444331e+00,-4.272867866427436101e-01
1.434758232358578356e+00,-3.890859309989335157e-01
2.324748168455090802e-01,1.046871237547746025e+00
1.521495563572880183e+00,1.962531525976569657e-01
5.835436094614417923e-01,1.925892112522344046e+00
3.299209473795354230e-01,8.599867036549306842e-01
5.157905614513406123e-01,-2.296833988356939693e-01
5.944276272780817383e-01,-3.760101520122464125e-01
-1.179046035228086958e-01,-1.048724612275319767e+00
-3.672036381955732392e-04,3.431079765736168574e-01
-2.472631694501608857e-01,8.435549431211188942e-01
4.012093451796970300e-01,1.658084237845900144e-01
2.528337902842556217e-01,1.045900426403183037e+00
7.347362971959161548e-01,-3.595715621594668954e-01
2.069587539492711015e-01,-6.943271018847435583e-01
3.303722034206076907e-01,1.260800656485608684e+00
-1.055528419244050609e+00,1.003692218443354101e+00
6.432370154077781121e-01,2.409570802325131655e+00
-2.709156705118878072e-01,2.702959320865264137e-01
-1.083908010292670365e+00,4.650158585283412083e-01
2.030019657568986613e-01,2.517059608283120919e-01
8.177127962106038594e-02,6.105134917221659574e-01
1.090172148332194890e+00,-1.112415899805759611e+00
5.638963808369161779e-01,-6.442608002502442366e-01
-5.364557434523344881e-01,-7.297190309259612429e-01
9.768102776853111457e-01,-7.822802071226021836e-02
-7.670609008997127942e-01,3.830094893742196360e-01
4.771309934609848091e-01,5.650002604600207201e-01
3.643730084174457429e-01,-7.404388401696484490e-01
-8.341140874212894518e-01,4.079844480935395645e-01
5.918839618269296915e-02,-1.397404497598556894e+00
2.336755786867984186e-01,5.551359408201396173e-01
-7.479691318490837570e-01,-5.003089558762614103e-02
1.660290152569781741e+00,3.903765078283639722e-01
-1.000139809775687283e+00,2.188449087403274707e+00
-1.384293186465676895e+00,2.517871581694013927e-01
1.558261456560811720e+00,2.173586471093801320e-01
-9.663121306250196385e-01,-4.943351057980705510e-01
3.092016783857846618e-01,-1.823598955671931754e-01
-4.423138706153050270e-01,-4.378287150820358575e-01
4.057207434224155973e-01,1.676143788497297171e+00
-1.103398732199331045e+00,9.690724510093314814e-01
-3.414266996332581544e-02,3.500858913400380357e-01
1.559869776640887995e+00,1.597997947377460370e+00
1.357949026944280879e+00,1.146653863919335103e+00
4.254627225838151783e-01,9.529716321679898572e-01
2.845323367079507504e-01,-1.076803543027499838e-01
-1.661126269935203348e-01,4.794039123557562454e-01
5.382661647060796861e-01,-6.026455221221012071e-01
9.757771473604665013e-01,6.662676353337522173e-01
4.321946164455624517e-01,3.545019556645458425e-01
-1.171700795860032285e+00,2.349961821785204741e-01
6.219624062470939518e-02,6.152597589467158068e-01
4.508835330677746223e-01,1.060387820143723570e+00
-1.158642052042624382e-01,3.018054181657743584e-02
6.668146776600695214e-01,6.184925367169432503e-02
-3.701870382627501788e-01,3.817069668783221736e-01
-1.315583451446553420e+00,-2.090381504973241045e-01
-2.179741091757456672e-01,1.165970007323901408e-01
-1.731361052016400504e-01,4.649634380854829607e-01
-7.374567262160326431e-01,-7.945874839224043029e-02
2.149441024533516931e+00,-9.041125692932065749e-02
9.162561309300944201e-02,-5.579066539577920425e-01
-5.480492395345097911e-01,8.379824771454674748e-01
-1.116810588129566462e-01,1.845074547559507339e-01
-1.543550242707856235e-01,-2.467314496133856880e-02
-1.596420106554336416e+00,-4.471638144489695210e-01
7.856965423434122409e-01,-1.404668978312088867e-01
7.434558642944274487e-01,-4.089814450483626462e-01
-1.995788824565006836e-01,-2.389245185321222653e-01
4.409761502519144449e-01,-8.855666925936827027e-01
5.159261532884440449e-01,3.385652243281044860e-01
-4.980285627491780054e-01,-1.302846397643020016e+00
9.868111120526399382e-01,-1.009938987770717223e+00
1.501587602134550670e+00,-1.039936499505273337e+00
4.370329067955718710e-02,4.471175038250966294e-01
4.203154330106989023e-01,-6.338642211645854939e-04
-7.096423308595317669e-01,1.271923373777431726e-02
-6.676803794349559507e-01,8.395900733074690425e-01
-1.374365406925082578e+00,1.450277869358791438e-01
1.205250873569019970e-01,1.093689675290363983e+00
1.150162425548641343e+00,-1.202404959427010089e+00
9.314140037580712628e-01,5.047797077305632429e-01
2.703979755110960115e-01,-1.544317722909652468e-01
7.659511685616702259e-01,-1.051589526623072590e+00
-2.392221609347194855e-01,1.373670858673041284e+00
5.560686598192084995e-01,-7.525482755655767964e-01
-1.126695507387673149e-02,7.631777924228492216e-01
-4.432506986382434705e-02,-2.179951963664251424e-01
4.303319180743847561e-01,1.227240707849831663e-01
-1.675756093904899602e-01,-1.935203548225888359e-01
1.207608617956223096e+00,1.535362159473544486e+00
-7.540383372913909144e-01,-6.489087348020747825e-01
3.784464222628253771e-01,4.211635920324293680e-01
-5.327041787995350219e-01,2.129601441415918117e-01
4.562261949025905317e-01,-5.406997298770856997e-01
4.494344228937726671e-01,-1.093913037337302496e+00
-3.517252394185370057e-01,4.480804458135576734e-02
4.444207076016293834e-01,-3.820789832843869416e-01
-1.410114635191200394e+00,1.138511865652594102e+00
9.221608297950815158e-01,8.287763600145845455e-01
1.064722774148332052e+00,-6.377474458764756937e-01
-9.808213289655826062e-01,-6.868129402216340829e-01
-1.124464528762531002e+00,-7.297013991953338330e-01
7.349333041327882343e-01,-2.867626925321839493e-01
-2.854594843045199504e-01,5.208584111177984033e-01
4.569914644992398994e-02,5.212260576972828074e-01
-6.144903774640512184e-01,3.709941499103378004e-01
-1.624106135537019657e+00,-6.695501855050489670e-01
1.169421203497291950e+00,-2.357180187869751808e-01
6.405177145017665330e-01,-4.323499849345884272e-01
-4.244556871252363472e-01,-9.485060452920566210e-01
2.326540002303261745e-01,-1.116481778361713806e+00
-1.236316627393039935e+00,8.667772849172878935e-01
-6.414438563640233459e-01,-2.938172899764247489e-02
-4.371188128701854470e-01,-4.212639778224249176e-01
4.238692221196378451e-01,1.228370395111544194e-01
-2.187649097298170475e-01,4.621898562203928251e-01
1.000925838936089773e+00,1.775731266823719068e-01
6.110315048284385986e-01,1.108829097861649127e-01
1.671823244009099096e-01,6.842158833043300581e-02
5.280464060076317523e-01,1.149942227398668582e+00
7.383306190955913895e-01,-1.467185482632892723e+00
5.898143889518019378e-01,3.481972973870521293e-01
2.498264294766817883e+00,-1.274682336739473953e+00
9.028847233159301711e-01,-7.069199350895603029e-01
-7.628048538160324687e-01,-1.951926696234066227e+00
6.068550635448209940e-01,1.689086323501827636e+00
8.100638281386773887e-01,1.789204038356692061e-01
5.728606026893234837e-01,1.317515327303070138e-01
-4.978770066007435213e-01,3.451623071617266336e-01
-3.234231368322255107e-01,8.568013418273100479e-01
4.906967676785641830e-01,9.972056788902826652e-01
-3.454463615881437910e-01,5.427719846617755188e-03
7.233462708602732549e-01,3.420630105270591192e-01
-2.335646002992388670e-01,-1.076003933997958129e+00
1.093150092925720518e+00,-6.985229282606250090e-01
6.672621528196769347e-01,5.999935182316481486e-01
-1.344533612903389130e+00,1.140941360274331462e+00
-1.528506025781348532e+00,9.339489979846665735e-01
-4.101647334467151684e-01,-3.809342874260611134e-01
-8.411491081863752273e-01,4.490822041759869321e-01
-9.205227677654819196e-01,5.875281189253919178e-01
1.085963275639526104e+00,-8.782610161398117787e-01
-4.051075488001007474e-01,8.778290926693708141e-01
-4.478935887619923117e-01,-5.002154746801510399e-01
6.237594456401894805e-01,-2.756444506601755662e-01
3.228036532817945004e-01,-1.059901452124660179e-02
-2.948000462010160194e-01,1.938989459757910483e-01
6.525433071696573606e-01,5.686936639984050412e-01
6.237731067134190122e-01,-6.373678968340013018e-01
-1.059313211535091614e+00,2.496158886350436923e-01
1.111182513283202722e+00,-2.096630032657105236e-01
5.576093574376170814e-01,-1.828068974750529652e-01
-6.858094791083375608e-01,4.458174960085090621e-01
-7.965694907729588270e-02,1.188582890714977358e+00
9.098450983734747144e-01,-2.200851575364606294e+00
-7.769395462012175235e-01,-4.094643754717018358e-01
-4.455878605820509653e-01,2.538001010409579594e-01
-8.305470569718523821e-01,-1.142360796511402848e-01
-1.273458347163304971e+00,-5.899549758024699164e-01
-4.700573528628316788e-01,-5.899158169288256648e-01
-8.137118403763556052e-02,1.997074068634355326e+00
-9.325716647672932513e-02,8.765205326033913558e-01
-5.261235570408709927e-01,-1.189416387886026438e+00
7.523732623157997068e-01,3.599875203534611545e-01
-3.121676971724507074e-02,-6.966744746926127885e-01
-2.109018861529277367e-01,-1.129064092366796890e-01
1.331146302293579664e+00,9.596072029542886961e-01
2.895376278325338948e-01,1.340157703640592723e+00
-1.298371368999872377e+00,1.001140248951553735e+00
-3.248406658836687777e-01,-1.131264824831202942e+00
-1.760414030649478101e-01,-1.997240014542027431e-01
-5.218482934174791810e-01,6.755200607662483758e-01
-2.539985423483333560e-01,8.128539942783089556e-01
-1.830408980218184989e-01,9.489499248024921840e-01
-3.313899522130453468e-01,-1.607507601663488828e+00
-6.266093409518678214e-01,-7.265863763017096355e-01
7.771627224040136284e-01,5.596058435838009437e-01
9.780210627769214682e-01,-1.855162591039220210e+00
-3.214170733801184898e-01,1.113306636922512416e+00
-2.244761144773734785e+00,9.263654925620662395e-01
7.263441322329916572e-01,-4.899811137008744377e-01
1.216381172141028255e+00,-3.781641856200603224e-01
1.072668802672327670e+00,-5.252911430110498436e-01
-7.558282647450806913e-01,-7.263598431073817752e-01
7.119665864789707088e-01,-4.334288024762822933e-01
-6.087792878911750805e-01,9.225029019152263254e-01
1.059998195855696851e-01,-1.789398792135826310e+00
-2.361862178355129127e-01,-1.160466803901899213e-01
9.766240853847979464e-01,4.510078349826287525e-01
1.086720518974851002e+00,-1.308794067752160617e-01
7.542722647831671123e-01,-9.964516306460531325e-01
-6.340138164625693795e-01,-4.962518111685912392e-01
3.144390778837699019e-01,-7.107130124098453017e-01
6.627298276051539760e-01,-8.870203602090828698e-02
-2.578782248994474502e-01,9.637279440569104239e-01
-1.232208283558358763e+00,4.632994458486960343e-01
-1.382222871511022688e-01,4.008749806273085858e-01
-1.584585004246188422e-01,1.328922961123106816e+00
1.011255652295782070e+00,3.259953722197426185e-01
2.359067924215717260e-01,-9.438497613178578050e-01
8.126493825367654689e-02,7.315670369869669010e-01
-6.728019890571386163e-01,-3.696944139643442151e-01
1.568297922860642235e-01,5.211080925244979678e-01
2.170816507113104352e-02,-1.630369419906035622e-01
9.311341399971919675e-01,-2.430460937323566106e-01
1.658912394228952980e-01,1.819310840043210642e-01
-1.147827753928100103e+00,2.790749649320062309e-01
1.071480259682562997e+00,-5.049734393978154712e-01
3.892983605478631537e-01,9.724308474164518046e-01
6.993492226854883809e-01,-7.379864431579908901e-01
1.175132067553639859e+00,2.016922188891872469e+00
-1.419391134937544763e+00,3.088878788463509939e-01
-3.095930613989492652e-01,1.297602301441650230e+00
9.160047702000748693e-01,-3.739620099192730862e-01
2.085819280399360265e-01,3.546527863350580900e-01
7.376936029220521052e-01,-1.643037038271185413e+00
-3.252057602834330652e-01,-3.728361128320083484e-01
-1.981947976067178763e-01,-8.549389290471184899e-02
1.179785881925779489e-01,-8.640146256402322367e-01
8.545039165885118804e-01,-9.770247564361252968e-01
4.376684824447779620e-02,-6.817985040877104774e-01
6.157575584253993650e-01,-1.336338453528707892e-01
-6.698775720508265419e-01,1.689454653346666724e-01
1.521713910324504482e-01,-2.192352137428603964e-01
4.563097541570782512e-01,4.411109532126404886e-01
3.342245925336766454e-01,-1.175486065055399321e+00
1.045299186325944901e-01,7.938944191892546298e-01
-1.581707058325800830e-01,-6.777221358390225214e-01
9.458382130562209555e-01,-5.880910838959596543e-01
-2.989770338219804313e-01,-5.354722519561792016e-01
2.304931214150636731e-01,-1.766489639785284449e-01
-3.180930547191064828e-01,9.296035337916267460e-01
1.620815597921422491e+00,-2.260143786022731638e-01
2.390117908166950744e-01,6.706260869200016961e-01
-4.923275873993270269e-01,6.234185502544093982e-01
1.491786255046285481e+00,6.416912828508380962e-02
7.855304198700278073e-01,-2.642063392008046629e-01
-4.109087330824485323e-02,1.574482549878231996e+00
3.928731001995643957e-01,1.234905258444174564e-01
5.681854249596249296e-02,-1.818906772039600828e+00
-2.361717961784445818e-01,9.060337575367579666e-01
7.884913504302389908e-01,-1.373225206680329380e-01
4.878261914283460454e-01,-5.377974532543638997e-01
4.568891380358358068e-01,-1.347228418124315208e-01
-2.303301209747300043e-02,1.485704643457790963e+00
4.961747243056938705e-01,-2.219462225025800040e-01
-1.270613319626691662e-01,-7.769991536162272894e-01
-4.606051289795709026e-03,-3.256785746743893206e-01
-1.526984344337483313e+00,-1.261433606091777682e+00
-1.765078498037474797e-01,8.236564749788891082e-02
-2.294726886954654710e-01,8.893712088859224707e-01
-5.554198176086935224e-01,3.452345670914730436e-01
-7.758827464571278476e-01,-5.563352664176481888e-01
1.977692806670607872e+00,1.051687836485732941e+00
-7.808758378733259287e-01,1.122261257382844546e+00
-1.923965988184328790e-01,-6.607978017561577655e-01
-4.108391900705862798e-01,-2.392348052097969732e-02
-5.077002046334336827e-01,-1.011941224585148680e+00
4.784373329948817810e-01,-3.433075728777010283e-01
4.829768728242608278e-01,2.773434155825509409e-02
-5.254935800013853936e-02,1.352579738340673243e+00
1.046178750681238737e-02,4.469575207731738553e-01
-2.848494594538200642e-01,6.205887420271666288e-01
6.007284198138096443e-01,-6.827261008271661158e-01
-9.387696325739839365e-01,1.423308651046146567e+00
7.900765029048173460e-01,-5.616354457042012083e-01
-8.859771162526146604e-01,2.439483494130974539e-01
6.270728391795036272e-01,4.049464823421687343e-01
-6.239652351018614151e-01,-5.720998698213418665e-01
-1.216649449263239813e+00,3.056216337801341831e-01
5.465962206329055828e-01,-2.005454470585266158e-01
-4.684502134855182409e-01,3.832462668952700824e-01
-1.351075493088752799e-01,-3.750534711368819774e-01
-5.401180699749882352e-01,-7.706746873285161836e-01
6.779772058344400998e-01,3.337327724189677602e-01
8.125821071929996142e-01,8.917783071575666742e-01
-1.326021856102052032e+00,9.054494752181841966e-01
2.303284978190971166e-01,7.142693857137506486e-01
9.384896423978847380e-02,-2.174446611051442380e-01
1.845936054466358611e-01,1.484041994304926282e-01
-2.312337127856967933e-01,-4.768217937168645060e-01
9.620300731850350839e-01,9.007788146996634771e-01
1.180725953531848449e-01,2.588914823767803908e-01
-4.172971100095703156e-01,-2.198828748192993843e-01
-1.237289315440699179e-02,-4.828309871500835460e-01
-1.046402905438606590e+00,8.557362782830113535e-01
-2.501996362952244035e-01,4.051382234670566906e-01
5.539219838461619805e-01,1.293383553164572652e-01
-8.658956011876260961e-01,-4.113188042843093917e-01
-1.114813196624451219e+00,7.489540624168748995e-01
5.933278152838475927e-01,1.678318812943419835e-01
-1.895477576216269278e-01,6.954718941052105974e-01
-6.084464759287737667e-01,-6.151507887154209486e-01
5.097935498311108038e-01,5.414811191712216587e-01
-5.354547485106359028e-01,2.408448307051622717e-01
6.348960781967594169e-01,8.730204073180676261e-01
1.104510692863404531e+00,-2.108732061832056526e-01
4.326522611010378272e-01,-7.474237946767525731e-01
9.947473523691879871e-01,-9.725753731243446110e-01
-5.351292637343132430e-01,-3.440307193786810713e-01
-1.230884532715377011e+00,4.169534868960771412e-01
-8.684343504312144191e-01,-3.633601074135914821e-01
-5.651108460574245929e-02,-2.121130314568066666e+00
1.156897444887692972e+00,-7.856355375204032709e-01
2.054143953284934543e-01,-9.987968644556523001e-01
-5.028983543584798488e-01,7.906646730731032857e-01
9.621762706719924063e-01,8.861112996772586570e-01
4.648083988992078308e-01,6.949427609811549555e-02
6.393320337000016895e-01,-8.739692027587615819e-02
1.039595291327650717e+00,-1.449610757038511666e-01
3.204275522707901724e-01,-6.751736152319476325e-01
3.330769922288297491e-01,-1.459497514765086823e-01
-2.197052833372863667e-01,-1.865101539847496548e-01
4.852715391376727361e-01,2.055670287427037168e-01
-1.075645973870174243e+00,-7.161893527269812543e-01
4.871983897144694931e-01,1.564205663237979493e+00
1.169007053947409114e+00,1.360312546820706459e+00
-4.574638088921247903e-01,4.919722938580528560e-01
-1.184179078985497569e+00,-1.689944248109195302e+00
-3.132193616986194140e-01,-3.423193119176414223e-01
-1.774621741100611994e+00,-8.118670357465083975e-02
3.281011740468607885e-01,-3.485921310846963606e-02
2.110100532624419323e-01,-9.430510810341516947e-01
-3.146623217079054236e-01,4.785681062476384029e-01
1.780579720719388526e-01,-7.993653931205124685e-01
-2.051755188134050112e+00,-4.360344071447672665e-01
-8.956319053681467413e-01,-2.910378428348668334e-01
-4.086507980122622286e-01,1.238568839766424484e-01
-1.744274532518213794e-01,-1.122567706030782153e+00
-8.259926649540879628e-01,4.617674125122726014e-01
2.508395491054921100e-01,-4.018563708152166347e-01
1.958815993128444066e-01,-3.556871361809403331e-01
-8.333521477610562611e-01,-3.336388122628831665e-01
7.274626338058813868e-01,3.968153613276622083e-01
-4.833619370892623390e-01,-4.372413954626229726e-01
-1.119688926526239525e+00,-1.090877350658109590e-01
3.166894407311488524e-01,-7.827253767036289334e-02
-1.043730738705595101e-01,7.979536830246526380e-01
-8.576729333012813594e-01,-3.290439787703748342e-01
-1.595588833220844771e+00,3.442865976367588954e-01
1.286470189119491847e-01,-3.628985090563914273e-01
4.998991306398650747e-01,1.095897384781033601e+00
4.498701719348602301e-01,5.591679051758494667e-01
-1.339494110344762401e+00,1.745100896262723744e-01
-6.211423876173036845e-02,1.923454014682648983e-01
-2.914159262306838249e-02,9.458086903557372249e-01
-1.313056834775014226e+00,3.781302093312815527e-01
-9.049685272806562431e-01,7.036349729069959480e-01
2.618258010917645651e-01,-4.827780128887292597e-03
-1.738075137380495683e+00,1.677237831551343428e+00
7.353285897501324886e-01,1.666513503972037735e-01
-3.912400196960032495e-01,-1.755465939637797235e-01
-2.207557293942345733e-01,9.214362660657089421e-01
-7.179876369455587826e-01,3.758574003662865648e-01
1.731944637533091857e-01,4.805504702213324042e-01
1.516860976466229693e-01,-1.349445929146126655e-01
-1.554661608564056108e+00,-1.520674547666541476e-01
1.309296495311952357e-01,-5.067540285254276133e-01
-6.732469742780883282e-02,-9.319117009630227821e-01
1.247325850241568362e-01,-1.208988663429145349e+00
-4.878105701308376174e-01,8.912636911455461552e-01
-4.166668344198874996e-01,5.565788761851595545e-01
1.296318900392355422e+00,-7.149783994539389287e-01
-7.417068015075931608e-01,-2.787499089845858480e-01
-2.026521255010647338e-01,1.398953585281364487e-01
-4.493323877696836499e-01,1.216328636910298355e+00
1.194706205962143553e-01,-6.184698377037131101e-01
-3.355914005162440872e-01,7.786486241038957923e-01
5.681949326460505878e-01,2.871170579432761813e-02
3.453404768190685425e-01,7.687268577407040115e-02
-5.379089374025547432e-01,1.433809725274100000e-01
8.649384659642675999e-01,1.281272467231876211e-01
1.146717118063957930e-01,-5.802258991359758866e-01
1.019507486542153174e+00,3.767420619764758061e-01
-1.758323437258610289e+00,2.327881203179480579e-02
7.608345716973150541e-01,-2.978402139197607323e-01
9.518486655325041346e-01,4.672519870656267615e-01
4.727355089893242046e-01,-4.147473643205178417e-01
3.979405160352456616e-01,-1.010017508612365944e+00
1.587897327848814266e-01,2.057385760219446416e-05
3.088899382278353367e-01,-3.100544347844616522e-01
-9.618759664250809971e-01,4.707100777352030696e-01
8.381604084804247790e-02,-2.005878524742896463e-01
1.114245968689647759e+00,-6.139613493367462871e-01
-8.765773490699119500e-03,5.395127995443883551e-01
1.092064009543429193e-01,9.873165431766685041e-01
9.418834147651050648e-01,-3.185891970961676201e-01
7.401785326070932092e-01,-4.484636598695515008e-01
4.236343205483470986e-01,-7.735828759325413806e-02
1.455116566604163886e+00,9.756244705416117213e-01
-1.425717958478309066e+00,7.557636884831898938e-02
7.086404680660413069e-02,-1.060879553932702724e+00
6.939227016704097029e-02,-8.938028372301152213e-01
8.478388066914638310e-01,-1.299633237106137651e+00
-4.166944577700858882e-02,-1.449945692027210520e-01
9.669456791787983674e-01,2.057060981091263785e-01
4.882201032459873025e-01,7.501470927677557354e-02
-8.151369319402185232e-01,8.216740012999168563e-01
9.341157337725912724e-01,-6.291913039576374489e-01
1.341913352404758619e+00,4.759439688312172567e-01
4.443751156361154253e-01,-3.997868485548735085e-01
3.629587884919268648e-01,5.404103223627502173e-01
-4.829478199584280596e-02,1.317272613992693353e+00
2.101521770153825033e-02,3.137527284430993713e-01
-8.185992896305587241e-01,-6.573988379616985123e-02
1.496855080766722246e+00,-3.127961333338211136e-02
1.457452683683622574e+00,4.364657544199812556e-01
1.237765789255980062e-02,1.248660708460279656e+00
-6.148837396100078623e-01,-3.100263699836077191e-01
1.095606641512781421e+00,-6.068296634242311693e-01
4.409683484631243822e-01,-6.797712053884593653e-01
9.435147896113260917e-04,2.404904671923621673e-01
4.483021952348574812e-01,2.059034809943539324e-01
-7.347942504639388694e-01,6.234268540996692476e-01
-4.454860788378268710e-01,-5.683494961910436072e-02
-8.053000989079251992e-01,3.761943019261053123e-01
1.442731390452362428e+00,-8.921377111242883018e-01
2.380320675839071032e-01,-1.477363669667015156e+00
-7.399595042769097075e-01,-4.313683544968663353e-02
-1.586553597052269282e-01,1.047155245275103397e+00
-6.941592314980292722e-01,8.300295873549119463e-01
-2.237058685775731581e-01,1.673136193043773146e+00
-2.242536525758121735e-01,1.292823651758965020e-01
-5.284901461923900978e-01,1.098445349900613488e+00
-7.863862264560478321e-01,9.691148441008862191e-01
8.113923929952621128e-01,-5.244580912083930402e-01
-1.615573571252978680e-01,-6.535670935381518443e-02
2.359333139941072466e-01,-5.380112473024445396e-01
-5.498017925307974174e-01,1.173284524464905720e+00
2.710445772513531693e-01,-7.575739405248805847e-01
7.019491929304473576e-02,-1.038960049420051268e+00
4.177373491610671397e-01,6.741542483980743627e-01
-3.363738472887883857e-01,-2.076211902447208768e+00
7.044438554424694576e-01,1.726900971867908918e+00
-4.534434044808990372e-01,-1.329189517613166283e-01
1.724144344895307268e-01,4.398614510500952202e-01
-2.733299357192998102e-01,3.429170470719263841e-01
4.922555060784315484e-01,-1.906923521543945066e-01
5.163258207451619786e-01,1.354740163260522989e-01
-2.886835375450377481e-02,7.751429095750204112e-01
-1.147152722671835878e+00,1.001740818391836818e+00
2.635226936803928277e-01,-3.981204441064796762e-01
5.463760511133387565e-01,2.715268153884775604e-01
3.408586446094414857e-01,5.543528265059195492e-01
5.705778400638006342e-01,-9.754475336710775046e-01
-1.954661085963130818e-01,6.163209588859753785e-01
1.632854431094114545e-01,-9.075885557518921232e-01
1.413613228720554504e+00,8.594264727063898324e-01
1.456029560483316221e+00,8.627799132572387952e-01
-2.835679002246050406e-01,1.282458393592905699e-01
-1.296567232388826096e-01,-7.624885705238815259e-02
3.495083808613628773e-01,1.679855871415998125e+00
-7.805713036261484328e-02,6.678922779952352062e-01
5.378565161363133562e-01,-1.843906506951035751e-01
1.003984668309815698e+00,-7.650194556879740260e-01
1.088390175543690885e+00,-4.375332853756152551e-01
6.984484843998579606e-01,-1.257840222737489633e+00
4.499666851717143423e-01,9.524368581765015884e-01
6.830024854558500169e-02,7.911519861646855167e-01
-8.666101932447395351e-02,-1.315520440834710425e-01
1.045292178697046603e+00,-1.023416530465124374e-01
6.427478817847016856e-02,-3.960704492399083620e-01
5.533320115314297460e-01,8.440121168472585200e-01
2.570484786721836667e-01,-6.459128036229450087e-01
1.344348591072179522e+00,8.081990337851032713e-01
5.053252474643333825e-01,7.342457486429807556e-01
2.413838583275335292e+00,3.582101166968502115e-01
-3.416023255217621180e-01,-2.649228470216047904e-01
-1.548369558357387266e-01,-9.702269426933186891e-02
7.716021429357761141e-01,-4.449628749816809670e-01
-3.898231741640194037e-01,4.293907895342036207e-01
-9.167961333338436880e-01,5.095947396000031215e-01
-1.192720310095338521e+00,7.602861781233301308e-02
1.471477404901247565e+00,-1.091189208205975314e+00
1.299015493984948810e-01,1.519302484432267342e+00
5.056181392499575246e-03,3.427784549701182702e-03
1.340516224509527843e-01,-8.141044705359327116e-01
6.676620676779309038e-01,1.225318499885472423e-01
4.982902609899116930e-01,-2.520454415125341074e-01
6.380656878316780523e-01,-2.471763181456839986e-01
1.743385180013823366e-01,3.612135863999449970e-01
5.199050696962176366e-01,1.107103895003584415e-01
-9.967174394487536560e-02,3.023954473535864218e-02
-1.220222489634897656e+00,-1.338733230885633119e-01
2.332643374666473757e-01,1.069361292235467831e+00
3.952494590850961220e-01,-7.202006142631736663e-02
-1.776030111234323083e+00,-3.554530460410294523e-01
7.920465912679602871e-01,-4.234581807982576440e-01
3.361533550397413084e-01,-2.587530310688458957e-01
-9.650450307821902829e-01,-3.950229855409170820e-01
9.025959933050045625e-02,-1.755515621382182367e-01
1.438336578297341406e+00,-7.509528503453215542e-01
8.577951593071468928e-01,1.140318264938209314e+00
-9.599681726094540929e-03,5.115840187246888382e-01
-2.731910451391643679e-01,4.806157371542567613e-01
-1.418459981372453549e-01,-1.144229541798320371e+00
3.323851715568049703e-01,7.588065167012806311e-01
-1.189836641244595428e-01,-1.763784093459034100e-02
-1.124066167883995826e-01,8.783146604308776917e-01
5.434695595738923135e-01,-5.854365719085928843e-01
-3.923165817842759195e-01,-4.556999845808283323e-01
-2.008643697356129743e-01,-2.167666144776915840e-02
-9.614766598437954892e-01,-7.232756106648835503e-01
3.089951334447171294e-01,1.076789122540017463e+00
-5.512023096197863348e-01,9.798560529318353085e-01
1.177349916208902947e+00,-7.137367138559964630e-01
-9.067300698342319054e-02,-8.900986725887241047e-01
-4.420359510065458020e-02,9.534007879844610400e-01
1.064474183931878537e+00,-5.640849529006871643e-01
-4.182699247548519739e-01,1.039370595812943998e+00
7.840914954306555940e-01,5.415633400246916418e-01
8.446616167906444428e-01,3.268088493428011887e-02
1.227461285430762716e+00,2.191874749254183463e-01
-9.007625608591545152e-01,-1.694600183513674363e+00
1.114198840899752518e+00,-1.309179992180170560e-01
-3.234364049915034456e-01,1.698445480551505349e-01
-6.640778980071947446e-01,-1.126101952581470611e+00
6.086853848723218219e-01,-5.352314467544275756e-01
2.179417974654919710e-01,5.944055096407978578e-01
6.505748154987159859e-01,4.185477015011257462e-01
-1.741485608768464366e-01,-2.004019573362708084e-01
-6.138428935313884338e-01,-2.145597998683879126e-01
-6.595702013876720837e-01,7.876098508024157452e-01
-6.200820740010660748e-01,5.662457457795843085e-01
2.522998339804329304e-01,-2.140615076334210880e-03
1.552333822075665504e-01,-8.680785551774130582e-01
-1.689330933226093068e-01,1.114363571653076423e+00
-4.135086268345984362e-01,-2.137260737322637383e-01
1.613756041077007153e-01,-3.323059507597541651e-01
-6.203857086946321653e-01,2.599111599781222526e-01
-1.430962046827559231e+00,1.067579736438990234e-01
-1.135533216871553064e+00,1.801417804329948247e+00
4.903638506390907703e-01,-5.514468694882056488e-01
8.231331402962432930e-01,2.328302769304609054e-01
5.281017775906230449e-01,-3.621293104294774357e-01
1.141838290329153294e+00,-1.791106857594169544e+00
-3.580139761562072254e-01,-6.794922182437980185e-01
-4.283913562783238371e-02,1.171380313692852670e+00
-3.064782643878593560e-01,7.694634403975046943e-01
-4.058368889027958448e-01,1.234622469919083976e+00
4.556584441219573706e-02,-8.858265884925282663e-01
7.501465036259116204e-01,1.401809627578568307e+00
1.240861874632836481e-01,-6.242976949021008526e-01
-4.572815498534830714e-01,1.346619150342267757e+00
1.488658693630728669e+00,-1.627854989134114583e-01
6.488834224055121114e-01,-1.421887863440623123e+00
-3.276465868061935738e-01,-1.238720374780169164e+00
-2.793470553775298862e-02,-1.200618881931665216e+00
-2.652434249481016582e-01,-4.151676916222878377e-01
3.553686018983252537e-01,1.570270985799193386e-01
-3.867911305357706886e-01,-1.664566549168692289e-01
5.627822505779299656e-01,2.357352304839603341e-01
7.310525426952991790e-01,1.333472840163068662e+00
8.727041610147945327e-01,6.629129073455154730e-02
3.460494084265792192e-01,-1.150903483923555737e-01
7.345238844517234522e-01,-1.092445223240556151e+00
-1.424045705199517182e-02,6.235581125653387735e-01
7.965231805066587123e-01,-2.723743822884444055e-01
-1.776614955646966809e+00,1.216857157663524314e+00
-1.876625400397388566e+00,-1.177926095346062407e+00
-6.186978906431309655e-01,-1.215632120119093385e+00
4.881818068606988970e-01,2.830911895276693180e-01
-8.982137494870821026e-01,1.262990030783653073e-01
-1.592463349676174755e-01,-1.083273160229334620e+00
7.111880255402054651e-02,-7.446683278435466402e-01
-3.050642102941253930e-01,2.771532190399448314e-01
3.496344805491559127e-01,6.215866085111227957e-01
-3.994233464427237035e-01,-3.082492722673743080e-01
-3.589823875192004743e-01,2.572150914763568497e-01
3.411977902607487567e-01,2.313936759357173578e-01
-3.835725270114749477e-03,3.093504575490680364e-01
-8.986413559881212265e-01,2.850180984646685789e-02
-1.146175306597330273e-01,-1.521106150088102904e+00
-7.923230356043647893e-01,-1.817791423199385692e+00
7.784716321160591035e-02,9.031609318225965188e-02
8.058569427952387565e-02,-1.784524339025538864e-01
5.674021034776802752e-01,-6.428979138731288900e-01
-3.283505106715899902e-01,6.580961434178846103e-02
-9.252872815374044158e-02,-1.502388226780513036e-01
3.266474867217478151e-01,-6.916335807421679638e-01
-1.394229871585541403e-01,4.275690859226657925e-02
-1.874391645293077835e-01,3.567206721200665842e-01
2.882725344930049172e+00,-3.095128696368841248e-01
2.580008772932707029e-01,-7.630367936360292480e-02
-5.478123026179977373e-01,-5.594149713447578443e-02
-3.723521895279320870e-01,9.067764660522237286e-01
-1.191075189583021138e-01,-3.089489106434190058e-01
1.001747781788873137e+00,2.857308592891182331e-01
6.548003465441850635e-01,-4.170700354045719926e-01
-1.208612087219299136e+00,-1.523548981210559039e-01
1.776871087101588864e-01,9.463683405880147781e-01
1.066577662197455284e-01,-2.890344847771479375e-01
6.348493351967011700e-01,-1.636575035496686370e+00
-3.831823681090547051e-01,1.359349780512373804e-02
-2.641092356794016993e-01,-7.165674979490933572e-01
-7.773265408029229606e-01,-3.877168521586461802e-02
9.526965612803313110e-01,-6.874952375503579072e-01
5.555276809667641924e-01,-7.536010522932565792e-01
-8.174119256740772776e-01,-8.778371646893549096e-01
-5.541939023820567911e-01,7.322113068037576777e-01
-1.039563664024814038e+00,1.302277517807763463e+00
-4.516643983776110205e-01,3.572525890511982771e-01
-1.857465362822416088e-01,-6.146900134992939746e-01
-1.155697744190102016e-01,-1.106110964954841597e-01
1.596478734469419514e-01,8.826788242428975639e-01
2.400525114139844818e-01,-7.889110775133587605e-01
4.112297091011072325e-01,-7.620172197132106806e-01
1.337661143005806907e-01,1.562183652857888516e+00
-2.925719366271772870e-01,3.520200672261895591e-01
-3.493305537900465163e-01,1.729284356572150516e-01
8.306604609488870139e-01,-2.331213243778876842e-01
1.561181424768285919e-01,5.021409116392339111e-01
-5.936918031900305648e-01,6.537656127228798075e-01
4.706086373044360283e-01,5.930400714560284392e-01
6.442602279690938516e-02,-1.802602862490075564e-01
7.558567775895255192e-01,1.458884673798424680e+00
1.084451186794661987e-01,-1.361625314435881862e+00
1.754076855738402885e-01,-1.097812345646681731e+00
-2.826760089876517723e-02,1.692630698771867281e-01
4.561412211962494884e-02,-5.029688386231780939e-01
-7.429494877541821252e-01,2.253106559253881536e-01
9.191860501911348902e-02,-3.515197586356726411e-01
-1.771547729545870586e+00,-1.399192215767723624e-01
-6.488943715483582730e-01,7.097713921874623244e-01
1.497914599049241291e+00,-1.223185249005851460e-01
1.867481661352973499e-01,-4.024238641420656570e-01
2.538981967816302254e-01,-3.554785865068524897e-01
-4.180132807677316986e-01,8.307177087950204930e-01
-2.119420247883992692e-01,-4.387463688523942501e-02
-1.167058495094394077e+00,-8.917651962848717195e-01
7.816533763321241723e-01,3.843686175712426878e-01
-1.353673792707863442e-02,-9.190507950321777919e-01
-5.833842995711933099e-01,4.057255564033701023e-01
5.492754859972499848e-02,2.862166550919858499e-01
2.826290870534166055e-01,9.060761682890454694e-01
-4.727410457069112781e-01,1.748053311720030756e+00
7.939387040914679394e-01,3.046868015869365620e-01
3.743933699792561520e-01,4.554676995400144257e-01
1.927172289105428538e-01,3.475620988702093905e-01
8.505191039894898219e-01,7.740875395253159208e-02
5.072276605548747819e-01,-2.028443873194547276e-01
2.262328956081569586e-01,2.105746226568030732e-01
5.771532248612473159e-01,-9.023899750026801447e-01
1.038379088713101250e+00,-4.571174048172683690e-01
1.458983991011661985e-01,5.646604568672044522e-01
-6.063849801469551881e-01,6.380773055745729838e-01
-3.671635477143865289e-01,1.909391499999666175e+00
7.859624462369008135e-02,2.476754067696387729e+00
-8.882061232094687342e-02,1.033082162506610280e-01
6.534211159283966897e-01,5.659237488316907205e-01
-7.625520369320039071e-01,8.545842214084146127e-01
5.812953107137631692e-01,-4.760431943513959534e-03
2.395876831892032044e-01,-1.233872164787641473e-01
1.403807391304078278e+00,-6.948105244348580511e-02
-1.686572120270597996e-01,-1.412040862360204541e+00
-6.615903576186074053e-01,7.079942487010664198e-01
6.856663413225888570e-02,-1.260488183786083516e+00
-1.239657114787797304e-01,6.592561334487037072e-01
-1.037205256495595362e+00,7.076003479280528440e-03
9.397892056155353613e-01,7.667705785336272895e-01
-9.403456463860939696e-01,1.595307615708242421e-01
4.381857202402944518e-01,-4.748281686428506010e-01
-1.784994505914000162e-01,-1.278242940491873814e-01
3.763323350152215085e-01,-9.991612036082523352e-01
6.037817503549925725e-03,1.434815846003596906e+00
-1.094664729370327938e-01,7.199817688892849732e-02
-3.651042128145841059e-01,5.855103797847025504e-01
-6.624374883415642401e-01,1.236409233457093498e-01
5.192651618585039097e-01,8.520572971130313533e-02
4.268194877654701846e-02,8.649225884348112903e-01
8.627118246418956637e-01,3.196340990121376291e-01
3.715269027213667918e-01,6.437375583905199372e-01
-5.005179122592369190e-01,2.814233795116263814e-01
4.394677276948485978e-01,2.938325882997954164e-01
-5.452702558575066583e-01,-8.520914424456982328e-02
2.714393124021406312e+00,-3.592896741864981536e-01
3.606348477422662291e-01,5.734565612625839442e-02
-1.177177349358946801e+00,6.029884309321972280e-01
1.174399365310971000e+00,-4.352972868781901372e-01
-6.404519814526061783e-01,-9.629388306680074228e-02
-6.231250644816708345e-02,1.017789442735339556e+00
3.056644897774173919e-01,-1.080111035608839476e+00
-8.335883475767323914e-01,-1.379001438925878675e+00
-4.924221613525108787e-01,4.588213379024440042e-01
-8.805289550454969971e-01,-2.875157299528425248e-01
6.041559331524116727e-01,-3.036041374612086785e-01
2.661510012323613505e-01,7.685670804120731114e-01
-9.586450596758635534e-01,-3.162709034944536923e-01
1.688663299228229997e+00,-3.570153227453544686e-01
-6.236594632281717426e-02,8.603816965521094984e-01
2.657820410389564736e-01,5.149191414948391943e-01
-2.601788885983805089e-01,6.745172227582060254e-01
6.198195197241817000e-01,-1.479663793872434407e+00
6.614891559916564745e-01,1.064202162520226702e+00
-4.496316629673033360e-02,1.211161014722588414e+00
6.613934206197840115e-01,-7.441813319548255812e-02
1.780543986688308822e-01,3.011649557455584048e-01
-1.145871520712533176e+00,9.091465507745145613e-01
1.237648940112951124e+00,-1.168920357283522449e-01
-1.295365388438491694e+00,1.856745664713647659e-01
-4.116311464632835260e-01,-1.622896302839356153e-01
6.234688292200420978e-01,5.765703776997922470e-01
8.382337972335252019e-01,-5.395095666022344805e-01
-4.338064188920766617e-01,-2.236007034929170523e+00
1.537450646665950105e+00,-4.152838773478588763e-01
8.492426829105935715e-01,-1.004235021228135682e+00
-9.010585059141540398e-01,1.494482684057020672e+00
-3.685431577611628096e-01,-9.811243697788337714e-01
2.296997333178779355e-01,1.646987234294313221e-02
-1.728523297722380780e-01,7.991789133994823269e-01
5.859632387025190958e-01,-3.291767752777571832e-01
4.518532876502469042e-01,-6.698733868241736333e-01
-2.022911954267724521e+00,4.632918471377820424e-01
-1.395973543320818022e+00,-6.539184618387653414e-01
1.074928870005901649e+00,-1.463598578984583121e+00
5.858654358782562355e-01,-1.210483420243003927e+00
-2.671809908947435086e-01,-4.797875870387457997e-01
-7.518488151191996538e-01,-1.162523187404566893e-01
-4.075690406516530029e-01,6.784473164596158123e-02
-5.851661133154261174e-01,-1.305657861192986158e-01
2.133851467751163855e-01,-2.160436960378005755e-01
1.531963444480531233e+00,-4.678638064035005040e-01
-3.592729871091235316e-01,7.538072408403246882e-01
7.843232059004706658e-01,7.416585848687150540e-01
-1.926109770186667625e+00,8.779035843943959472e-02
-4.043994420362890252e-01,5.211508602255690015e-01
-1.213338823111061116e+00,3.709106666147646836e-01
5.836415305743192228e-01,-2.181110402680363602e+00
-3.613404487319910041e-01,-1.139516397976758855e+00
-1.428690052020526791e+00,1.005678339378818925e-01
3.529777552457439849e-01,3.249689676800670002e-01
2.158597581023029566e-01,3.796223978174570468e-01
5.187890225003015665e-01,-2.598549154397379879e-01
5.710776516632961597e-01,6.026983338620177655e-01
-1.238125061487878598e-01,7.254213681100846189e-01
2.880211967425611586e-01,-4.236391790141583874e-02
8.109102617394760015e-01,8.529894008026955854e-02
2.327472211092219689e-01,-1.135888576410032554e-02
-1.182107256419827168e+00,3.711098218088922790e-02
1.392123687565479384e-01,7.032142488830308569e-01
-6.892113734764381272e-01,1.997898074753708120e-01
-1.816740490578655276e+00,-9.528028694347032701e-01
1.109303878797729126e-01,-1.017692271394108117e+00
-6.499887056568871835e-02,-5.997376034427874814e-01
1.274904724598324490e+00,-5.701661631737942049e-01
-5.100309492839918413e-01,-1.318845148412940649e+00
-3.160348746928042796e-01,1.008366001072901419e+00
2.364237831791264621e-01,2.682611858381077075e-01
6.602944264517240924e-01,-3.848480569982533628e-01
2.654281353128742360e-01,-7.574162531214391203e-01
1.844402239461445381e-01,8.924452307753657498e-01
1.686642487775279919e+00,7.706421449649674127e-01
4.745553330503862188e-01,-1.009401635805980524e+00
-3.805065367919558406e-01,-8.173586777430852379e-01
6.277552780126282039e-01,-3.505568391949281382e-01
1.997406391046031016e-01,2.080953454697689331e-01
-5.438507604399566153e-01,-3.451102409425726991e-01
2.845417482151988420e-01,7.646741185134170449e-01
-7.880580714543757026e-02,8.727691870374464367e-01
5.573935850787369306e-01,2.298809577164497298e-01
3.049059530117213812e-02,6.481273913012077781e-01
6.562166789879947393e-02,-1.659681480448478741e+00
1.090356229511622865e-01,4.821253486049378312e-01
6.252299098118453413e-01,4.179204271171116369e-01
-9.741296382292509159e-01,-4.170327685596386669e-01
7.165091210996662463e-01,-3.496377138940892637e-01
5.523270293593510738e-01,-7.995697413020648181e-01
7.121804022494401254e-01,-7.320923633712312917e-01
7.996144856383399224e-01,7.221881998694497096e-01
5.901303931398081959e-01,1.115647503182027211e+00
-8.142081512455401349e-01,-8.928684575445450244e-02
-5.068841177399824316e-01,-1.150979203208117196e+00
4.940154911476650201e-01,-2.752055051927392859e-01
-4.602049427486691324e-01,-4.062650901707763884e-01
-1.474220304601396858e-01,3.189446046954503844e-01
-9.720278302501378365e-01,-3.301891295523453618e-01
8.474254176156337248e-01,-1.884070878144345595e+00
7.961104689554957536e-01,-3.033298152817472393e-01
-1.328106583534709229e+00,-1.277364421071926825e+00
4.644815039271151490e-03,1.403978285159201311e+00
7.578067045120154832e-01,-1.509976237610226590e+00
-2.432409909980351448e-02,-5.037209805171536381e-01
5.587766028189252721e-01,1.147563298073250859e-01
1.309853061223266169e+00,1.214961472160982714e+00
-1.533837805703198165e-01,6.651524018244129310e-01
-3.715642594163742207e-01,8.168195403150517730e-01
-2.229921931776134847e-01,-2.259011111761478618e-01
6.774895972602660299e-01,2.466598518828167219e-01
-8.578730842528410339e-01,1.114977990820813641e-01
-6.740621749779866778e-02,1.045440970304686301e+00
-6.398759843238402967e-01,-1.970872249656252517e-01
-2.242920953598128153e-01,-1.669545461498463390e-01
4.818746259140525012e-01,-8.826787640902857834e-01
6.916807548576180409e-01,3.593856091129483676e-01
-4.143198527667230069e-01,-5.232931671860677758e-01
-1.164562686589399459e-01,5.066213203931525522e-01
-4.622734665216647887e-01,-1.791696634943152136e-02
9.639577676944938167e-01,-3.568869721500229075e-01
5.667097837662419396e-02,-2.629985393394196347e-01
1.038328937727897916e+00,6.992342601654331080e-01
-1.280186667792320820e+00,3.003402311316248907e-01
-5.775465982074875493e-01,1.366546444029705099e-02
-5.129390924775220073e-01,1.529709629374890467e-01
6.044303248062533884e-02,4.695341868730008861e-02
-1.934297940307243002e-01,-4.356837831623114332e-01
1.697187970827905845e-01,-3.345754640820968184e-01
9.361059568359497707e-01,5.762359590376624485e-01
-4.270768011148794452e-01,7.028201594410141695e-01
-5.940342674136810386e-01,-3.530106670614666098e-01
8.978056265363696387e-01,3.025694708091594687e-01
7.750369870680419160e-01,3.446590032915093360e-01
3.012021776506684789e-01,1.067390028439592076e+00
-8.705228304572168452e-02,-7.164576299610212473e-01
-1.027898714775347777e+00,9.875638798537479390e-01
-3.298109071811625159e-01,7.548380666605652989e-01
1.129801381247445280e-01,-1.848463082219207410e+00
-2.658693978125607482e-01,-1.133797489036512340e+00
2.382144880523683339e-01,6.083665649633772654e-01
1.586161047053462059e-01,-9.827939117596114216e-02
5.255952536832749766e-01,-7.406204087236279987e-01
1.103069838356665888e-01,7.811204418215080825e-01
-2.156976724919935223e-02,-9.746684434065294722e-01
-4.102521481367344958e-01,-7.064357928377427154e-01
4.758501320127743739e-01,-1.987751599364644961e-01
4.293660976182311351e-01,-8.431878895241877725e-01
-6.117894308830096328e-01,-1.100913781962883364e+00
-2.884871290513721723e-02,-2.867826826885472302e-01
-2.717957500915856306e-01,-5.393738007029638126e-01
-5.846406144891550666e-02,1.211008164564776113e+00
9.255679052859062672e-01,-8.802899940845438920e-01
-4.612149549116791314e-01,-1.130384932035812362e+00
5.380094841594150468e-02,-7.231205727629504976e-01
-1.263810926655134947e+00,5.345093755517028589e-01
-6.046638843782836670e-02,2.085335134368985877e+00
-2.673323100827750265e-01,-9.910038482297144347e-01
-5.205310903044262361e-01,9.095382117010234468e-01
-1.260390415354309956e-01,-7.178030578323721933e-01
-4.898111943909517763e-01,-5.046218599807720251e-01
-8.058510095607329671e-02,-3.095471440210218472e-01
-4.848810173301099785e-02,-9.035059522020867373e-01
1.404778138363966367e+00,-1.281371977195374101e-01
6.351610063798762695e-02,1.660782207137874444e-01
-3.795250182554849583e-01,-1.427018206515842547e+00
3.365450009554754041e-01,-6.586999154630982511e-01
2.105370300913662063e-01,7.123234069073112185e-01
3.899419902638486257e-01,1.541377334580641134e-01
6.425726399065889716e-01,-8.158917980712774298e-01
-3.938471422256140664e-01,5.665161167409887844e-01
3.761563099377421976e-02,2.407489846441889791e-01
3.411561366258320516e-01,-5.150894977225566329e-01
9.650552378295151890e-01,4.519138010191597887e-01
-4.788002003216067920e-02,-3.087348936416732526e-02
1.215881735700844679e+00,4.972384877965203148e-02
-3.316952487476102496e-01,-7.471716125147587206e-02
5.463424676354102782e-01,1.180511030420774432e+00
-6.896060173625474521e-01,-7.378802595818838572e-01
-1.237399581353815003e+00,-9.055624173516597653e-01
-4.991115749235665588e-01,-1.009126965257159281e+00
-7.333455036374133540e-01,5.803678543688824132e-02
-1.176606324973801021e+00,-1.586107426868966497e-01
9.994760706585524845e-01,6.015612985647824651e-01
1.386688607795874439e+00,2.171783650430351431e-01
-3.107315354575144739e-01,-2.440645633244540869e-01
8.328406119653511408e-02,5.126191728813982440e-01
1.598620159122038087e-01,-1.336357594124149006e-03
-9.738961473901036614e-01,1.710981807245642417e+00
8.373582068931556543e-01,9.250178609202716062e-01
-5.629749935593943988e-01,5.773223342728309726e-01
1.364983655058578105e-01,1.105375124504467843e+00
9.208605487625157737e-01,-2.010882793702506721e-01
5.668708227199230343e-02,-3.350379108728716582e-01
-3.605149171546861986e-01,-1.197935126360112790e+00
-3.525468501599530180e-01,-2.102561391189118334e-01
7.853554002247484789e-01,-4.504052295960500607e-01
-3.907302661968803936e-01,-4.345273599468286729e-01
8.248551399916123072e-01,1.426674583192056645e+00
2.603894634933013319e-01,-7.057431135624292473e-01
-1.037114294283417171e-01,-3.254068971781907682e-01
-2.318172435779783033e-02,3.309334328101204981e-01
-3.775356676703787162e-01,3.602031870342251030e-01
1.527138972661243876e-01,-5.122299003291339720e-02
-9.832560355058054258e-01,-1.117455616371758387e+00
4.945079579244336943e-01,4.456653668329440543e-01
5.816164865153099495e-01,-2.578557847618818677e-01
8.928860883965535900e-01,4.056396475272228686e-01
6.609858282563236820e-01,-6.042583492854439742e-01
-5.701618792059717222e-01,-1.925629813649568089e-01
5.710933588253128690e-01,-4.380454373406794666e-02
8.392403282934713937e-01,8.302322806597955962e-01
-6.455625386821697287e-01,9.502590179479528665e-01
6.632813853669729254e-02,1.070858858849434714e-01
1.015197691754895937e+00,7.779320122593839093e-01
1.959904847647834514e-01,-4.195522551452756654e-01
2.315819717197560856e-01,-1.511578814978943086e+00
-1.013615229503811888e+00,-4.483862823165087885e-01
1.360311143772499731e+00,-8.950681514210953038e-01
9.982171218452270400e-01,2.117401527274484843e-02
-1.347338232284645887e+00,-7.907325761186696778e-02
1.738732998385464634e-01,8.026851829739718447e-01
7.707029869376574860e-01,5.748416990478070338e-02
-3.276144388536026408e-01,4.923325427502305285e-01
-5.063476852168674602e-01,-1.107049450282269420e+00
1.634658145420566644e-01,2.502967724442082265e+00
1.481485015998646460e-01,-5.641544573241077942e-02
-8.168723646635391855e-01,1.734164042047387611e+00
-1.493220147539867648e+00,3.391822350375701123e-01
6.146412910392751172e-02,8.104923817083976578e-01
-1.216111240188600284e+00,-1.177992412581781584e-01
1.105343840335616806e-01,-6.041380324470075891e-01
1.028335090270112752e-02,9.143758495687918098e-01
9.058517949975071482e-02,-3.981677817255386831e-01
1.864053575397391360e-01,5.433172950781312710e-02
-7.109944598677221395e-01,-1.615857354034318405e+00
-5.702666672239177226e-01,1.274323606938518427e+00
1.769520434103998729e+00,-6.164916070280646032e-01
-8.160712016243950595e-01,3.594910278104188062e-01
-8.433172166148175108e-01,4.309516836981990284e-01
3.782110780018254625e-01,1.899044918342868982e-01
1.053923941248862572e+00,1.612018172565684027e-01
-4.089766217593775455e-01,3.976251259782918601e-01
1.693634211368134412e+00,-1.290094658738986322e+00
3.761763911364280899e-01,-4.512603417352962776e-01
-3.410668122442094274e-01,-8.215305093089503297e-01
2.042635505981067745e-01,-4.935466090274044648e-02
2.287720769001226062e-01,1.156042169289185351e+00
3.071458812754868095e-01,-2.026932328344635270e-01
-1.690035699793782931e-01,-1.010195005171268257e+00
6.886282854210385995e-01,-1.590354885727486955e+00
-1.407517322961024497e+00,-7.299974167869059949e-01
7.514612430067090232e-01,5.485025527972912096e-01
8.573964911307108139e-01,6.485377861921193254e-01
9.558327199789371509e-01,-8.839441107865387837e-01
-2.399414242342067238e-01,6.479952467072289668e-01
-9.830751660116974211e-01,-1.051728061686978855e+00
-7.854515116682747600e-01,-1.675669189424370042e+00
-2.035175739945011220e+00,9.726529081988759540e-01
-5.569130531958197405e-01,-1.216729056084324911e+00
-1.450026308283327292e-01,9.713991801431687279e-01
3.623531431954912785e-01,-1.034776217900742340e-01
1.218435815482284301e+00,1.250654977129680878e+00
2.763702057366917986e-01,9.481601905146502807e-01
-4.367669236797377952e-01,1.625337110444158017e-01
-6.284308811823965391e-01,-4.486275144872154952e-01
-3.402617091263996363e-01,-6.868070606529803612e-01
5.321032852989104889e-01,9.745578051653763785e-01
-1.233145218937020671e+00,-4.420561919521115435e-01
6.026706624922509858e-01,5.529489910659316498e-01
7.467346195190940339e-01,-1.232480905202666621e+00
-2.324339014382860447e-02,6.932594316928490930e-01
5.707023191885334246e-01,-6.030697024488778091e-01
-1.432166364047413598e+00,-2.673854930542099995e-01
1.271870527656829175e+00,4.029509666914309896e-01
7.792491380708433946e-01,-6.665661269008782419e-01
-6.829489727410547051e-01,-4.721105405869114452e-02
2.562255771027258655e-01,-1.672507182248207602e+00
-1.884731046880373517e-01,-8.185602967890232007e-01
6.783424077672728369e-01,-8.526198229568124898e-01
7.769386146091274148e-02,-8.876194103925987289e-01
1.406702742096600289e+00,-1.179807141885269306e-01
3.785323176380184784e-01,-1.449913471505128282e+00
8.768351685314070831e-01,5.903057547482915002e-01
-5.426787016220834259e-01,-8.490198247064055515e-02
5.403986057534713172e-01,9.822127303287877531e-01
4.181856920436275993e-01,4.376125304174072195e-01
6.796954163515541714e-01,-6.323682508103473099e-01
1.666709767930711905e+00,-2.610019634351073980e-01
6.537938265605470756e-01,2.822718289741573683e-01
-1.660845950084191558e-01,-1.471185932580019395e+00
1.919723121124364384e+00,-9.440188751118037958e-02
8.921049861206488130e-01,-1.695232996108799073e+00
4.449735844067090329e-01,-8.808564013843528384e-01
1.079005678553152547e+00,1.515589891768430730e+00
-4.496859045280593263e-03,-2.746052545677596934e-01
1.158647837957710591e-01,-1.650368499748084972e+00
-4.844339027342363102e-01,1.396699905411459552e-01
4.355751748866441841e-02,1.261558538514128969e-01
-1.885874462121257256e-01,4.486330404707931652e-01
1.482697335607530587e+00,4.260983986473150242e-01
6.786829092303258149e-01,1.590475549893517193e-01
-1.309004050672542101e-02,8.878058580528335186e-01
3.752318084068169135e-01,-2.152389831691875755e-01
-6.411249111900292341e-01,-4.652718745298861092e-01
4.280373180348187589e-01,5.782342908575033302e-01
9.111552988007465270e-01,-1.087021653671274901e+00
4.817793138195240743e-02,5.467632497544608894e-01
-2.838022138414524886e-01,-4.635037398181311996e-01
7.429567135832857439e-01,1.289400897557324788e+00
6.545237943474365716e-01,-7.791185330341106052e-01
7.305915747621155587e-01,9.888402054911585859e-01
5.377672785625519092e-01,-8.590042632291229607e-02
-5.999442963496445236e-01,1.418274604406303263e+00
5.998539629612277269e-01,2.589420039317419375e-01
-2.934312663361211548e-01,8.646364261457601952e-01
3.665622540996774092e-01,-4.600343836090367011e-01
-7.191234783856214063e-01,1.391951207072692265e+00
-3.107828432154516873e-01,-3.532925430303899272e-01
4.007245359326414014e-01,5.068506613548670048e-01
4.300277501807416303e-01,-3.761268588850388492e-03
-6.764609416137294315e-03,-5.236670124940902005e-01
3.133338134975950928e-01,6.510967752789521834e-02
-3.732127489432836565e-01,1.229071809303312612e+00
-1.032999370315073939e+00,3.787876785694868631e-01
-6.729617396671533358e-01,-1.976858697209872562e-02
4.050156283037154026e-01,1.126787314972204967e+00
-1.181925234349526233e-02,-5.487996781366187848e-01
2.649143413023544724e-01,-4.197651938101812363e-01
1.781911751348083939e-01,-9.192220442763487931e-02
3.001468663606116083e-01,-4.636654104171712421e-01
6.178751942425616539e-01,-1.837577822581283771e+00
3.511372432279959432e-01,-3.865296552014411136e-01
3.156929784039310127e-01,4.400450036020615158e-02
-4.288935051915837016e-01,-1.321327319075054962e+00
-2.523149502913640818e-01,1.596198181824049378e+00
3.748761211137090488e-01,1.068859255393383445e-01
1.276952100609012097e+00,-8.860388109442427496e-01
-6.515496327065423143e-02,8.267617650949206087e-01
-9.535829669530633268e-01,-1.373032318545666319e+00
1.994747405251899031e-01,-1.670038786428365007e-01
7.806250390383829840e-01,-4.747251412829622264e-01
-3.172912662045569432e-01,-4.408786651845615912e-01
6.883172183199868233e-01,5.063163445762036696e-01
4.827940408508247239e-01,-5.801990240201048143e-01
-1.122658419537373164e-01,-1.417567570114390829e+00
2.789558613468355319e-01,2.820302023362574184e-01
7.672079505432728708e-02,1.346883853322594984e-02
4.337839663919333399e-01,-2.289351295365671668e-01
2.535237825529051414e-01,-4.223791169967409664e-01
-9.437174395398957305e-01,-5.702904783322596538e-01
-3.248526705206041254e-01,1.476358358975519369e+00
-5.530845154963196508e-01,-1.381818042600640339e+00
-2.109958808516243789e-01,-5.461533953272945663e-01
1.633261413855591426e+00,1.348672296354583633e+00
3.085136900540572658e-01,-1.662572091395995821e+00
-1.042044013637267064e+00,3.810499917198418851e-01
9.709973976712120702e-01,-7.408057971796873087e-01
-1.236591862652109519e+00,-3.033837498283842860e-01
4.997155227946122324e-01,6.458683923501410407e-01
6.285465201084802778e-02,9.447066602607306907e-01
3.606093958981367864e-01,9.123904540014432518e-01
1.331038100964188620e-01,1.543069284348213555e-01
1.139446086058561874e-01,7.279761756628430613e-02
1.052782112028920025e+00,-1.726976639871462618e-02
3.524000579510323528e-01,-1.577425258738759606e+00
1.278255834153109616e+00,-1.504568797254386858e+00
-9.364241366484357329e-03,-9.159023978005932376e-01
-3.013360888527503167e-01,4.754100409919855275e-01
2.382967699241270165e-01,-5.408492579656889454e-01
-9.141856929627675266e-01,4.225029570236699672e-01
1.085471042232889483e+00,7.268016788137744433e-01
2.694452619034370389e-01,-7.335725132827621009e-02
-7.145243579120329480e-01,2.314412180235575489e-01
3.008386866286933969e-01,-1.490765722181546904e+00
-9.931008806158979629e-01,3.672528435704216360e-02
5.124748714521835113e-01,6.337149770611003596e-01
3.673873781944734240e-01,-6.403852623216511608e-01
6.947351989426514551e-01,1.792216989910258296e-01
4.994238481695354448e-01,3.455345959227427155e-01
-7.597259104891145309e-01,1.059750647341693108e+00
-1.456217006196113051e+00,-1.199188265443869722e-01
1.071171074919150978e+00,5.022076170408181772e-01
3.133509201111836506e-01,-1.478570598135546810e-01
-4.731159627826566072e-01,-2.819170612019529787e-01
1.241469232867292716e-01,-1.791449353722289750e+00
2.622785687015460887e-01,-1.028332727170403471e+00
3.133268413214188586e-01,5.390317096835586241e-01
2.594757423093106974e-01,4.142622770490875933e-02
-5.327922750426242748e-01,3.667068250023822196e-01
5.009658072006132334e-01,6.047856722475362101e-01
1.054362371155828787e-01,4.896347783809459897e-01
4.303207498947662635e-01,-3.814305483979333333e-01
4.935036007424283000e-02,2.948186644140894375e-01
6.972423287969429229e-01,-1.613919780317436548e+00
5.494166359144455614e-01,3.581069134127140563e-02
1.939626240445913585e-01,-5.678756669534066326e-01
5.384325243977235997e-01,-4.790847457598506609e-01
1.350735944573405511e+00,-1.451735478789557110e+00
-4.398579864564363534e-02,-1.050701787981254132e+00
-2.088135861479998301e-01,1.054643810866748632e+00
3.177976194104195629e-01,-6.569174651524528619e-01
-6.903431539877487033e-01,-1.471124889984394946e+00
1.642129180426163071e+00,3.910623286198113280e-01
-4.047825250609665138e-01,-6.868470633842642670e-01
-4.823686862879497106e-01,1.705529635776272535e-01
1.344518112840457968e+00,-2.627582270438571510e-01
-2.540411784569599971e-02,-2.623678707295189483e-01
-6.140995944000915419e-01,-3.078286283093485953e-01
1.877869830018744191e+00,1.790660862086467520e-01
2.666309910979154929e-01,-1.382570060825372593e+00
-1.716618560794944959e-01,1.016522460887467894e+00
-3.485409950576062732e-01,3.619053549298755779e-01
-6.465572846569198617e-01,-2.114616860109555407e+00
-1.466360249642236768e-01,1.547239981459985481e-01
-3.521034432167290118e-02,-9.606655460346371633e-01
-2.903646416447860368e-01,8.929063451203025359e-01
8.469638831191617090e-01,4.590769665686652429e-02
-7.598655300140381152e-01,1.665073677326312396e+00
-1.087589323417690546e+00,-3.786232964250217381e-01
-1.360203005432839840e-01,-5.081104221384269426e-01
-8.930726674557067923e-01,-1.298681564515623998e+00
3.243215676666751923e-01,-1.217496948008802038e+00
-6.760628614679552346e-03,-5.530246597925518870e-01
-1.956460268743492326e-01,7.447401770796742149e-01
-4.572533548490960165e-01,-1.265070434132640642e+00
-4.334599473105146816e-01,-5.930259529995658418e-01
4.116785407938072794e-01,-1.437257791275126539e+00
-2.112325882470104249e-02,-8.246317797694712182e-01
1.868354242623722072e-01,6.035245199494392310e-01
1.298372268309390225e-03,-3.637937186238403009e-01
5.509683403713671046e-01,-7.134697080946506009e-01
-1.101025346492370688e-01,-4.771779979836789365e-01
6.006147248895350454e-01,5.711808609417922122e-01
8.866919730001528999e-01,5.775928762720394793e-01
3.118750609332697488e-02,1.082934709402229023e+00
-2.688947152786251293e-01,6.034477885491691396e-01
-8.939495591012316389e-01,-8.329832349495577271e-01
5.208967130653295863e-01,9.721823337830879375e-01
-3.968615166157669072e-01,-9.988749993351933032e-01
1.918292506678453690e-01,-9.413858970479693777e-02
2.139134509017559874e-02,-2.646665903897499339e-01
-8.601427751539233446e-01,-1.823644850683709961e-01
-8.743803678753542252e-01,-4.026769271550850737e-01
-2.840064678813518650e-01,-1.741252657075791355e+00
-2.200595622013552799e-02,1.484047588642244120e-01
-4.378831119087492341e-01,-4.120780583137594322e-01
-6.226531422861998344e-01,1.357020262515504117e+00
1.030413891110539382e+00,-4.339635413696000810e-01
-1.810587944291239815e-01,-1.820087965353270887e-01
3.941273004079101083e-01,-7.718170541673262663e-01
-6.572437324123573399e-01,1.024535989904827415e+00
-2.057092561152663590e-01,2.473417339522349686e-04
5.710828631354365470e-01,-7.961993175522635857e-01
6.535848930126267886e-01,2.098711915135150208e-01
9.020735317094008554e-01,5.079180033837445984e-01
-2.383182430251146455e-01,1.185042700037680863e+00
1.228135681827646097e+00,2.220156297729933836e-01
5.559693255398978629e-01,2.169870813325420755e-01
4.881391751226424325e-01,-3.053000910234254794e-01
-8.998393073867481107e-01,1.002790918552572269e-01
6.920619144658547439e-01,-1.030228015901756500e+00
-6.189900781950825187e-02,-1.240858023797773019e-01
-2.168846676922657479e-01,1.085273424951623961e-01
-6.410524464221586394e-01,-1.825561526029811227e-02
4.487945955939401377e-01,2.160375097552844417e-02
-1.473984017075633313e+00,-6.525356014913895608e-01
8.335333798617025483e-04,-3.052352821076621536e-01
1.086000588272561851e+00,-7.689975828917020584e-01
6.695879935777049319e-01,-3.965045412535021518e-01
1.012220078282534796e+00,-7.491959648107974212e-01
1.486465858505087688e-02,1.232347819767435210e-01
-6.337023917932550487e-01,1.079811918808038174e+00
-4.613073336455428275e-01,-5.844554419988057248e-01
1.456014687559922693e+00,-1.025067672930810858e-01
-4.688513234648829520e-01,-1.017926601474011372e+00
-9.097755998099710251e-01,-3.933715871933529673e-01
-4.544542004280049258e-02,2.222127398529526454e-01
-9.528378538701752498e-02,-6.228116072118751179e-01
1.109044488007767004e+00,-4.810110640930406051e-02
8.331130805702965381e-01,8.265774799301102149e-01
9.423851865131429584e-01,-8.783936926618144403e-01
-7.881118115584853090e-01,8.905532200048879229e-03
-7.856040517342399720e-01,1.556967679773098856e-01
1.364085555761191726e+00,6.480432270597092925e-01
4.562651233929392730e-02,6.969693409907821990e-02
-3.863016292669302909e-01,-3.986071287980210154e-01
1.524175585898071839e-01,-2.564145475611960823e-01
-5.235727925093883739e-01,5.441012789258655724e-01
-1.281295043840774139e-01,-1.527030924556192160e+00
-4.789772797379897029e-01,-2.295919280358205694e-01
2.588635630880983807e-01,2.013543133642346494e-01
-7.985250121402780454e-01,-8.504827343848245791e-01
1.762835051485861060e+00,-3.535649011119238461e-01
4.383878707526945306e-01,5.529743701749033624e-01
2.217430708551695051e-01,-2.396186525490241470e-01
-1.272036740271298871e+00,3.407175825430581728e-01
-3.369325081003912703e-01,1.999550628444689004e-01
-8.101585764086479680e-01,2.978848626015275780e-01
6.541282249384224867e-01,-7.161118427589672208e-01
-3.851115804941066534e-01,1.626277181627141522e-01
-9.237342759080063859e-01,1.837245570995388322e-01
1.976493013664910869e-01,1.307554741135858345e+00
-1.358365181791047815e+00,2.491697518083064444e-01
-6.381497403638345389e-01,-2.361428252727106880e+00
-9.271191260338180751e-01,7.335819774847878172e-01
-7.420564653331569449e-01,7.949730342796090810e-01
-6.715157342590467593e-01,-1.330216285063020143e+00
1.515219637500909294e-02,-1.913137765619255526e-01
3.044795728146940106e-01,7.821494969136760789e-01
1.154853564846219649e-01,5.836094769410071770e-01
5.479582912469385114e-01,-1.260858961109045939e-01
-4.450249053088572992e-01,-7.051030590458666480e-02
8.077253278602720965e-02,3.734038843153600351e-01
6.608860186588747521e-01,2.445216770576774112e-01
-3.425643490697707350e-01,-7.751003422940268006e-01
3.408734369340130632e-01,-2.377282417111474533e-01
-5.879353843490527920e-01,6.164044623097576503e-01
-3.261482120176494859e-01,8.328518399327117239e-01
3.035478857098097838e-01,7.808567221741180564e-01
-7.307134556375277645e-01,-2.321365559520561783e-01
-8.607576274136337080e-01,1.388534704073725257e+00
-1.136480604022168522e-01,-4.959407675425774875e-01
-5.474832464514817199e-01,-5.482711363596067811e-01
-3.728312685572022223e-01,5.353923014592582019e-01
-3.076338748835185100e-01,9.915902143541587277e-01
-6.265219244377797647e-01,8.999275828825499257e-01
-8.420407776569226455e-01,4.771302073244608200e-01
9.580999195335310192e-01,6.087375470275034894e-01
-1.008370201433742563e+00,1.899108915956983223e-02
9.513105157474281981e-01,7.838246184351632673e-02
-6.923784800667640571e-01,4.125962041078941600e-01
-2.888804684529369671e-01,2.000067831267967611e-01
2.127039843649759288e+00,2.070921978294323895e-01
-1.138092003108686912e-01,8.412882924047324629e-01
9.682207862928146058e-01,2.466809093648743012e-01
4.123724099974956925e-01,-2.820823188370023549e-01
-8.088179989675838844e-01,-3.272008859800252245e-01
-5.350811592438325937e-02,-3.849307405512087943e-01
-1.708801379249882957e-01,5.978337067237837754e-01
-5.383648605653055252e-01,5.717284831952861301e-01
2.935909419188901248e-01,9.661552544099177853e-01
-1.194824917885461746e+00,8.960102437781585216e-01
7.462521232653684944e-01,-1.243076036500483594e+00
9.197970851024916961e-01,3.799914530699451398e-01
6.619934402828523412e-01,8.592496363183725894e-01
5.854448372695150171e-01,4.489053489033104083e-01
-9.538265143908667421e-01,8.278456195149523911e-01
3.420097819070123113e-01,5.410504358791560220e-01
-5.414737835870012672e-01,-8.143434695116178457e-01
7.646674293312634152e-01,-5.390436302345708031e-02
7.800654407317053618e-01,1.279475580800177203e+00
-1.294518028925616404e+00,-2.211941428949154020e-01
-6.747720063021205306e-01,2.410676666638399968e-01
4.336191123529440500e-02,2.002680771584394170e-01
1.261758994011546342e+00,-1.410816932044844707e+00
-4.782823316706407146e-01,-9.018048510998629697e-01
-5.557332787545049557e-01,-6.175581387176251602e-02
5.122643609335488790e-01,4.040738311407741645e-01
5.736038014684332609e-01,-1.491038252679413700e+00
-6.980598295316151614e-01,3.750769167379599534e-01
7.978269209106184645e-01,1.292915666942414887e+00
-5.903774953559967065e-01,7.226640327622592119e-01
2.277111042219761294e-01,1.669418677508014426e-01
1.125615785805238467e-01,1.159974575629914906e+00
-1.133704408602475011e+00,3.238985974983983884e-01
1.030298022013421688e+00,-5.422918434411324595e-01
-9.287390581864836403e-02,-3.548400165607533685e-01
-9.112486195351936491e-01,5.078426448313657637e-01
-9.141029090722054828e-01,-2.738540814315704175e-01
-1.504106738993608472e+00,-3.187112544522394675e-01
-3.024058044650900223e-01,1.947686856930873178e+00
-1.217587396790773546e+00,-3.198703625417920193e-01
1.320123365934565141e-01,8.946893332978703706e-01
-6.991916869014198899e-02,4.267865907162569084e-01
-3.195166343404152176e-01,-1.599820050834978649e-02
2.616186364603915737e-01,-5.735944794870841135e-02
1.048977133637421622e+00,7.312438290410254726e-01
5.163863664192402947e-01,-2.370469068929067225e-01
9.722119636226873585e-01,-3.587709128663679192e-01
-1.606352625320421224e+00,-1.317645859211804993e+00
-1.817742658030923941e+00,-6.196567705050853858e-01
7.123140105973561065e-01,6.071516882450938013e-01
6.887786102192562376e-01,5.402046496027023137e-01
3.426292629105011089e-01,2.853361309110085120e-01
1.562470444126718983e-01,2.385178540441567352e-01
1.495000350184924331e-01,-4.151411348344226093e-01
-1.891125196936820907e-01,-3.902091010678753746e-01
-8.766440069192397155e-01,-1.576551276048017147e+00
-5.525007429061395969e-01,2.805652941646383791e-01
-9.453385521608960174e-01,8.192896101050151092e-01
-3.826414008445593873e-01,1.018041722841679597e+00
1.137949288079671106e+00,8.920261968896023852e-01
1.886655413663215208e-01,-5.271252645762778410e-01
-9.047366370649858602e-01,-5.356117956832638916e-01
9.063820336761559959e-01,6.391429527693437418e-01
7.781953690414904479e-01,1.189015488127057180e-01
8.495664043470591009e-01,5.608605143697958928e-01
6.495909168117171006e-01,-1.063850685368132876e+00
-1.688253265787988122e-01,-1.175886901853588684e+00
-4.856854648955040155e-01,2.876111442582093489e-02
6.450861719317761978e-01,6.167112196660954337e-01
4.385931625034906745e-01,5.996903531006708699e-02
4.295284344276310007e-01,7.841927673955023659e-01
-5.379286457001558608e-01,-1.943544418129383944e+00
1.365267821728178621e+00,3.561440699846083469e-01
8.418797962967760062e-01,1.168186801489772497e+00
1.002106021788506940e+00,-3.356716928842802261e-01
4.467386474641797944e-01,-3.846519653206017519e-01
5.005920720838223925e-01,1.208503627615880593e-01
-4.690879139850201995e-01,3.295656209715169815e-01
6.285786656660352634e-01,8.776860417250196278e-01
-6.284657414648843199e-01,-1.256262197741863984e+00
8.768336972057745315e-01,1.656394046618945015e-01
-9.169619916793831926e-01,-9.023371230095919016e-01
-1.828991609064221757e+00,6.898014541264219091e-01
-8.958912437089945613e-02,8.339639557733271591e-01
5.353099699649646048e-01,-2.062979703706902812e-01
-5.001255032157853053e-01,1.591088347536947278e+00
-7.661311725081185742e-01,2.887241724604177051e-01
2.424725643149603094e-01,-1.290471797128938114e-01
-1.714154108916634001e-01,-2.161360699845381594e-01
-6.548037928982944900e-01,5.503383288769363446e-01
7.104311866740472547e-01,1.108370079469150338e-01
3.094359687398771097e-01,-1.635361054804121084e+00
4.104431799544758785e-01,6.885369819952450454e-01
7.255523553074534338e-01,-3.952040689341410062e-01
5.703198059576100043e-01,5.305684846496713236e-01
1.020187825840093598e+00,-1.167265003817585800e-02
5.907476602962964396e-01,3.124501896439842996e-01
-5.364052209249434711e-01,-7.070186078274061092e-01
-4.422524796124676083e-01,8.146610651353463073e-01
-4.877407106864593000e-01,-2.837293910403791419e-01
-4.056893392141001087e-01,9.768920477582109241e-01
-3.122972115246044345e-01,-1.337723835045157017e+00
-1.052895280524482891e+00,-3.645401791826067273e-01
-4.300182909160791822e-01,3.933784663295958328e-01
3.959618235321575863e-01,-3.264829481949185763e-01
-6.810167902814522334e-01,-5.018384024345894368e-01
1.050436866553465382e-01,3.957404503142283314e-01
-1.169953509235379885e+00,-7.688410882004491631e-01
-1.351166920882970413e+00,-1.478820933869904597e-01
7.444366605789526359e-01,-6.184365042499243570e-01
-1.776883355436386647e-01,-3.585402863913351723e-01
4.606507787694094636e-01,6.550100404355780892e-01
-5.293834846788008086e-01,-9.721615290585625679e-01
9.321693015741523425e-01,4.541845515477310746e-01
3.809775179923556854e-01,-2.601686538763846035e-01
4.696597439361397397e-01,-4.429257234333203730e-01
-6.419892214591730317e-01,-1.926004167449797633e+00
1.441329266727327862e+00,1.693569894757003702e+00
1.044634011236196258e-01,-5.547106394222918180e-01
4.898749445741562569e-01,-4.901229607872264471e-01
8.611897121808256284e-01,1.043360485036024965e+00
6.278234574567198578e-01,3.089323237026155855e-01
-3.379873431894236946e-01,-8.643225519808398483e-01
-1.007846359151728516e-01,-4.741822856655871637e-02
1.458692876731062238e-01,-1.246668952692420312e-01
1.531870786196712908e-01,-5.261712882155619164e-01
3.771925616794121194e-01,-1.343324797790555358e+00
3.052073243767224331e-01,3.162444004917634444e-01
2.430618974927230627e-02,3.588235283355843408e-01
-9.908361129274283474e-01,-8.380177115276372657e-01
-3.840900170751365000e-02,-3.899769586384098097e-01
-3.296744890682608009e-01,-7.419940415929612287e-01
-1.915981554273173959e+00,-1.801552811234754803e-01
1.781592644916860091e-02,8.065070559297887742e-01
4.768002734752921357e-01,1.293371668605456382e-01
-4.532883987976010220e-01,-1.145007956230145618e+00
1.178958925358773557e+00,-9.189191765629148856e-01
-2.766375936214127695e-01,3.436258898606581180e-01
2.902006045570144632e-01,-2.354721410623568656e-01
-1.017654182304384314e+00,-3.012165817565138487e-02
8.688956658781942233e-01,-1.823840202767742780e-01
-3.077998988959696480e-01,-1.047354359191350115e+00
-5.009115337528596834e-01,-1.165217822068772141e-01
3.618466106140141858e-01,-4.231957292277565008e-01
-1.390380338131860793e-01,2.057573828801682603e-01
1.165739392343017933e+00,1.780795984482075323e-01
8.492599773918200201e-01,-7.219261647452914765e-01
7.468141210706633060e-02,-1.285426081979655077e-01
-3.991064664187830013e-01,1.096156032294051563e+00
-9.991012832698936696e-01,5.040069650650197408e-01
-7.105650523722309431e-02,8.672606718580842811e-02
-4.276933933535546073e-01,-4.285256470810243079e-01
-3.940131044420659978e-01,1.768159456287852427e+00
-1.327156432439128508e+00,-8.820784222833658594e-01
1.565933044553611042e+00,4.949699622752953831e-01
-1.305903374123843497e-01,-1.099223270995349361e-01
8.283873462381109443e-01,-8.842768849332081071e-01
-1.154708937358411402e+00,-1.384585932511861905e+00
3.867521109823408021e-01,-1.448353199158538773e+00
1.214704028908455413e+00,-2.991965629890906975e-01
5.143982752628784016e-01,2.351399746121261569e-01
8.752328995118697774e-01,-1.762791951241798605e-01
-9.106323667767662888e-01,5.693609443078905263e-01
1.268384558200095491e-01,2.878547626447691132e-01
1.035017665270873410e-01,-1.108728400949111625e+00
-2.089482231611994312e+00,-5.250952396891629403e-01
1.037112116877612067e+00,-4.221370835719306380e-01
4.339701826334416146e-01,4.734668498904964218e-01
-8.340176422912598531e-01,-1.040628512157705687e+00
5.476570093129925348e-02,-2.052502911704381372e-01
1.143361471427831511e+00,9.571852610428919217e-01
-2.914262908740012370e-01,3.010000038377777520e-01
-5.996815693247211643e-01,-2.574911171608495475e-01
1.537984111586403024e+00,-2.371660490741992477e-01
8.692999432491024248e-01,-6.957814420934325117e-01
1.993005681305368981e-01,4.033977346509062811e-01
-1.063117158025003839e+00,-1.337037890268568896e+00
-3.337096928464741152e-01,-1.108099413611634665e+00
9.039243004341080967e-01,-3.465733358477264270e-01
-3.456453209830348539e-01,-1.100420582529280988e+00
3.524325248198005300e-01,4.264203854887751444e-01
3.968314462014728150e-01,4.126401069761833629e-01
9.657105338937147510e-01,1.587277219591096911e+00
-1.731108390949559483e+00,8.175346339849012822e-02
8.290594261631221151e-01,-1.019810467594343545e-01
-6.263559121486664827e-01,8.642516751055165924e-01
-8.131273998846072493e-01,-1.185831373625865659e+00
1.164051531246655113e-01,-1.502404515109757865e-01
5.162306302196298935e-01,-4.156299537865248417e-01
1.573873582074600375e+00,3.221546760440670010e-01
-6.987591234853137712e-01,-3.799112963398851295e-01
-1.084913843603458217e+00,-5.014029530155000858e-01
-2.047544821535934645e+00,-1.651550666274131274e+00
4.568411055757714556e-01,3.190760173631751462e-01
2.295997844889694772e-01,-8.594187913710809035e-01
1.520206441654232132e-01,1.760838463109000829e+00
-2.054748555941442179e-01,-5.435208647269496041e-01
-1.453299995946266687e-01,3.834975486734799044e-01
2.566593271842773638e-01,-2.553952539004747391e-01
1.108691361848324286e+00,7.423641949619339542e-01
8.523827375373510540e-01,9.278335122974841198e-01
-9.580805829598253165e-02,1.690979037705076848e+00
1.129511489524939627e+00,-4.505697696691724485e-01
-6.826312097412873259e-01,3.059577169388654205e-01
7.805684668906531787e-02,-1.637800815003672859e-03
-1.692506665212608896e-01,-1.346087312007482772e+00
7.008753907646627646e-01,6.754894055317685053e-01
-6.374803516822377114e-01,6.916589501987968625e-01
-8.082926576636050298e-01,1.211023547794744859e+00
-3.023275136856161671e-01,-6.977749594282456336e-02
-5.540136508826537520e-01,2.616066622413866782e-01
3.063682592734134347e-01,3.801951355232278118e-01
-2.777625316909323461e-01,-9.517526597656013054e-01
-5.497087970769999332e-01,6.166289833126776809e-01
-1.133471638513682267e-01,-9.794428014530552895e-01
6.373374617106900564e-01,-5.148587766220376338e-02
-2.068885118149059732e-01,6.570181350556937305e-01
4.742525313177420876e-01,-1.855307301964275180e-01
-1.533785301256929801e+00,1.155118599778665711e+00
5.044875900767094024e-01,6.034049776966831091e-01
-1.061133216535566914e-01,-4.874795610433554222e-02
-1.263455880037991641e-01,1.046024753256535433e+00
3.023243156312385160e-01,-5.260205502648293008e-01
-4.058752798118713256e-01,-9.789035124527966092e-01
7.866120121186510883e-02,-7.944828480585692798e-01
1.087391696202698821e+00,1.471617543704084596e+00
-4.053494122020315227e-01,-6.778488937088372746e-01
6.749357085014092705e-01,-1.832155207918269912e+00
2.780862270780543599e-01,8.987970377784950671e-01
3.615749340427833469e-01,-9.711897478459680447e-03
-5.661467708629803752e-01,-1.115054851860791008e+00
-2.965142699916634150e-01,7.932425228416640772e-01
6.877240341684176528e-01,-4.301677786454534691e-01
-1.196556726822137318e+00,7.868190653712380245e-01
-6.709297706519015136e-01,-8.377451988624667889e-01
1.088546904302259725e-03,-2.519748277769634504e-01
4.708563549067636411e-01,4.296896725420629864e-02
-1.771328374182707666e-01,3.650739371993476645e-01
-9.548303760398311191e-01,1.352768663576428276e-01
6.047102656383414043e-01,-1.356776227754805886e+00
1.878810107398309615e-01,2.935293209684801119e-01
-2.840022929693164500e-01,-9.525736438826593044e-03
4.168002207888882871e-01,1.528288930070082451e-02
5.546599669898724105e-01,8.130538818612468299e-01
-1.094265295436644553e-01,5.318470860534503242e-01
-8.751800141156715340e-02,-1.193368726000476610e-01
-2.715236164827070087e-01,-8.815197407350943148e-01
7.263426563808449421e-01,-6.239005976415624294e-03
5.148306738250069126e-01,1.766007416499447702e-01
6.406982695315935894e-01,-4.742525155516044005e-02
-2.900487773080345777e-01,1.186811120960894250e+00
-4.521583527734971963e-01,-1.210855696979331375e+00
4.354597525046367545e-01,4.257237332877547575e-02
-1.161413482236524297e+00,-2.312894662450033223e-01
-5.790291256857390545e-01,3.642672002941949039e-01
-9.521288032743577823e-01,7.255339647969463179e-01
5.820521109270584414e-01,-1.579680942183680381e+00
-5.503443023232951203e-01,-1.280952902280169392e-01
-1.463828240994325680e-01,5.191682964415053059e-01
1.712733123414742487e-01,-4.612918779772328670e-01
-1.677681857852765690e+00,2.271456786897968830e-02
4.637949884797714639e-01,-8.519063861402084714e-02
-8.165294246779898346e-01,7.421971469333997762e-01
-4.688081704996104326e-01,5.293418237675753257e-01
2.874927415220948634e-01,-6.954951836348377547e-01
1.268240679213837652e+00,9.727239652571278983e-01
1.003903017299231787e-01,-1.719048233090121114e+00
-3.052282106908339454e-01,-6.868915228852261468e-01
1.588145616281822381e+00,7.999377117974597329e-02
-1.105107245595798204e+00,-3.641293871121810688e-01
4.021373585604092749e-01,-6.013230279913795995e-01
8.214462096684883585e-01,4.468160955290565450e-01
-2.656073855344570633e-01,4.531196987360591039e-02
5.999982832476603578e-01,3.856942027230889636e-01
1.052089813139352570e+00,-3.915885199950523421e-01
-1.127772005353074647e+00,-1.074096879096020363e+00
-6.723317675705636765e-01,-2.119820322790648970e-01
4.357583212446576870e-01,1.938614298104060496e-01
1.013262445049159410e+00,-5.522201135475532929e-01
1.425471793087072503e-01,-7.173608253942287405e-01
-6.657889300310332326e-01,-7.864094161939344518e-01
4.055413544183972263e-01,7.190110660657764718e-01
2.978141184060957916e-02,4.467469324930603558e-01
-3.969349393851819841e-01,3.322561149018481430e-01
1.394900261706770062e+00,-1.068699553909696204e-01
-7.272441263646630683e-01,-1.001675723830549813e+00
-9.747578444754271265e-01,-1.768190548963405773e+00
-4.301247206413857938e-01,-1.716808775725639225e-01
1.045012295074002062e-01,-6.101970636589799657e-01
6.889688993067231149e-01,-6.860047663678038310e-01
-4.865098361659314641e-01,-2.167844296477056787e+00
6.454662928014577306e-01,1.583718544432650699e-01
5.532763019186875963e-01,-5.165011602217961517e-01
-1.135962244404549626e+00,4.705399390087494638e-02
-7.574906965185772556e-01,3.358459072295617576e-01
-5.330961457925533775e-01,-3.461176251014420613e-01
-6.660503447327232873e-01,-2.886369740363153302e-01
-1.265919429979703636e+00,1.101537599737819839e+00
-1.517088240687110567e-01,9.197984463733154259e-01
-1.906263534520643774e-02,1.025685364304945724e+00
6.481321197256213751e-02,-1.091202256530607650e+00
9.609759612930492967e-01,1.098475555836570416e+00
4.059757167254426230e-02,5.478507582159861666e-01
1.305465390649690915e+00,2.776305390154378272e-01
-1.703667658770493087e+00,2.345828349164183202e-01
4.095897154603724832e-01,-1.799853007861368148e+00
7.239743404261643756e-01,-2.253019333713125461e-01
-1.214441641729850030e+00,9.715292502342078862e-01
-3.717568019958051306e-01,7.073972117462881126e-01
8.522317475655166730e-01,-9.072273620795698879e-01
-1.485265479537497990e+00,-4.849265343415692930e-01
1.935262130503533351e+00,-3.724117821462927802e-01
3.934215048440298235e-01,5.798313263739874879e-01
-5.608770684382888838e-01,-3.313752244895600829e-01
-7.736358060219478139e-01,-2.128772033051080370e-01
-4.285087709024398839e-01,-4.941176920242322801e-01
3.173733656695983396e-01,-1.934210794757210139e-01
3.160544019399139093e-01,1.962717504172244443e+00
5.028482711395787508e-01,-4.592322413995137409e-01
6.258954951324817717e-01,-7.103749902481560907e-01
-7.323185111429065808e-01,-2.875700718015200552e-01
6.313972056583572190e-01,-8.711799760371861101e-01
5.196110256525788840e-01,7.280447310469679856e-01
-4.180479853318005978e-01,-1.499553044779514399e-01
1.210788638646297599e+00,3.803844303878043953e-01
6.907968998741828015e-01,4.967458713457450353e-02
6.189092638453128625e-01,-5.281033762778132301e-01
5.113335535493244155e-01,-5.643842782744175057e-01
1.485687569805523633e+00,-1.853358824863940088e-02
3.879191018250348066e-01,-3.502752396828933690e-01
-2.336764590836971078e-01,-4.802572878378233434e-01
-3.352914924604844527e-01,9.138047869976306803e-02
-3.665191733794515017e-02,8.468551988604068326e-01
-2.669343775404218189e-01,1.233643021476556356e+00
-5.281128920015774192e-02,-1.197209274929575074e+00
2.427671951397056826e-01,1.250783734929130919e-01
-9.625501441877062359e-01,-6.318696293335721026e-02
-8.627199454283861479e-01,8.646361687660631956e-01
-6.717407064950270401e-01,7.373270665573489202e-01
-5.306506098091248180e-01,8.631196473402109604e-01
-3.338587288960191968e-01,-8.816077782817061115e-01
1.114388175823799315e-01,-7.195240394033668441e-01
5.246388954574281449e-01,-6.961607565670515640e-01
-6.024499568056497223e-01,1.500244320408807008e-01
1.765115012697604513e-01,1.092704994169163557e+00
-3.032138718689610934e-01,-3.016970531845239445e-01
-3.547738246034987664e-01,1.142140072912409786e-02
6.068869051866545572e-01,-1.327231391581990272e-01
-5.435086784972584933e-02,-9.444329426373968550e-01
-4.539529227183211058e-01,4.811232330894820580e-02
-1.542472159384213337e-01,8.467118089341472142e-01
2.226020768849732712e-01,2.393622926400264528e-01
-7.728093707443943472e-02,-4.255487096283505632e-02
3.043754949614811411e-01,1.400240494834378069e+00
-3.374456657440537133e-01,2.882484114844708900e-01
-1.966446491670012786e-01,-5.682572215950251193e-01
-1.341146557535516093e-01,6.001859099637246731e-02
-1.857690244665785306e-01,1.502127288003873407e+00
5.979798753358928076e-01,8.623036507110471982e-01
5.032355765304405981e-01,-4.590431605535513770e-01
8.946721581647664179e-01,9.615398391818857915e-01
3.004439135204729494e-01,-7.797830587848082751e-02
-3.507865659221427457e-01,9.875403709826482412e-01
-5.455998927655416608e-01,-4.085071183966594854e-01
2.008195574432088681e-01,6.097687416101258556e-02
-5.431708996852043780e-01,6.226930380508288038e-02
-2.610657326586313665e-01,1.208627904550060306e+00
-6.275335135162732336e-02,-5.806058857133299458e-03
-5.458110109153540002e-01,-6.944045052434230092e-01
-4.116248738678537356e-01,-9.483952978355607577e-01
2.960252077412743876e-01,4.380446673045896439e-02
4.269179693389121844e-01,-1.164792011646198278e+00
-7.495906184079564882e-01,-3.323384848590997531e-02
-9.589799504011113640e-02,-2.844789637875692057e-01
-1.477368846756699494e-01,-9.101545409610863890e-01
6.092598218853160219e-01,9.814318353618455282e-01
2.539811378164517630e-01,7.870515922106390283e-01
3.951322239495078104e-01,4.827253779833013958e-01
8.400338528322484066e-01,-8.802681956676918773e-01
-8.098617299432927519e-01,-8.209418172029605554e-01
1.131242948438227147e+00,-2.218955939922016285e-01
-1.305391864907250676e+00,-6.823363379135313211e-01
1.016790327616200695e+00,-8.756724007639173912e-01
5.607411208245043355e-01,-9.817928503610383606e-01
-6.418106771713733005e-01,-1.100221684485419155e-01
5.552091286637937939e-01,1.485584105086689560e-02
-1.695390746500846646e+00,-2.353241858800377354e-02
4.165883752925836347e-01,5.935597411322738326e-01
-2.570508583509825695e-01,8.023764174555469975e-01
1.221927318619041136e+00,-5.470499274724519578e-01
1.252266412886939573e-01,-8.100034936620066350e-01
2.222998774836415226e-01,-1.306200480388651552e+00
-9.656349422599577181e-01,-8.245886957405653694e-01
6.497900510161082055e-01,-4.134516367728858222e-01
-6.302378656035450000e-01,1.148605421589668607e+00
-6.275819263763148248e-01,-1.955275992012479147e+00
4.347976129367898679e-01,5.831058724633348955e-01
1.265403850230846450e+00,-5.468898138731592695e-01
6.325654876256594505e-01,-3.477568127845295787e-01
-2.990601634066320513e-01,-1.864319644493943051e-01
7.145985526356443129e-01,2.021965805371509772e-01
-1.013517973771335817e-01,-2.591818914919200578e-01
1.338554585647287354e+00,7.130725232205823438e-01
-1.180209259109116227e+00,-2.271903327602377287e-01
-8.637572918784758302e-01,-1.010858403741412559e+00
-4.663651200933258689e-01,2.169895333944092952e-01
2.198702614440255568e-02,-5.166213560112795783e-02
-5.116839085060629344e-01,-6.822395799581962850e-01
-6.473794742496303822e-01,-1.295741794004650060e+00
8.016825073308130323e-01,4.587357769441600674e-01
-2.589063167055167369e+00,1.677382132234576384e-01
-4.541770960899329523e-01,1.124100915270988654e+00
-1.246216878153258767e+00,2.768203244386190920e-01
-3.975865321192556534e-01,1.779646244378093323e-01
1.373341447954244954e-01,-2.505046158319358951e-01
6.790878524359608148e-01,6.878208178700770947e-01
-1.140214858841271051e+00,3.839796780864933590e-01
2.773698008879401100e-01,-6.503678080852156596e-01
-3.035761728042317698e-01,4.249177179292065176e-01
-9.138832367569560411e-01,-1.404314324152468839e-02
-1.434753321132354598e-01,9.941247089060206710e-01
-6.309683233584486572e-01,-5.663334906731942731e-01
1.211571969410522920e+00,-4.686345296363949031e-01
-1.045043621532290440e-01,-1.218145681416647808e+00
1.042490415526980962e+00,3.795440456758632508e-01
-2.010422353176810617e-01,1.012110247410744179e+00
-1.461850731561795902e+00,-7.775203191906422395e-01
-1.208381629666340995e+00,-4.700096453387682116e-01
3.390486817303427491e-01,-7.923447414394754196e-01
-2.718927472433384507e-01,6.774133390485503892e-02
1.108420915277867902e+00,4.526983696060045137e-01
9.290098639986152929e-01,1.056111255633540233e-02
8.508520768437606296e-01,1.289359586922196765e+00
-1.109424685113613807e+00,8.534261519079243685e-01
-5.590682634480357294e-01,1.179421116754372667e+00
-1.182465983415365685e+00,-2.588124852875194892e-01
4.847784043920478902e-01,-6.198954161427590037e-01
2.139011516089010800e-01,1.468952363760133384e+00
2.310784315298750058e-01,-5.983202560670679571e-01
2.254944946161898112e-01,-5.821124481632833358e-01
-8.900144680200517966e-01,-4.369719357009792249e-02
5.410415071564083078e-01,9.281174008885542670e-02
6.199674380591414513e-01,1.058209355793012119e+00
1.546499169868694457e-01,1.280626261212863604e+00
-2.948635161309351785e-02,-1.019607287890247731e-02
1.111500461060088707e+00,5.213233011094183800e-01
-6.097143755513224628e-01,2.239423026840435538e-01
-1.239241866499956934e+00,7.675326910795488011e-01
-8.819749705793571426e-01,7.896266502806658094e-01
2.099356553353005084e-01,-1.161610384299471832e+00
7.838300990765524334e-01,-8.029660833407054055e-01
-2.369519563600198664e-01,-3.133089795034780245e-01
-1.492464038813241523e-01,-8.434127085222231646e-01
1.112789843908457144e-01,-1.112169597946025767e+00
-2.765020449470326769e-01,4.364304279636848638e-01
6.961197691013026878e-01,-4.620146940112884043e-02
4.622748431030861971e-01,-6.795859136344575280e-01
3.231902785624880536e-01,1.404219815101022562e+00
1.497137253861136053e+00,-1.754978243537323568e+00
-1.212858818252055215e+00,-2.350586314635352836e-02
3.990784082730876037e-01,-4.621645802676871417e-01
3.076996756475195993e-01,-1.572446098809644754e-01
1.605118838925515989e+00,-1.199759055429704402e+00
2.503266901986729298e-01,7.891976492696936019e-01
-5.361555904278548779e-01,1.408271789458161560e+00
-5.740329254495848410e-01,1.869575136938391446e-01
-8.948984374713745416e-01,1.290330212957735645e+00
-5.961783661190583894e-01,2.772269349275689465e-01
1.158013496467225900e-01,-3.540734871952902485e-01
-8.765704518690057290e-01,5.711412137273141551e-03
1.052655069938285948e+00,-6.363780230471671739e-01
1.345066309410745398e-01,-5.015372931558406133e-01
2.417101972984004032e-01,3.748398642681867177e-01
-6.722735459050197537e-01,-3.313906697325466610e-01
-4.664545266168386162e-01,8.069937020508795023e-01
1.496153610483401675e-01,8.393808702200161731e-01
5.475566847666807346e-02,-1.216595416218616110e+00
-4.165794276647519778e-01,1.302565356013498654e-01
4.771258490161262716e-02,-3.800488028782603167e-01
3.466822235827233811e-01,-1.059542845443260495e+00
1.207486198830101998e+00,4.082407887276024994e-01
2.951365744937236094e-02,2.878835554592923396e-01
5.289214246964236699e-01,6.482634450372852797e-01
1.069358673623511224e+00,-4.016486719666786387e-01
4.185503494786024237e-01,-1.517268036702858480e-01
-4.610000591260782765e-01,6.603221827224198259e-03
-5.416243097355005753e-01,-5.393668497688849234e-02
-6.342298640112160879e-02,5.853260369456434464e-01
-6.988018687848247534e-01,3.530720430907300922e-01
-3.875980144946201689e-01,3.131933294595251049e-01
1.022619810997153378e+00,6.909111409616744970e-01
-6.471369647064958430e-01,2.090181600367453374e-01
-9.428193749659143919e-01,-3.520207466624059034e-01
-4.976372202827094582e-01,3.101865612080520473e-01
-7.504466621093491829e-02,4.732497628287539171e-01
-4.308946137295319861e-02,2.427430826260688623e-01
-6.597495613108299573e-01,-1.203239607695834323e-01
2.633011878129422056e-01,-6.538208156724366615e-01
-2.455040800281907964e-01,5.451898083706702147e-01
-5.610383372900505927e-01,-3.510183643653429497e-01
3.127151033464664054e-01,-1.951108838751484664e-01
-2.983788773397622052e-01,-4.347301536571712144e-01
4.159722957704170554e-01,-2.675406457706760444e-01
-1.259873264079620636e-01,-1.177925153554425064e+00
-3.681093718130159509e-01,7.763455410927022626e-01
-1.270517003170914760e+00,7.735040540570243817e-01
1.802846430664959976e-01,3.360968586386705592e-01
4.827609270475118342e-01,5.342431420128439523e-01
-1.097168938659053072e+00,1.259422294065653813e-01
-7.530509306913307777e-01,-2.462597293221491790e-01
-2.069324413472427640e-02,7.370141086407496767e-01
-1.748883567453689836e-01,7.343562548294615966e-02
7.366830672867730190e-01,-1.734054452161665427e+00
4.155324541722124621e-01,3.996911151614555013e-01
-1.883625136756547525e+00,-4.818642385621464408e-01
5.422957876361980123e-01,-9.879682315164726170e-01
4.329313345541154767e-01,9.151341529613311598e-01
3.739655585976298102e-01,1.112211392229527779e-01
-1.735697758809192639e-04,-1.881048994752585468e-01
1.735330437438880324e-01,1.295912275237049105e+00
1.022831670968707751e+00,3.746561911593932481e-01
-6.814521062339602420e-01,-8.407732300362572575e-01
-3.297798062523968343e-02,1.048860885436705193e+00
3.435153314317546114e-01,1.757305361555098644e+00
-1.296394776864121301e+00,1.509379599394278237e+00
-1.191026870469879206e+00,1.019795508476370793e+00
-1.610092956162957778e+00,-3.118772480148929160e-01
-1.258843499537479094e+00,-6.436719946129484393e-01
7.117462199722387473e-01,9.882309038989406380e-01
1.009661807032651959e+00,5.076211321218804251e-01
-5.801213062977415846e-02,-1.864459010247859538e+00
-5.082708584758032222e-01,7.922060460466596732e-01
-3.905394739498131429e-01,1.404978469225651172e-01
-3.208115411307480014e-01,9.839907738857346653e-02
-2.759547384619143173e-01,-1.019749034652175368e+00
1.053725790906097526e+00,4.921909548513417887e-01
-9.314983691866962623e-02,3.803686927851508415e-01
-1.004909006620253731e-01,9.237426927363917573e-02
1.091611923127345563e+00,-5.801167334821941690e-01
3.258100430417302240e-01,3.912181729481404441e-02
3.700387922120148554e-01,3.852401766144848416e-01
-1.151431923131130075e+00,-4.940558909881049843e-01
-1.302379402007546316e+00,6.815138268000404675e-01
-1.177668534680679446e+00,-1.031510140377178031e+00
-6.607205321316768076e-01,-6.969197652870118276e-01
-1.241588241935652759e+00,-2.599047024603184375e-01
-8.028077097242979354e-01,2.828749837674527923e-01
1.886146273763429082e-01,2.599664449200987312e-02
-9.399647788833516149e-01,-1.993327425534672515e-01
4.709721178956282062e-01,-1.294878372689834134e-01
-9.910698236282223794e-01,1.299952442230037697e+00
-1.642091723484646604e-01,-1.196714640947309949e+00
-1.126256867628409930e+00,1.450113838875196626e+00
-2.404682340934704288e-01,-4.443887908652344731e-01
-5.475226275695692646e-01,6.387395998165702471e-01
-4.323864637286961576e-01,-1.142194244003029713e+00
-1.003310419863218117e+00,6.856211428121489204e-01
-3.939993559877388862e-01,1.710124120724918206e-01
6.443863776018939893e-01,7.954495391640482582e-01
-3.286505686565753814e-01,-7.029704249080969136e-01
-1.643293264506949569e+00,-1.334749231680887105e+00
1.984990458598192009e-01,8.206422936184112338e-01
-1.416588240387413267e+00,-8.871411790431191768e-01
-6.624924117287294134e-01,-6.430042831135396320e-01
-2.527697243584590622e-02,-1.384915368119373547e+00
-2.843537196088863350e-01,1.599255201845194208e+00
-3.176905086055649141e-01,2.371344441611797915e-01
5.332156473043258016e-01,-8.508146062256952691e-01
1.252558969345902273e+00,-4.655205462720624077e-01
-9.421655662707192347e-01,3.867660210331420600e-01
-6.316057120357190802e-02,-1.217543179732185482e-01
-5.156592581805744535e-01,1.056953500698469411e-01
-2.253785095662280413e-01,4.910168798964295589e-02
-5.453395074017800548e-01,-2.548413313338050989e-01
-6.915600435991088313e-01,2.182468524992984271e-01
-9.410980520607056254e-01,1.687139864763771202e+00
8.152732367398578539e-01,-1.562502492747824545e-01
-9.526999824750818080e-01,2.449404462070074173e-01
5.279345586719377259e-01,-2.080415599561648288e-01
6.913157063884990405e-01,-1.035259503575705793e-02
-8.861536496812920660e-01,-7.280148565024683327e-01
-2.503459443012825969e-01,5.065135106188695113e-01
3.741567718268601905e-01,5.587454695964806373e-01
5.950245801915940991e-01,1.581536500995671668e-01
-5.865707049741265555e-01,-1.293725970166782480e+00
-5.233206902183556997e-01,-1.026779115566610390e+00
7.213574669203881573e-01,-6.986375529410302487e-01
-1.038825418798458911e+00,-7.599207260190887769e-01
1.222972787831345665e+00,1.967947847648852389e-01
3.189744853813305525e-01,1.327153034848808755e+00
-3.893969428060550797e-01,-5.775068825338167677e-01
6.954748046228426128e-01,5.557293058645541572e-01
5.754844514833095115e-01,1.132038532710422318e+00
3.466934761848245450e-01,1.044677410832962894e-01
-2.459308776097228477e-01,-2.648750612955864114e-01
-1.891402665309451780e-01,-1.573296918448932602e-01
9.491851118756534644e-01,-9.252950041075611587e-01
-3.116700881697125405e-02,-1.162371099024908649e-01
-1.062571213201343040e-01,-3.947646146834026259e-01
-4.390981019167061183e-01,1.277231733568618521e+00
3.108392649937798957e-01,-9.092371693648168551e-02
7.361496846578543529e-01,-1.240839764022630076e+00
4.706621374160213644e-01,1.451487744638809418e-01
-9.045998130684160254e-02,-2.127165927637423848e-01
-2.194405862924638517e-01,-8.692130520906420355e-01
-4.232527197061439206e-01,-7.051765074258504740e-01
-2.174434694252224895e-02,-2.514555677823376301e-01
5.040132953826005346e-01,2.689023292715738908e-02
2.008882306186200450e-01,9.846583287752659341e-01
-1.060893692490033846e+00,1.094112233803804235e-01
9.054937639415246986e-01,-5.947375649917560070e-01
4.249786289359331337e-01,3.674693641873699734e-01
-2.865518789038832281e-01,-2.104815440913400670e-01
-5.484205272116802199e-01,4.446762368798831688e-01
8.736600120470630060e-01,3.048985651639462557e-01
-1.542155226078735231e-01,-1.422276506397941009e+00
-1.271187851318469897e-01,-1.094378803689115554e+00
-7.750967269286594963e-01,-7.134944608715799719e-01
-5.876026173738213391e-03,1.020968503500684132e+00
-1.729911506872191251e-01,1.680176444198403785e-01
1.268374416226037971e+00,7.176629059254769905e-01
-1.320206357057350122e+00,1.606831492229927882e-01
5.326861789086035914e-01,-5.587850081420295822e-01
-3.698463073952676927e-01,-1.075007217471452670e+00
-1.779184300074563740e+00,6.225101828978445440e-01
-1.967437805789573613e+00,-1.730271135320467224e-01
-7.532973801818368953e-01,9.854554367673223902e-01
-2.756697918014294757e-01,-3.973190976060240187e-01
6.796257731058745477e-02,9.100479307225677328e-01
2.202235138704738415e-01,2.529261104661307824e-01
7.850996835897158244e-01,1.562554586687090685e+00
5.364691064273664489e-01,5.214928275202058705e-01
9.487406118060282001e-01,1.017994525879044598e+00
-9.985120176662123370e-01,-1.062718976376088031e+00
6.708307029361499918e-01,6.338076812845597763e-01
3.243656157334965373e-01,1.435645692042736066e+00
1.656419498678115276e-01,-1.146451602491040389e-01
3.186273939302836644e-01,2.843652937363139732e-01
-4.451683284875713187e-01,-1.025369927390971547e+00
-8.849101861405126446e-01,-1.072658307264459543e+00
-3.020069687990836749e-01,-2.273950068632287547e+00
6.041880413932274596e-01,1.942180089070999205e-01
1.756029547511548605e+00,-1.695150635496546210e+00
8.817179573855361552e-01,-9.843294510061786351e-01
4.326445712766911478e-01,2.307776743363315064e-01
9.867758725089247340e-01,-1.221196184448170463e+00
-4.638906981552063935e-01,-1.603537053562616443e-01
2.882471577875602153e-01,1.019477889582741242e-01
3.838466084658874178e-01,4.968133174303844268e-01
7.744175133874715566e-01,-5.877698361326314513e-01
-1.266364831579435690e-01,-1.056122769088283370e-01
-9.859228561180507500e-01,1.331499913084255970e+00
-5.113655266232903784e-01,-2.899928647544423518e-02
4.153049810805422570e-01,-3.787751820983016882e-01
5.666638282198564747e-03,-3.300866958883016400e-01
2.331595880536816434e-01,6.833848127331260125e-01
5.542322730701888522e-01,2.194405636707459917e-01
-3.982517564540178912e-01,5.171983145936109860e-01
8.198664208270958209e-01,4.342655199586150094e-01
2.787329810560792986e-01,2.653157147457920750e-01
-1.570312392865833573e+00,-1.065736293951713293e-01
-7.337446872151578425e-01,9.564336787428932007e-01
3.549533484548362261e-01,4.281653972294028332e-01
-4.180850373685982176e-03,6.140753531533847953e-01
-2.120681864606757672e-01,-2.807719565979184262e-01
4.373549770367882172e-02,4.749594405395864416e-01
-3.188080364437093084e-01,7.816830417228119998e-01
-1.074590613585236998e+00,1.767043014288329494e-01
1.441316216425631846e-01,6.653017054657714979e-01
1.324531998781969921e+00,6.433142125272889311e-01
3.367589134926020633e-01,1.364780063949671440e+00
1.634872025395884831e+00,9.137952630653692343e-02
5.384697533028964811e-01,-1.490954318932494749e+00
2.197033508368831101e-01,-7.487059520046810412e-01
-1.204676517627077281e+00,-3.441655342867178113e-01
7.445968596891085201e-02,4.803192161297134000e-01
-1.949530825182492766e-01,-6.620111570152861225e-01
-5.663270390614328909e-01,-7.091347907589991006e-01
-1.488210147971349706e-01,-3.603875250670324215e-01
-3.226346506217169230e-01,-4.988799263765636982e-01
-9.009547174962376781e-01,-1.202329323495454849e+00
-2.863651274450999540e-01,-9.962180315683333287e-01
4.785138701207395373e-01,-7.087960209946746470e-01
1.434142375062267938e+00,1.425900754689795047e-01
1.177795222752789028e+00,-1.704716859508381255e+00
-9.581794481615206749e-01,-1.011112698375749575e-01
1.140935436405588588e+00,-2.816733211198097497e-01
4.135576367073705017e-01,2.314683821671320862e-01
-9.689023284156222937e-01,-2.630101592466128069e-01
4.962764305235461970e-01,-7.755076268654376159e-01
1.139839378274156267e+00,-8.858069286475931392e-01
7.900679500182727910e-02,1.435111775211011631e+00
1.697845262529012467e-01,4.090442248291974864e-02
-4.442548356973521351e-01,-3.481141691988636766e-01
-2.698295272868844297e+00,-2.696697359179892062e-01
3.513167661792980234e-01,1.195187517437625635e+00
1.121475835153669109e-01,-1.021934826430741294e+00
4.094870921929525398e-01,7.041201978078159840e-01
-5.601676879706104506e-01,-2.671522346454915497e-03
-5.483807346062857802e-01,1.705314913944427913e+00
9.229735404459554760e-02,-4.474916466666090664e-01
-6.811166042972807144e-01,-8.192589349903928175e-02
1.470319151611897190e+00,-1.648829237211763887e+00
-8.049140569606746398e-01,-3.852898907966891273e-01
6.781961053980053444e-01,-4.561340248902389649e-01
-7.989130679601261220e-02,-2.616041395700559324e-02
-5.879182077932593176e-01,-8.998965631622268813e-02
-4.787482554028675286e-01,2.164894131432433810e-01
-8.368578121984564522e-01,1.635170151192146371e+00
3.191079204922726564e-01,-4.260736323287062643e-01
-1.019679645238853460e-01,-9.396503583228537071e-01
-1.021838158040870859e-01,-1.652037824026510338e+00
-1.314665529296328739e+00,-9.206092038679236644e-01
1.160289032340305004e+00,4.859627610586921831e-01
2.496042540697769041e-01,-9.107501960146792142e-01
4.147880265108088715e-01,-1.279294441204142041e+00
-3.984333244057737256e-01,1.462611103657161404e+00
-5.886556619990617606e-02,-9.215734055086537424e-01
7.152950684000436432e-01,1.087108824846213961e+00
8.222980115764004783e-01,-6.930257005649345659e-02
2.522155467034333243e-01,-3.186209598873349647e-01
-2.582294052991374600e-01,-9.138698487724312702e-01
9.527105524062667863e-01,-7.336956532599238079e-01
-3.982254344108188820e-02,-1.243421052443595354e+00
8.002034414356890002e-01,4.181570502964424008e-02
5.212452919540968566e-01,8.314949587430799094e-02
2.941739351341795539e-01,9.843989506553348090e-02
3.751436183190948737e-01,8.721135686396004338e-01
-1.039943790869102269e+00,-6.134933919437403071e-01
6.179532941324531459e-01,3.004064583638665908e-02
7.958852007802651451e-01,3.229448740524751282e-01
1.086585129084504775e+00,-9.662429963511065534e-01
5.042927242794156273e-01,-6.015116930807599127e-01
1.205627992397375128e-02,2.428060581147930275e-01
9.658886311386253309e-01,-3.913833397041883710e-01
-1.026154759941711125e+00,1.060417560601759845e+00
-6.907481217301607579e-01,-1.255556567366560294e-01
-7.143794205697390209e-01,9.077483572875202356e-01
-6.036675827687458806e-01,-9.247583612637301498e-02
-2.606336473134026610e-01,-7.921528071457212272e-02
-3.408781783554848399e-01,-4.743928395011239307e-01
1.573036034006474404e+00,-4.851119694522353920e-01
-3.718029169614791019e-01,1.146670899098312102e+00
-1.021960073684731851e+00,-6.953571920080360291e-01
3.901785847151059139e-01,4.607190595377935183e-01
1.762595748462959799e-01,-2.514028331186095033e-01
8.715396276763426320e-01,-3.955810697779348767e-02
2.021457798857095034e-01,-8.649015541761145842e-01
-8.637311766096973376e-01,-2.342997102951820676e-01
-5.941312828522764544e-01,1.741614622077222452e-01
-2.752509840765646754e-01,7.701468913275026917e-01
7.573785330612707867e-01,-1.490487851299001854e+00
-1.014903298275160876e-01,2.655174650492060362e-01
4.397654799585161145e-01,-2.540552053464852911e-01
7.031742568404303340e-01,-7.645515640401376878e-01
-3.938959175784123024e-01,-6.430509087219951625e-02
-9.658142857355309085e-02,-2.979825167264815722e-01
-6.911090294709411053e-01,1.134477817577395742e+00
-6.609126209194080559e-01,3.163235957046196534e-01
7.562305618171589749e-01,-8.263349358744697115e-01
-4.221844643931124685e-01,-3.695031025383104795e-01
3.898382852213634897e-01,-9.309544438823835755e-01
-6.896025754356015502e-01,-7.623182309374710863e-01
1.215571982412874563e+00,-6.718841999167347590e-01
-1.003785283911347470e+00,8.687544600538156525e-02
1.021287731109536551e-01,-4.093286695615495074e-01
8.569461601367970305e-01,1.347644532661781691e-01
1.791692633196367623e+00,-7.713245700940987715e-02
4.203415090546606669e-01,-2.578725662180819667e-01
6.732650601079025465e-01,-1.199735242066110597e-01
3.082156408315416818e-01,1.022565897414669411e+00
-5.190674448848640044e-01,4.569204264501288693e-01
-1.128607142202724262e-01,-1.188229373312924136e-01
2.953047546163256043e-01,6.527053185180203831e-01
3.153451929650159524e-01,-5.711492902482926369e-03
5.718542709408791502e-01,6.348748001016754072e-01
-7.888732764721102519e-01,4.598759772712320351e-03
8.946970236272728805e-01,7.667724357591695350e-01
3.280309465134221281e-01,1.836626497868011909e-01
-3.499124886609265572e-01,-1.296702859859199419e+00
-4.465073160070579666e-02,1.827013294908773344e-01
-8.689138802434198672e-01,-2.149772788423132963e-01
5.468109961175913192e-01,3.006502863878460219e-01
7.801519215907705140e-01,-9.836157023076665118e-02
-3.147927933911595644e-01,8.008728746115216790e-01
-2.031708636179662027e-03,-6.015603380469717321e-01
1.205202832024338255e-01,-9.571267799679178401e-02
-1.493119671206647736e-01,4.109284255799006691e-01
6.144376875416651673e-01,4.206404135588885373e-01
5.520658652960931390e-01,3.669151639043862767e-01
8.441737742288923929e-01,4.604330216084454031e-01
4.403444629713060277e-01,3.187045369095551361e-01
2.376410063001063722e-01,-1.429180279305871215e+00
9.494452012197122093e-01,-6.843278987259845403e-01
1.178909893165645428e+00,-7.635070703124161584e-01
1.085736351888331175e+00,5.198138474985326551e-01
-5.008182423399550887e-01,-8.025574660464912524e-01
4.361200024049386448e-01,2.078946839150815767e-02
5.064437744939321862e-01,6.698735890902288714e-01
-3.021594147658944185e-01,7.421456504973877877e-02
-5.351431387758310843e-01,1.802744808024499268e-01
-4.041031643046539279e-01,-4.238363432831602218e-01
-1.313904005430779565e+00,-1.710097638081261806e+00
1.313372462348915581e+00,1.172080663648026322e+00
-1.376954647274947763e-01,-5.530639300923920754e-01
9.458759074205876916e-01,-2.004306196666517659e-01
1.253826397999136644e+00,4.182601788549457633e-01
7.782283750205940542e-01,-7.707832169854312854e-01
-1.846713662599555050e-01,1.279392309444266351e-01
4.273904436018322595e-01,4.068374280080306327e-01
-9.553420012701910324e-02,-1.816008411516563670e-01
2.205110024315078479e-02,-7.059076610967898180e-01
-2.382413740636690758e-01,-7.817135658125177189e-01
-3.489189910529301164e-01,7.361774127930961198e-01
-2.618559695664570697e-01,7.964677846910636072e-01
-2.033483970129552620e+00,1.027087789949457486e+00
-1.588879438990443260e+00,-1.102885805191818447e+00
1.723548522189109478e-01,-5.709278760606128350e-02
-1.641256833529871617e-01,-1.802175922547342823e+00
-6.523562615251335961e-01,-4.203308123104486094e-01
2.059969916247741950e-01,-5.061829971099388592e-01
-1.281249494700950342e-01,-7.171715380264250816e-01
-6.389738269277565053e-01,-1.921260428180130153e-01
1.167654210152271471e-01,-9.861614827409523887e-01
