1.019327675892460316e+00,1.043146515553359466e+00
6.273250831701827623e-01,9.647668010475406453e-01
-1.264455055000717421e+00,1.346040536679409538e-01
4.320432845208697636e-01,-4.152089415411537310e-01
9.900783990971527837e-01,5.182698513777221905e-01
-6.390038785137029942e-01,-9.987192909874832436e-01
6.137217705319557570e-01,-1.458098492343313790e-01
-4.171705235988369398e-01,6.206409479146494101e-01
-8.295692087872498233e-01,1.395484681964361262e-01
-2.515335416427188706e-02,-2.713985703441976760e-01
1.631638898066130716e+00,-2.757817015035531893e-01
-3.152722808181211422e-01,3.650526274117327219e-01
4.181594414816409144e-01,-1.518476842211048838e+00
1.222127204285802904e+00,7.847919076470948330e-01
-6.994098218634585418e-02,1.496276609464516572e+00
-1.676633873196101687e-01,2.239375790901259045e+00
-1.375424903316690761e+00,-1.535770081315521451e-01
-5.251193447784758828e-01,-5.612083203650948260e-01
-2.744038627925229346e-01,-1.317667360794270714e-01
4.781777844625181850e-01,-6.562490117726109684e-01
-8.791613828611199999e-01,5.722644748836508422e-01
1.083387751006679833e+00,4.764980717927738696e-01
5.222638814421289855e-01,6.248979571708304093e-01
1.837607578604142644e-01,-6.651187939700956564e-01
1.114308528066977333e+00,5.123604313461770365e-01
-5.137475352409142104e-01,2.003657974375626427e+00
3.927731230656793943e-02,3.960922714802995737e-01
9.849808855624704318e-01,8.242873990943330176e-01
1.168928380718360804e+00,7.753014823434747349e-01
-3.794881993679884991e-01,3.108731331439475998e-01
-2.466139826265474344e-01,6.831127763123403529e-01
8.283040312347090817e-01,-1.030656085862719396e+00
-7.561709848545645866e-03,-7.191544455517812073e-01
-2.633803170417070016e-01,-7.091436776924796570e-01
-2.083082470299554290e-01,5.126168409760019085e-01
-5.239537887736960275e-01,1.736910180531989312e+00
1.332568735647905178e-01,-1.162674703199470194e+00
-9.429002442302558684e-01,-2.059385697437193241e-01
8.520867370396025819e-01,1.231965131089338694e+00
-3.836457032343481427e-02,8.746947768350528396e-02
2.396854646600753702e-01,-6.735660650660076909e-01
1.859844551230400156e-01,-1.339801911707847182e-01
3.621496459882709296e-01,-1.751134738010804437e-01
-2.299425993735544627e-02,-4.395037339472545046e-01
-3.399195187851475342e-01,-1.715407521903296040e-01
-3.503568348784020792e-01,3.617659224616920355e-01
-1.070818293408916766e+00,5.726827684911522942e-01
-2.693774341629395774e-01,1.424440511086387008e-02
1.013912110536679539e-01,-4.086426519739376484e-02
-3.412783279919614499e-01,9.069573925264161618e-01
-7.036547408513247337e-01,3.497112369538938337e-01
-7.945482677732206289e-01,7.381100741398913812e-01
-4.683803031863080224e-01,3.901078345825947369e-01
-4.222776231897500399e-01,-1.208030067276556707e+00
-4.904671963843014737e-01,-8.958078292002945586e-01
-1.087415560315295293e+00,7.867465075002175179e-02
-6.776902964495175041e-01,1.495167089119410486e-01
-8.657377312720802021e-01,-3.042620605066422845e-01
1.827640101108569670e-01,-8.860958123258458330e-02
-1.055280051978647382e+00,-1.966992043689201053e-01
1.195301348421935472e-01,4.625707175563631979e-01
-2.861201734418480358e-01,-9.755615689040967320e-01
-7.614013097463664392e-01,1.022377225721325500e+00
5.825070188786785758e-02,-4.160464428220319588e-01
2.271241916239532810e-01,-8.742178235481916637e-01
1.563000822679606189e-02,-8.179746874721415262e-01
5.067076348009638131e-01,1.998068448994022306e-01
-5.327205532556684303e-02,-1.853308460720366480e+00
5.519670962111183909e-01,-1.186078764597436885e+00
-1.147596250283341002e+00,-2.317913398676993975e-01
1.391176534739606008e-01,-1.562023458844102701e-02
-3.492326668656389188e-01,1.403559470431273333e-02
1.489997323444064214e+00,-9.745222944099293239e-01
8.513201681097515294e-01,-1.828652046660663166e-01
-1.557972191872915649e-02,6.030190904224870252e-01
-8.126617355867462589e-01,-6.850583564600848385e-01
-8.281142224090495829e-02,-6.319278863363955168e-01
7.861784070410634540e-01,-2.129037273895627358e+00
-2.192804277098327759e-01,5.291418752093296485e-01
-1.334819673052543232e+00,7.990313643452684467e-01
4.028645835428942834e-02,5.312391299590667471e-01
1.254613473838423143e+00,1.005223335827596154e+00
-1.078719872135260882e+00,-3.624461530286173239e-01
-1.086833014786400958e-01,-9.396619461238446824e-01
-1.118377105259952042e+00,-4.202652816740813924e-01
-1.406698634094123712e-01,-1.692373527642369868e-01
9.875881377266637617e-01,-2.106046465611288998e-01
1.063914565739694673e+00,-8.904614947236250133e-01
-2.656114512647709813e-01,-5.836650894721715499e-01
-1.391681868745260897e-01,-8.168662917798054091e-01
-8.072982598251066122e-01,1.988010093071739814e-01
1.788872464727453648e+00,1.627906903537850836e+00
-7.943170302038657371e-02,7.680032236505542897e-01
5.337035011288507325e-02,-2.226844135415470216e+00
-1.436553088229551578e-01,8.540900426892044095e-01
4.038045904996147573e-01,-3.887285755330976977e-01
8.125068778190202012e-01,5.153725336236011367e-01
6.572299021554458553e-01,2.411869310572618552e-01
-6.482485524224115281e-01,-2.952524555376154908e-02
4.505390832670914669e-01,8.790753603449916742e-01
1.192528164030310922e+00,-3.702771580566970866e-01
5.388878550280554736e-01,-3.192089761572299844e-01
1.362677237162107924e-01,-2.466025830608525315e-01
1.700750477040102959e+00,2.274462505877468121e-01
-8.712269817006756956e-01,-3.558346545468641375e-01
-7.171480505343860168e-01,1.142000485062366621e+00
9.404067244539103532e-02,7.396924294680222722e-01
-9.706039679926989905e-01,-1.036772727576993791e+00
-9.306293994253334034e-01,8.309885067303179884e-01
3.247222744125355942e-01,5.482857238199062566e-01
-4.275000843002802475e-01,1.020211916878489111e+00
-2.638118144521167108e-01,7.381102238785119951e-01
2.035111942010123520e-01,6.799426207437279102e-01
-9.476919318539104298e-01,1.228988525291087042e+00
4.271168513704810127e-02,-1.222231800349367348e-01
1.754341734968732691e+00,-1.437893541240240214e-01
1.013088711253829155e+00,9.247298137909892857e-01
-3.500596486122029560e-01,6.026920315076141760e-02
7.464200484568075944e-02,1.285910239593557103e+00
2.598260388990827896e-01,-8.915014640584961736e-01
-7.548640035729922149e-01,-9.236091127098194908e-02
1.900067917850020438e-01,8.782254315011911450e-01
-1.358052529675390918e+00,6.925088281770715171e-02
1.248525814159613667e-01,-8.305656509656443864e-01
-3.802318594233421445e-01,6.895709131474737630e-01
4.107660585916303453e-01,-1.652522211697104115e+00
3.283749149689443869e-01,1.088187909073437432e+00
2.157629277534747481e-01,-2.631047338386952594e-01
-1.334498489425209322e-01,-1.311924150715379767e-01
-3.238143040073234724e-01,-5.392585766526355462e-01
5.445759935596550250e-01,1.346372655481345548e+00
-1.296982871423932648e+00,-1.486876858744148544e+00
-5.602823338960034177e-02,1.350861033590439630e+00
3.484382193600731870e-01,1.174837503079464218e+00
-5.417699625010701237e-01,-3.884623046911255678e-02
1.714371748941189710e-01,6.516865384150455354e-01
-9.790637542602340648e-01,-4.462995757985966372e-01
-4.970599433718347893e-01,7.020894296624106135e-01
-6.870110201393863081e-01,4.762123541638260682e-01
-1.993731200155771377e-01,-4.996482020007420033e-01
5.897729610591824212e-01,-3.395861280408938865e-01
4.167603701418465811e-01,6.247913369240077897e-01
-9.160196230393170547e-01,-2.562218942683905931e-01
1.201526168997681943e+00,-1.508317835070175361e-01
-5.567365881516208592e-01,-4.419624868651731986e-01
-6.404687470183794140e-01,1.941161285355253244e-02
-6.360757234603309218e-01,-6.425520123940011707e-01
1.943681222830884847e+00,5.327940109516557943e-01
-5.662176719027908200e-01,-1.210421770785532924e+00
-3.150978180716698107e-01,4.258256436654369592e-01
-1.574566082201999673e-01,3.762682354603602564e-02
-5.919332108492184608e-01,1.109983058463706707e+00
-8.628359874399222917e-01,-2.653995108848270057e+00
7.973166373226516779e-01,4.655449909205566783e-01
-1.162290693547265441e+00,4.331436637243666343e-01
6.021807403404971781e-01,6.932989983811268520e-01
9.893855597768798082e-01,-3.127120093228028530e-01
-8.933140496484386073e-02,-4.674397957817462146e-01
8.105361244247121233e-01,-2.340867886254284491e-01
1.325462575846599433e+00,-2.029934111506429828e-01
1.010696184860829572e+00,-3.160155239013759387e-01
3.781980058100897768e-02,4.816479639316471051e-01
3.421418634256696012e-01,-4.160848343208501943e-01
2.227814525576474469e-01,3.131250036824997918e-02
1.068490669809291083e-01,-4.656184086502527797e-01
-1.060170390124971079e-01,-1.049552213626105679e-01
-1.258558852780402859e-01,-1.425078686766085845e-01
-1.121159286752487078e-01,1.036046492181340373e+00
1.090603679229243061e+00,-3.786513073906614402e-01
7.994783533991465241e-01,-3.945923572236101906e-01
-1.078250097633251192e+00,-6.654769571242750148e-01
-9.356191745064563747e-01,-5.848580550899903363e-01
-2.785723593206467230e-01,9.663969200657397396e-01
-8.346951666016753923e-02,-5.602176251702734033e-01
6.537006795657213098e-01,-2.060302222974058628e-01
5.051449468309661128e-01,2.576999609587026230e-01
-6.948683332553137193e-01,-6.268154973250396056e-01
-2.302401101470567535e-01,-1.440317940777954497e+00
-5.337800803131295124e-01,4.524267257942671261e-01
6.251714720210974630e-01,5.900009493077438272e-01
1.033411544158307604e+00,-2.171054710386959297e-01
-2.138296609692940525e-02,-1.100655354388381912e+00
2.564454804721852943e-01,8.586049143220692015e-01
1.742551120447229707e+00,6.654712287892112776e-01
9.870541938414967298e-01,-1.833489748219673254e-01
9.925944326792931482e-01,2.327850893334824367e-01
-4.946839367878983623e-02,-1.435176535773473594e+00
7.401371467039344898e-01,-7.852512785230497672e-02
8.537711683487452241e-01,1.099458945905470886e+00
-7.497440741596543834e-01,4.592521516839677131e-01
-7.078750444752758900e-03,-2.145192944490858789e-01
-1.902506253530685254e-01,-4.458540052676062682e-01
6.814784504061238701e-02,-9.596731841910983996e-02
-1.129441344766895172e+00,7.224119122950571903e-01
7.467861245820480720e-01,1.156537454737807807e-01
-3.356924458797480582e-01,4.322780896601113865e-01
8.504823718659312304e-01,6.611087823294619081e-01
1.737103350272593827e-01,2.634617425325356810e-01
-7.091060087210414586e-01,-1.452844984112976690e+00
-9.699369053330364476e-02,3.955948914607527178e-01
-6.902259312766542143e-01,-5.905544723721252165e-01
6.276886116845703523e-01,-2.320658086607390591e-01
-1.234107236423079706e-01,1.978953967110359535e-01
1.481242167096867290e-01,5.770300747125005625e-01
2.887572262744077523e-01,-7.784839636301212895e-01
1.520360236623540251e-01,3.884361929646190648e-01
4.628730901458231184e-01,-1.858223372386382313e-02
-1.464357466501287952e+00,1.334366506235598271e+00
2.492311935977074844e-02,-3.544685504352519390e-01
9.214545940461704721e-01,5.801201872951773364e-01
4.518756022889157120e-01,-4.370282704822843201e-01
1.320433356107708622e+00,-3.482273310006374079e-01
-2.804171033926254331e-01,-2.956737826775163724e-01
-2.098131749508472532e-01,-4.937684242042211097e-02
9.681173614977039987e-01,4.324836485688514365e-02
-9.425643011204244415e-01,-5.369574037206755746e-01
-7.084594802965297200e-01,-5.141458178976756610e-01
-3.211861905012297624e-01,-6.000434777161410826e-01
-1.083653733380727013e+00,5.365015051789710082e-02
-6.114333686287617420e-01,-5.481507187794115721e-01
-8.047842188619479531e-01,2.426318885895808741e-01
-2.972470759033571941e-01,-1.051799213592459425e+00
-1.643057760685033009e-01,-4.735954598675672367e-01
3.892414801885822340e-01,-5.548484122100567906e-02
-2.652326056598627302e-01,-5.592203163951863232e-01
7.680956756647038253e-01,-6.923906865631960228e-01
-5.560070094240022742e-01,-4.565245749447340295e-01
-8.463281822868298221e-01,-1.057266265987854004e+00
1.236500351443486911e+00,5.071732924402307802e-02
3.918109644330928787e-01,2.652529139975951314e-02
-5.396209077969704726e-01,7.753823004590173484e-01
-3.864411260701708928e-01,7.945514105565879559e-01
3.892861721726616486e-01,-8.291864476386412441e-01
8.638011712009964205e-01,-1.777593318613810869e+00
-2.810718728950071243e-01,-4.864512255400567642e-01
5.551387817724783708e-02,-6.527925773101705964e-01
9.332288869966375300e-01,-1.556584302467741932e+00
-4.859485275814829364e-01,7.208228157418286597e-02
1.420075150992103352e-01,-1.091961157348761979e+00
-4.083147336991481691e-01,-7.993515071066352728e-01
-3.930651257243773511e-01,8.563532763701242612e-01
-3.800278909012047568e-01,-1.714419668323863277e+00
4.517251245441956109e-01,2.674160665613756760e-01
-6.253437947585094303e-01,5.586264053124754270e-01
-3.567313537661450651e-01,1.113074626237942288e+00
-9.563005191086184631e-01,-2.845509878818945348e-01
7.988042464736659909e-01,-2.124440967141118519e-01
1.030698802494554700e+00,-7.427569119705242917e-01
-7.832811536511458117e-02,1.049736326362004091e+00
-1.560065678514462872e+00,8.272112734621803187e-02
-6.793187352368759147e-01,4.109139049574480618e-01
9.052774420962109714e-01,6.642175191735190387e-02
9.521097515448797566e-01,-1.095488743829730938e+00
5.861216409859137944e-01,1.253672457019488373e+00
1.487120711900770109e-01,-2.325538217283096287e-01
-6.459847814805449451e-01,9.746851975350465658e-01
-5.016552577252282319e-01,-1.008111301861234876e+00
1.384109270556555860e+00,4.003673040181213727e-01
-4.619384078522734693e-01,-1.644458258665489447e+00
4.010789540867586989e-01,1.025804717275917044e+00
-5.235624163941529075e-01,-1.931250571038111152e-01
-1.102089545257608494e+00,-3.087808654754741200e-01
-6.150042397704083008e-01,-2.586447458941431021e-01
-6.727855983627542003e-01,2.830172936529958827e-01
-1.175981096062365117e+00,1.561221340701154592e+00
-1.249184761952436329e+00,1.114268543331061179e-01
1.672618013522060298e-01,-1.670555550015475177e+00
-3.341668242160625302e-01,1.335622463345670585e+00
1.098407237557571525e-01,-2.464479771858823498e-01
-4.484201064676078263e-01,-1.119221133874232166e+00
5.568652066006730683e-01,1.185390579087954421e+00
7.235821917097616796e-01,3.139432887807153127e-01
-7.414906244812823344e-01,2.477801987078153689e-01
-4.672164036711388690e-01,2.496503249950844661e-01
-3.886829792813847884e-02,-5.699527982065869525e-01
-1.035374084019862861e+00,3.356308750203197966e-01
1.313789863220949261e+00,1.144641357273701754e+00
-5.934772411773271417e-01,-5.365911369566820355e-01
-1.229595124317904631e+00,1.486271642800759851e+00
7.277093620306374078e-02,1.535398019306426942e+00
-5.725972553965315015e-01,-6.581623510663747734e-01
-4.167506593413361493e-01,7.422131565236931294e-01
-4.167536821338612696e-01,-4.165342599247871536e-01
5.632509954034521649e-02,5.769518773233581754e-01
-3.736323268821081789e-01,3.826211326006157543e-01
-1.472619273579859334e-01,8.608506863280133148e-01
-6.720446238589709853e-02,-5.556816084170739245e-01
7.891896155002648960e-01,2.976819226883190006e-01
4.702412344201080674e-01,-2.262833389996206368e-01
-9.707391565231018316e-01,1.917406320858514590e+00
-5.440783620904320328e-01,1.743309064813006293e+00
8.434215781436062154e-02,-9.793610429766647085e-01
-1.005347653587044032e+00,-3.422636320042672375e-01
-3.304258930687344886e-01,-1.108010912353341038e+00
6.929519197011648757e-01,6.594949106469356614e-01
-2.533777460228034961e-01,-1.816307648090095705e+00
2.597574336584885790e-01,1.091081226247016200e+00
1.328913511099133915e+00,2.767192670987700942e-01
-1.470801001141322173e+00,1.935940845373068306e-02
4.633205010390740730e-01,6.106183065526034071e-01
3.361568564120837044e-01,6.969705487827743129e-01
3.033596624743183923e-01,-3.215148357768148890e-01
6.684172498368283477e-02,1.193471133479761248e-01
-5.448814847690791607e-01,-2.960822336604834182e-01
-1.019077210425849644e+00,-8.073170196243263652e-02
-7.055649880524399176e-02,5.511957996290042239e-01
-8.887970436900628490e-01,-1.267149403841734356e+00
-1.077835987423621855e+00,2.870396011397870484e-01
1.160270841914707862e+00,-1.143261776663641927e+00
4.299139835139463295e-01,5.029462591926436854e-01
1.842629027480494341e-01,-5.349476841086073797e-01
-3.604080439416843529e-01,-1.204699481046966447e+00
-1.132871203344819389e+00,8.236175848844355940e-01
-4.081005476694625766e-01,-3.812674116883488229e-01
8.349431271035243074e-02,-1.984382172107558850e-01
-2.176372221440119326e-01,1.015936252392112715e+00
6.161874293234456124e-01,-1.170434164468089788e+00
4.227126272528142215e-02,1.261359074744149433e+00
-1.428923672048301396e+00,-1.330890757375094713e-01
2.361669807880770189e-01,1.684124772601134495e-02
-6.463519636280897762e-01,-4.931658300520080362e-01
-4.716233789698594525e-01,-1.022204129843953480e+00
1.232413008653336250e+00,3.218807110422105544e-01
3.743296499067414462e-01,-6.555323619081081521e-01
-1.819447680227705977e-01,-1.256067808689222742e+00
1.625919768653400627e-02,-4.149633494726551186e-01
-4.922778481683539042e-01,7.890978232345111643e-01
-3.348167012091420869e-01,3.529270536679239845e-01
-1.111675618664045073e+00,-1.177545771988502965e+00
1.181355769807172607e+00,-1.147584545966001457e+00
-1.784254265281014565e-02,7.313305235049103459e-01
-7.226812124427296480e-01,-1.736164100555412260e+00
3.393402913431494694e-01,3.646982417100548268e-01
-3.151582907393089550e-01,1.171644099396479399e+00
9.634106728069100622e-01,-1.026807860319730814e+00
-1.542135887409713302e+00,-2.935912267023878530e-01
-1.502385894248357279e-01,4.190223787500185204e-01
1.136591475792206429e+00,-8.744171365456903100e-01
-4.302704359307328585e-02,3.520700975149066436e-01
5.056806812783216643e-01,2.453835757153211838e-01
1.060576050600693931e-01,1.184086539632027146e-01
-3.339896403651332890e-01,-3.728214198650601774e-01
2.580358577519598628e-01,-6.861445971952255807e-01
-4.325413530795337302e-01,1.279819271397173441e-01
6.425056994203635075e-01,-5.919030126197613040e-01
4.641681644024252540e-01,-5.349358749511678654e-03
9.445131708223986067e-01,3.057250775364839246e-01
-1.020555826877886485e+00,6.200972856115182993e-03
9.008163813817108290e-01,4.572469248449075874e-01
-9.637200212163148372e-01,-4.041095434323009883e-01
-2.322504512305590407e-01,3.852306726989610658e-02
-3.758817565783935666e-01,-1.305805511108028227e+00
-9.541737171448810839e-01,-5.678661584575540600e-01
-2.110444596202189216e-01,-9.175893869977549411e-01
-8.669211231207258894e-01,7.328625597937851177e-01
-1.065416334650973740e+00,-8.423932882601063987e-01
-8.087220221448071511e-01,2.933027954178217822e-01
6.322890291117793105e-01,-9.299907463713877331e-02
-7.584938321803323946e-01,-1.982697557018972823e-01
7.570134649760486001e-01,3.906711635447228104e-01
-2.675130554537062666e-02,-1.045454620648685884e-01
-4.829615701736534872e-01,1.081402886615491152e-02
-1.598822511651496192e-01,-1.211582726324222703e+00
9.837160743029154109e-01,-6.406611739436812725e-01
-6.114850901619967027e-01,-6.746885479557380716e-01
-1.335485920220361056e+00,-5.286732504333594429e-01
-9.773472244453875746e-01,6.852092024760847444e-02
8.926817225726803029e-01,-1.958730196058532103e-01
3.889280027352159386e-01,-1.643350817966627575e-01
-2.720371469399263664e-01,2.449242158370914060e-04
-1.172954988901783180e+00,-6.292948223750577386e-01
-3.805199761076993870e-01,-3.137174308077507190e-01
-2.063920796473126984e+00,8.996684699554183817e-01
1.714934115097252132e+00,3.366072843074628396e-01
-1.342832935739912026e+00,-7.663263584759333336e-01
-2.609484685965339241e-03,5.340428516682422799e-01
1.260276087660567590e-01,-2.221038907983500454e+00
-3.578043405744583683e-01,-2.680311425231463734e-02
5.785109002660505650e-01,3.651914030277070289e-01
-1.877488180963019726e+00,6.089156661322571162e-01
4.058920848883914578e-01,-1.083385074933873815e+00
1.201737410553993302e+00,3.556464105772576545e-01
-6.780804802478206383e-01,1.865819905806153367e-01
-4.115296314593769322e-01,-9.400257960245900213e-02
5.310664884537516506e-02,-3.031016185963906762e-01
7.947012380327369563e-01,5.855685385806593812e-01
1.033351660546709405e-01,5.734648758752708408e-01
-5.181056531846107704e-01,-7.735795655740465016e-01
2.688576289857947943e-01,-1.556713668129363903e-01
1.730611743829227056e-01,-8.461603163703095287e-01
-1.699821917555217055e-01,-1.750888439950727182e+00
9.334284848307466964e-01,-2.174454258543718210e-01
-1.991766863878019489e-01,-8.267030309950176292e-01
-1.988683751915383546e-01,-3.632127364887547949e-01
1.036545264114086429e+00,8.409813130740837472e-01
9.898293461791579650e-01,-1.192429611536219292e-02
1.848182371324901263e-01,3.846519461472995838e-01
-8.777069711137343022e-01,-1.482079360967036408e+00
7.789122992011461299e-01,4.856730278480659441e-02
-4.470406724478259708e-01,-1.428795589117110465e+00
-3.851464056851422457e-01,9.828758133531584340e-01
8.150384396045665669e-01,-9.085240132212907271e-02
4.628377758186154045e-01,2.481258410780345369e-01
-1.319382842395875888e-01,-9.958997761328998166e-01
1.712371800176110404e-01,-4.554027816414002450e-01
-2.075060563043777673e-01,-4.732029997161280727e-02
-9.470888509010363387e-01,-8.345654115304458331e-01
-3.483252043694968214e-01,7.804831539408519925e-01
4.738243906618555545e-01,-8.464705025107022163e-02
1.139173820711220309e+00,-7.681686954870918793e-01
-3.796913129300211742e-01,1.061022554569880372e+00
-9.366847764000484355e-01,-1.178729997744327740e+00
2.036741953685747009e-01,1.065340309977471422e+00
-1.682478623961904063e+00,-1.108284367033907314e+00
-8.374605002047467162e-01,3.379507641850293953e-01
-7.553444131380077087e-01,-3.618111345385437994e-01
3.872915222566082893e-01,2.110624679338259924e-01
6.469429031034156230e-01,5.878688902435809105e-01
-6.190190522143946827e-01,-1.926566146143450675e+00
1.532973550672598641e-02,-2.174487455065396771e-02
6.013186349093810890e-01,6.491963659505295414e-02
9.793190120881959393e-01,1.124063910256966725e+00
1.199946589759454119e+00,-1.474822045047356478e-01
-8.262406418571088818e-01,5.954413693017485132e-01
5.909114945914927253e-01,1.903377011733367596e-01
-1.109649871954986100e+00,1.116158056884153593e+00
-7.912433442165646147e-01,-7.337913529108487376e-01
-2.077344497818800761e-01,-9.111090516737203604e-01
9.552601528333625192e-01,-8.575301557014569642e-01
-1.438219142834596287e+00,-2.840684687560949273e-01
-3.189508773260185115e-01,6.115140995258611101e-01
-5.628620717962289355e-01,-6.604495174492821530e-01
8.125557132897205381e-01,5.058306315593570357e-01
-1.260510207353981726e-01,5.531932628870669388e-01
-8.002766456944050699e-02,6.671693851584977741e-01
8.590702088701397399e-01,-6.855687022780019291e-01
1.677651493560522455e+00,1.059713284503567055e+00
-5.557540343859584953e-01,-1.947100335829822226e-01
4.826151238450517855e-01,3.616325751783163178e-01
-1.187899037171274541e+00,7.516876834863027435e-02
4.309630975181758528e-01,1.978820449112531910e-01
-8.248138057877578699e-01,-9.841050391630927763e-01
2.512923413438361564e-01,-2.486025836405269251e-01
1.487239237912822976e+00,7.041818198309548471e-01
-5.826443257534940495e-02,4.978413850100461002e-01
2.350678316770636600e-01,9.526294446079495160e-01
8.206555640744892521e-01,6.700340734862031411e-01
-1.647365932123671106e-01,1.083484369226638933e+00
1.372644903427388402e-02,1.623157106685124140e-01
-1.526446097599779284e-01,1.023104662842827528e+00
6.820496101026385372e-01,2.816098506310320548e-01
-6.363448723895506198e-01,-3.580402365052734459e-01
-7.514504181180834408e-01,-4.323418353037225548e-01
-8.570463560810416270e-01,3.559455821550051580e-01
5.570045541123571642e-01,-1.006286503779556946e-01
1.955397303902262962e+00,4.975706988364866357e-01
-2.290766619442833107e+00,-1.683478157705838585e-01
-3.515319546846874532e-01,-2.113810535627856646e-02
-6.160128081225196839e-02,-5.613813987306964792e-01
-5.074574091179470114e-01,-7.538081606503735932e-01
-1.798368686786949944e+00,-4.631375519891051673e-01
6.689433097197639011e-01,9.576742971003835425e-01
1.065922130766708609e+00,4.661637846982670808e-01
-1.115436703596520474e+00,-4.735764966009126664e-01
3.068221414429020411e-01,-3.035961892870625012e-01
-1.055352721233521640e+00,-7.262565908408260551e-01
-2.733733092212123350e-01,3.478680211378484266e-01
-9.772613750054007786e-01,9.025550170526247529e-01
3.916468000550174522e-01,-2.337655999718278588e-01
3.182711719357591562e-01,2.440184088418332342e-01
1.297186410278284630e+00,-2.316449521950811885e-01
8.526390868469488904e-01,1.070160922233474698e+00
8.300804567115449561e-01,8.759306931285739672e-01
-8.223230660684494042e-01,-2.131519698335118396e-01
-3.646366163864147580e-01,-1.009646458418878900e+00
3.830684409665152113e-01,2.644814516158968121e-01
-6.379260841892169243e-01,1.738166185970841104e-01
3.187031426642286669e-01,-3.957287438824099758e-03
6.009689706814800303e-01,-4.727341405771973148e-01
-4.923238895955089345e-01,-8.054980623625157543e-01
-2.222176002043349807e-01,2.420655731312505221e+00
1.054642001552204889e+00,-3.192131542343657480e-01
4.130197721154366119e-01,2.977720732179414131e-01
-6.292095726237624254e-01,7.709849055533628537e-01
-8.891385388736990913e-01,-3.305109423804659108e-01
-1.367053248168396351e+00,9.583215436540802601e-02
6.118244103517144206e-01,6.306301859908164387e-01
1.571534533744409545e+00,-7.407530059902197594e-01
-1.633077318236070830e-01,6.124574586874450555e-01
-9.159573853683919964e-01,-1.231302595723345189e-01
2.614529330996297474e-01,-4.872061765178394843e-01
2.409388368952851134e-01,1.402895060074683953e-01
-1.013576738823146028e+00,-4.132116003264119652e-01
-1.991264319264344773e-01,4.409320148395361877e-02
-6.830694806540645869e-01,9.609199125433005584e-01
2.040688200127526927e-02,2.462154730411331149e-01
-3.817011027094224240e-01,1.552255261797346186e+00
1.705509550032775712e+00,3.813279968183648228e-01
-5.190769856648397296e-01,-4.124389172078613552e-01
4.136974461661224178e-01,1.434417343027295233e-01
1.331270393087475579e-01,-1.087634519934715716e+00
-1.530025997299031548e-01,-2.470960006866630421e-01
-5.765901454593957975e-01,1.134841107951509998e-01
-2.733191986765648104e-02,-8.565545396666035538e-01
2.947399276859911099e-01,7.257719299139028246e-01
8.503110981693835502e-01,-2.475033580803802369e-01
4.422052234775011165e-02,7.674596916193286988e-01
-2.613763324542421884e-01,-3.297678266139790204e-01
5.955373140577221447e-01,-1.195482170440741232e+00
-1.154996886336843581e-01,9.575079263404363550e-01
-9.931478199321708278e-01,-8.050634876689014563e-01
3.771495841775725916e-02,-3.115319443534573240e-01
1.826106250406666631e-01,-8.662243059084248076e-01
-5.615025269159269472e-01,8.797198828322420061e-01
-5.647473163090266368e-01,1.468902538036208405e+00
-7.715346218376041287e-01,-7.039985853394702398e-01
1.000141918086446813e+00,-1.731459281119256954e-01
1.118786120409529239e-01,-5.618977285351339085e-02
-1.100082154597268880e-01,-1.252913015094417604e-01
2.598233460510954163e-03,-1.072060219899827693e+00
7.301847848423761445e-01,-5.345728349075975494e-01
1.949062962011415268e-01,-1.210554174980724484e+00
8.323843950881074649e-01,-6.581219031859927293e-01
-7.149290997781223567e-01,-7.875831634550941596e-01
-8.907745499790246102e-01,-8.033422959641697281e-01
8.439593791036575920e-01,-9.669928068120928755e-01
-1.545662428653001852e-01,-1.013235232508076789e-01
6.186006868861643193e-01,-3.311420874354372712e-01
-8.299874756512166663e-01,-1.576430138596578712e-01
1.891784715668049843e+00,7.037982205747910225e-01
4.464499089128102227e-01,-3.145285304893608719e-02
-6.159260660117351627e-01,-4.032977293423125609e-01
1.121735266724485786e-01,1.450856637052543974e+00
4.173082837124724720e-01,-1.902418582451390616e-01
-6.299791925087006028e-01,7.745804811687785618e-02
1.270397953019008375e+00,-3.768516987846181054e-01
7.416190542480473324e-02,4.981350361172213748e-01
3.554525504945767467e-01,-1.898027556189201825e-01
-9.089943801645017363e-01,-7.285027826957203301e-01
2.359000324800873960e-01,-1.071239816789296695e+00
-8.573330520940957156e-01,-7.873575775623737893e-01
7.843454543600439921e-01,-1.500186976035403186e+00
-7.444764128576899509e-01,2.173052288646584035e-02
-1.401319953501768634e+00,6.563704497239150060e-01
-5.818493328070220016e-01,2.784608219964147466e-02
5.277000809646078539e-01,-2.733471621669739116e-01
5.350537578286166523e-02,3.896530266356270644e-01
7.362438414946314014e-01,5.591267176696901320e-02
-6.028322721278341900e-01,4.387951179944846736e-01
-5.469860132431316746e-01,-4.391725759456087397e-03
4.276170916116203147e-01,-2.513251391508331545e-01
-9.792213950456134519e-01,5.307628516982180189e-01
1.420825010971653035e-01,-6.908903454920309883e-01
6.600699278468973308e-01,-1.405177938364806367e-01
-6.951529866006991853e-02,9.513733203821188589e-01
-1.835445421556322954e+00,4.137055899696431838e-01
1.137088657868413399e+00,-6.915973170898518374e-01
2.556974262873481507e-01,2.211522385586551231e-01
-2.461023637308303869e+00,-3.812880481830223101e-01
1.280005682923995858e-01,-5.392987022878443781e-01
-4.747246764005069036e-02,-2.318659122359533198e-01
-9.713887768768331155e-02,9.777758610194154931e-01
-9.195833982000664042e-01,1.804266620642238361e-01
9.189823282861120379e-02,-9.666801608670972934e-01
1.007680623610948123e+00,-8.232873847790693755e-01
-7.379692564982859304e-02,8.710823205341822195e-01
9.853987174750538508e-03,8.824968607683719712e-01
-5.578120253036898679e-02,5.889394505863141394e-01
-7.713382808704695170e-01,1.157008545510277431e+00
-1.878900924524423977e-01,-2.945085783456301565e-01
2.716907930695718343e-01,-1.209167421401716958e+00
2.639201592965380594e-01,5.870414124426227565e-01
3.785495098932663005e-01,2.916621352186395955e-01
1.222606318393578036e-02,-6.750380145437664958e-02
-1.727348267942463989e-01,1.194377759871466799e-01
1.905096370947120255e-01,2.314155240587761342e-01
-2.346763198748187118e-01,4.146795016766884334e-01
-2.220859548369069625e-02,-5.848788143533223405e-02
1.933920415483535438e+00,1.961875540156857722e+00
-1.421592488575445179e+00,2.192515124848934960e-01
4.539347169634452284e-01,-1.181040345829685201e+00
-5.619443010446374398e-01,2.219276571686133348e+00
-3.735233030282202743e-02,4.076208181335312375e-01
2.116419225253887149e+00,-1.215697926753710689e+00
2.740970173409932875e-01,2.942224340973407237e-01
-4.405133821140581052e-01,-1.401789044046104271e+00
-7.813989029622503413e-01,-4.088390307342975039e-01
-6.012807660059169557e-01,-1.143656827143245902e+00
6.310144929165885097e-01,-7.270918655673985764e-01
1.127895216017610336e+00,-2.378157665249902575e-01
-2.461053706218564174e-01,-5.802195506533842639e-01
7.046427570537805440e-01,-2.451869144787440988e-02
4.381516327365957975e-01,1.319230909583017031e+00
-1.554649727509752610e-01,-6.671500513739846427e-01
-1.201409346571862935e+00,5.861880025607775213e-01
6.180626017786128301e-03,1.016396065870912579e-01
-7.197903099697248175e-01,3.352305760085436681e-01
5.893063212139270091e-01,-3.192043504333170190e-01
3.846621551632509184e-01,1.015841264388193776e+00
2.366970147440158601e-01,-4.086863553751703959e-01
-1.210258902077346210e+00,-6.324399826269522240e-01
1.644097452838413131e+00,-7.918730157254298962e-01
1.077155815051275223e+00,-5.925610049350668040e-01
1.044981323126404904e+00,6.013605506023109171e-02
2.574645130242955160e-01,-2.090279358430298384e-01
4.172820791405274649e-02,-8.131945656751004003e-01
-3.004376399797085151e-01,2.938961717293741005e-01
7.465937684501804394e-01,-8.837200243467016048e-01
-3.400414750068807557e-01,8.599951442992291861e-01
1.968070889864040329e-01,-2.085159986733903459e+00
1.887090655997386568e-01,3.579772382896639904e-01
1.164106888161566156e+00,8.004272501577712751e-01
7.825346888260772404e-01,-8.469399695609623746e-02
5.477951836206907954e-01,-1.890497410109394760e+00
-1.207739591351756209e-01,4.002518037799979722e-01
-1.095236881152500175e+00,6.312902558561140909e-01
7.562411516723187566e-01,-1.835420201380176253e-01
1.327942866832291902e+00,-6.506736509932787849e-01
-3.872703918424867386e-01,-4.872464641131408203e-01
-9.016997186289650301e-01,-3.574576229848655529e-01
-9.472366177929057995e-01,1.418127681979811650e+00
-1.297544447508838683e+00,5.010651741380959256e-01
-1.080464745525979264e+00,3.449615258241117699e-01
-4.806746628420497935e-01,3.386164785942620548e-02
6.119169375403836764e-01,9.335291136764269915e-01
6.168417035711212248e-01,-9.907475342346164227e-02
4.544406217201679699e-01,7.171100201369831062e-01
2.222223955575042542e-01,8.244997569851608699e-01
1.556265612989761182e+00,-3.725391425943213042e-01
-5.664777357418996351e-01,-2.753382161562860087e-01
3.902823029915192254e-01,-3.108628558022439869e-01
-2.702062729890510884e-01,-4.916619069030636613e-01
1.669157797888795591e-02,7.312117958286475927e-01
1.102764462148931202e+00,-2.456023643201999396e-01
-1.984487593697996655e-01,1.103595435332354269e+00
-5.924014136090026694e-01,2.363542888618093696e-01
2.221911076811360630e-01,-1.107284896515888795e+00
9.742044797616856711e-01,-6.000989084892943692e-02
-1.231409266409041053e-01,-1.209412572620956194e-01
1.067068451583005562e+00,1.001988490879618388e-01
-1.079794142842235294e+00,1.166240417698811038e+00
-4.143071070826394586e-01,2.081195484409007757e-01
-8.094593641590199784e-01,2.844516642615129709e-01
5.532627821399939139e-01,1.250437073870961147e+00
1.241503312849051799e+00,7.478753895972903853e-01
2.123090711907917594e-01,-2.366172596183900578e-01
1.374988028338068213e+00,1.267421310088421293e+00
-1.269901611117765228e+00,-3.486337038719790615e-01
-2.355226527996930608e-01,-2.329579724870134705e-01
1.793283668604321590e-01,5.678345147180462460e-01
-2.961963103235733530e-01,-6.176408047994210726e-01
-9.753006723712794868e-01,2.271115746134601265e-01
-3.758351250309935332e-01,1.769813533026163843e-01
3.053158275552571577e-01,2.468019757273454962e-01
-4.219671023749089200e-01,-4.561752329299326170e-01
1.146534986852667387e-01,3.177737301307385631e-01
3.871208306103181285e-02,1.280691254693168357e+00
-8.024486102876369209e-01,-1.684813193765914707e-01
9.804339469431495591e-01,-1.101283938547520658e-01
-1.935411072173192915e-01,5.604984472277367846e-01
8.961885939912281884e-01,1.658562784135662049e-01
2.952185091491340563e-01,2.689911866742777380e-01
-6.319800900039310720e-01,-1.236105736762521223e+00
-1.189868152007186319e+00,-6.593796319636396897e-01
-8.027294548328622881e-01,9.081840024063714267e-01
-2.112684310790017561e-01,-3.214444806356255013e-02
-1.459109013349275119e-01,6.412771535647139309e-01
1.265452673243032455e+00,7.345875649802199314e-01
-2.144877087674116820e-02,-6.708628343494718038e-01
-3.684528166631792501e-01,-7.789076154171790944e-02
9.734990086716732716e-01,1.305875173400321276e-01
2.470424261641125385e-01,4.029968179328068389e-01
-7.128451105937280152e-01,-1.397362549159411715e+00
-5.900016704122058586e-01,4.690803503773295358e-01
-1.081461235881876037e+00,6.312441015323542182e-01
9.740058865536630472e-01,-6.630128700971313349e-02
-4.248065914272307064e-01,3.729168883977607152e-01
2.418008302369657248e+00,-1.093398027020135332e+00
-8.912122306331217159e-01,-1.970859628105932904e-01
1.123204319098008719e-01,4.421678734934449823e-02
-1.131474756764874856e+00,-5.426222960706966747e-01
-1.439578053469115770e-01,-1.037971074996517418e+00
-8.928082582014426061e-01,-1.062092281692992080e+00
-5.134956530732455449e-02,-1.101328250907855466e+00
6.309641172532642894e-02,-1.171305070367807122e-01
4.538455450962868287e-01,-1.650315778255869947e+00
-6.067669103854203549e-02,4.136625203474796897e-01
3.933227870665333137e-02,-6.585245986752265024e-01
9.274238655590772984e-01,-3.713718576302892371e-01
-7.532975848556978937e-02,-4.473848970126151348e-01
1.737700946894841225e-01,-6.609740291987105110e-01
3.401630679437851468e-01,5.800865489760030913e-01
3.005274501777616680e-01,-4.280140217406476766e-01
-2.103998633360418952e-02,-1.428733074856122887e+00
-1.770234083118044643e-01,-3.120845716461336794e-01
3.604361089298755982e-01,-5.173434488932595610e-01
4.671564392562529977e-01,-4.030919025887016310e-02
-3.419604825526360026e-01,1.913505932752750105e-01
1.552170234485050981e+00,-5.902054355742731434e-02
-8.098432510734818179e-02,-7.692882898504229683e-01
-1.318210952233938582e-01,-1.017698888803119511e-01
-8.792199137307356027e-01,1.337966950602652028e-01
-7.083645883115947672e-01,-1.910584426874609276e+00
8.570178531528195309e-01,8.127591871305080984e-01
5.910302323041043415e-01,-8.809136419269235629e-01
1.520362374655298110e+00,1.395027815090819079e+00
-1.959130219574492238e-01,2.273131990643502687e-01
4.830502738667835638e-01,-9.024873329927566301e-01
-2.939846068380858046e-01,-5.457816582295739287e-03
4.922337963384567638e-01,1.240689336079819460e+00
-2.573321295476351800e-01,3.950867307481887858e-01
-8.106170829702367131e-01,-4.225663670487458945e-01
-1.020505650425702404e+00,-6.075413682841369623e-01
3.964104464003016526e-01,7.799306494727509254e-01
-4.013332871334626129e-01,-1.257299856442816166e+00
5.313243729028060969e-01,1.932913920238375161e+00
-5.105449037838136750e-01,-2.745893509230226681e-01
-8.006402284500711009e-01,-1.235074285291519081e+00
-1.288404391293372642e-01,7.620784339955684050e-01
-5.180160089139604906e-01,-1.659459410874277063e+00
1.701559329339834281e-01,4.391438757317969177e-01
-2.287742985396318929e+00,-5.380454171828256138e-01
-1.168779367240063483e+00,-1.021319712784815925e+00
-1.808381730375286711e+00,-5.779333979421478196e-01
-4.259656550471179748e-01,1.287858992954278303e+00
5.733288909235690900e-01,-1.078403051002784885e+00
5.861829942208809374e-01,-7.966723684341468770e-02
1.184690468642217498e+00,7.696958915436883375e-01
6.926740125131294334e-01,2.634835358222672452e-01
3.282073296930367867e-01,-4.918180900252894228e-01
-1.775132172065977176e+00,-3.145549115759924130e-01
2.082978564269653277e-01,-5.541158330400632881e-01
4.480112418556890796e-01,-8.611660561046532991e-02
-5.658963749396938026e-01,-3.408412489321025474e-01
-3.536022092573992692e-01,1.087531102642212533e+00
1.144266808108116207e+00,1.296222060212257832e+00
1.207120364567819015e+00,7.553453287739507471e-02
-3.444996688397461981e-01,3.729068260619805009e-01
4.091971456424773335e-01,-9.321320830111429201e-01
4.144489467267035293e-02,7.154788221408296955e-01
-2.292907542027387002e-01,1.435538752008350682e+00
2.026545482537192577e-01,-4.054268987242692357e-01
8.350447114003114457e-01,-4.728959782914199939e-01
-4.588450028989130014e-01,1.395963110236661864e+00
-4.631628281569112882e-01,9.647085297777072133e-02
7.060711103440086012e-01,-4.041782487917847111e-01
3.064977264266671719e-01,9.602633414896795047e-03
-1.190743172702539265e+00,-5.527597210459234134e-01
-9.434582900860244425e-02,8.983303789775118897e-01
7.170380211496050205e-01,-9.087676775060566925e-01
-8.242671001554279231e-01,-5.845258560923689561e-01
-4.647641696842245151e-01,1.237519803501569537e+00
-8.233475781146716299e-01,-1.114894508247910254e+00
3.302265914662433355e-01,-1.528568615102302353e+00
8.193290563644795022e-01,5.131192280831758934e-01
-1.179275957537508246e+00,-7.123254088280868146e-01
1.114857250848592801e-01,-3.753601273905627922e-01
1.470096293196479165e+00,3.425243399258519061e-01
-7.282657067443688570e-01,-9.265597031043315557e-01
-1.230777492492990573e-02,-8.799286684826660432e-01
-7.654503837685625589e-01,-5.581108160127915552e-01
4.107252604197266233e-01,9.977506080965039548e-01
-3.522122240427716933e-01,-2.544135844861299400e-01
-8.443584893069302488e-01,1.947827542789422051e+00
8.540792909718868398e-01,-1.199256634729451543e+00
-5.671649224877717971e-02,4.137064361337260965e-01
-1.782923096142105868e+00,-5.385125452632542054e-01
-1.174077391806966630e-01,9.092455028238850823e-02
1.360482002991238337e+00,-1.228424520861050695e+00
-3.364540353690572139e-01,6.313315167900005465e-01
1.182083433407016937e+00,-8.501843252996771350e-01
-1.707228122082941724e+00,-6.315647501849921408e-01
6.560530217746305404e-01,-3.097070524481731479e-01
-4.739706016300315183e-01,-1.038395102061140940e-01
-7.270130958274256816e-01,2.005068223906496527e-01
3.132491800229544876e-01,-3.397366972885353942e-01
-4.444156240515042544e-01,1.071974737624131979e+00
-8.108258400164474189e-01,4.364061350819479768e-01
3.953555666095330268e-01,-1.844384608942885029e-01
3.667211370601776710e-01,2.097057165831045233e-01
-2.963174234371536153e-01,-7.486233796407233410e-01
2.114586466623281424e+00,1.682286782371039957e-01
5.328996642228100988e-01,1.246740036652996403e-01
-1.173777017040685378e+00,-1.563803833071329974e+00
-4.148320765646958397e-01,-1.137761512372987838e+00
-1.665320840617443121e+00,1.323575955467688692e+00
-5.084297953303507089e-01,-1.245019099342591806e+00
-2.921693781992574235e-01,1.406279037604129423e+00
3.714781257570360373e-01,3.455599208862102367e-01
-4.957191167104080809e-01,-5.368206639645802802e-01
-5.258411073103264055e-01,-1.293177258888880798e+00
-2.431276483328576876e-01,-3.996610935192553837e-01
4.812187174457675798e-02,8.388607333145995382e-01
-4.092802327582867883e-01,-1.118240419136693697e+00
-7.963980073470371401e-01,9.782131147432943097e-01
-7.710353986219871114e-01,-1.705284033336045502e+00
2.668549258733955432e-01,9.012941304541476351e-01
1.172383323536381639e+00,-6.157599724469871028e-01
-7.749223873794515161e-01,5.644035207453443892e-01
-5.732653375584465527e-01,-2.306725442051379138e-01
-1.511752755607120413e+00,9.079089083464350618e-02
1.529380180972615744e+00,-1.391010737500527172e+00
5.251236043765971084e-01,5.539700338421166270e-01
7.615343452127122381e-01,-1.164579636820767927e+00
2.599324019927303220e-01,-4.480571511887190828e-02
-2.421947497266309646e-01,-9.436474592043351262e-01
-5.551857589468729426e-01,5.826958183262442859e-01
1.922572067539556843e-03,1.390287132075893828e+00
-4.209129391360604822e-01,-1.481454743562752752e+00
-7.210422247036949450e-01,-6.054040954982385925e-01
1.976547199723894532e-01,-7.015561666410849995e-01
1.002403438136566793e-01,-8.827456327528830915e-01
7.831125511577348153e-01,-5.969733351098784890e-01
1.120587774677425985e+00,5.677035568145902822e-01
-9.001969515313784642e-01,-1.267902108199417066e+00
-1.477027105723584810e-01,-1.387502331885814622e+00
1.306230041975643852e+00,3.513667619711473289e-02
-9.180287194572284148e-01,-3.316282347648319417e-01
-1.857161505731303175e-01,-3.837720564662325251e-02
-6.175760921269166648e-01,7.324168822152047342e-01
1.847738122454876397e-01,-1.061451614779337582e+00
-6.296933762897030662e-02,1.180537839725559479e+00
9.745448526605134942e-01,-1.012208064978013189e+00
1.805512375059594443e-01,-4.097734856225484501e-01
-1.254208549088610347e+00,-4.104192685498402882e-01
-1.164150953570321168e+00,-1.148761537997572413e+00
-7.414512581790746459e-01,7.468848699567524063e-01
-7.847392892243112428e-01,3.740841969866961492e-01
7.761487158517129670e-01,1.216764722457421621e+00
-1.551374506785506702e-01,-4.006034362687343336e-02
-5.416100852150487754e-02,-6.406755004066357895e-01
5.098218356717667543e-01,1.126577131021663902e+00
6.982218882607192922e-01,-6.161398387896088735e-01
1.248806237882731096e-01,-4.091926207974131979e-01
4.600682611106459707e-01,-9.212843197246738391e-01
-1.839566489321259990e+00,1.206416150236516494e+00
-1.164608411603825111e+00,1.816071544784462199e-01
-4.061660443922475716e-01,-4.328813967744947755e-01
-5.689318153965526870e-01,-1.643267113232008247e+00
-1.129686033251800836e+00,4.202710293747444203e-01
9.898436030455821655e-01,1.870620599429253794e-01
6.086861676750180555e-02,1.606891192212972219e-01
1.096592406952153320e+00,-3.576591075557070121e-01
1.332160930963976808e+00,1.829643427829126257e-01
-9.887635091206596893e-01,8.878315858912905201e-01
3.840206415363000003e-01,-1.389097145777039022e-01
-9.503549752444580001e-01,2.230053079119398984e-01
6.292914383202399264e-01,-2.140663138145318042e-02
7.046783964049564419e-01,7.962158647201424966e-01
2.999312913050389273e-01,-1.591667304774162517e+00
-2.332111397739091707e-01,3.914965879870775656e-02
1.073044146238937069e+00,-7.270279282666771703e-01
3.440324457349773768e-01,2.016010882347664956e-01
1.392782885202977106e+00,2.740340678903603888e-01
3.767316723945132728e-02,-1.183069374111558103e+00
-3.546968025513612122e-01,8.090265527477181751e-01
1.039332567929984297e+00,4.788592522404658824e-01
7.637510023284007632e-01,1.135569433968148356e+00
7.791512825940941633e-01,1.318406071098106924e+00
-2.129333055184208512e-01,3.952174282548308604e-01
-3.965635712048410921e-01,1.092902615466434801e-01
-6.930441457295565266e-01,-1.123350624118872432e+00
-5.965277589288181526e-01,1.504114696717022914e+00
-2.051790582547107777e-01,-3.691421574646243653e-01
1.498357001162699875e+00,6.812212339269722028e-01
9.638615487779106372e-01,-2.362378828595355362e-01
1.726129379517344353e-01,9.949946301377425861e-01
-3.555873507143773038e-01,8.903733662208295208e-01
-3.038409701471153079e-01,-8.679253472219351506e-01
5.529635705752510288e-01,7.038101223409753970e-01
-6.346123291177424575e-01,5.184564900334914100e-02
-6.077401834093284494e-01,3.855084787698929150e-01
-5.685967642989078752e-02,6.020701285666570923e-01
-2.168142651408728749e+00,4.309951589946076078e-01
-1.408684340204160002e+00,-7.130709210954461197e-02
1.536919225075888074e+00,8.614152917593480563e-01
1.093670883400300609e+00,-5.898768060663845958e-01
-1.022969976829260830e+00,1.800761951114714099e-01
-1.806677387346561914e-01,7.083469429445281296e-02
1.894312944518286856e-01,-5.256569589285770699e-02
-4.473416710325747170e-01,8.605640884938129398e-01
-7.619213268538523876e-01,8.887395458045804775e-01
3.051122296302378190e-01,-1.495072951475200362e+00
-2.459865619336323861e-01,9.425874514354712352e-02
1.387405261333368278e+00,-1.396638296794537881e+00
3.775821744217346954e-01,-1.461279716436446163e+00
6.585100890716637512e-01,-5.582782475894518953e-02
-5.076238474011363772e-02,3.866849304243444307e-01
1.474061924618898844e+00,-1.839712349295802574e-01
-9.891403259613120724e-01,-7.957862718332987528e-01
-8.452779674177265390e-01,3.749828505519639532e-01
-3.823829933644121160e-02,7.354630365451531905e-03
5.915885715544325629e-01,1.472999057585173098e-02
-6.387256647108933150e-01,1.787582302415743618e-01
3.651661629620358562e-01,7.713913351458040468e-01
4.480370313467906818e-01,5.686646132953731003e-01
9.106870007837079839e-02,2.292818798386679624e-02
2.070623806031923753e+00,8.316008731686715949e-01
1.018121920731665853e+00,3.406308783932227024e-01
2.944339520800992940e-02,2.522690752548643056e-01
-5.946344485805774710e-02,-3.323466269270458628e-02
1.168997054980838612e+00,7.461730189078695785e-01
-1.736086194747842981e+00,-1.647082314406517201e+00
-6.213535231643968482e-01,-4.850326950206746424e-01
6.872557925575690785e-01,-3.718121478677468561e-01
1.300523509071677353e+00,-3.972664244167753433e-01
-7.568848392313061169e-01,-3.873061319528856572e-01
4.555198499543071655e-01,-6.001954925462977819e-01
1.726074180713419934e-02,-3.457483756513617390e-01
1.095488606937626286e-01,-1.051770532889602983e+00
1.458491077456741003e+00,5.655155154252093919e-01
-1.982142053919545122e+00,2.860911812078582028e-01
-8.886375334721647867e-01,3.334331835639534058e-01
-1.180987626289746961e+00,1.121813567139220008e-01
7.999625022550677089e-01,-7.912089837015422455e-01
-1.027466269881292638e+00,4.384146525628569019e-02
-3.678922788304213043e-01,2.160008929427043312e-01
-7.870006158798363849e-01,1.448947025675096478e+00
-2.618854069034433074e-01,-2.046709218484073833e+00
-4.195795753390520189e-02,-5.012631011474637521e-01
3.353809961801055284e-01,-8.397703024337249689e-01
-2.561988702472952073e-01,-1.125909453294549722e+00
5.044975093789217935e-01,4.028131046929109282e-01
5.018509578306813435e-01,-6.340019990308414233e-01
5.771452171540669696e-01,-5.942916300709991662e-01
3.192393619247689274e-01,8.871962915402059613e-01
1.986253938898754623e-01,-9.473574112727185526e-01
-4.135429756475487162e-01,-4.338087897364372725e-01
-8.025775696940525838e-01,3.996590769703979307e-01
2.488563789672343929e-01,5.399086739197191953e-01
-2.468727146406857198e-01,8.228418293835059183e-01
-1.229099290555330480e-02,-7.326528215632879260e-01
-6.001138195341802067e-02,5.259384847123623752e-01
-2.994327972672581883e-01,2.165352546330562955e+00
-1.570907071102236818e+00,3.592303933219024858e-01
-1.215555872484886946e+00,-6.266975479050530817e-02
4.803940525843607423e-01,3.837778605541852239e-01
6.196636113406053109e-02,-6.794868708640757760e-01
9.618308513555952344e-02,2.555175790078689224e-01
-9.393277596936765450e-01,-7.486468295772056303e-01
-1.159681135894087500e+00,-4.323213497164405394e-01
3.386688258578902100e-01,-2.626536242174061786e-01
7.203859609059007907e-01,8.732495434843204341e-02
4.685945066442197549e-01,4.784896293052694483e-01
6.932141108250101762e-03,-1.187062673794533563e+00
8.941710033986918771e-02,3.417168198053208705e-01
4.829840658237498363e-02,-1.297589046051552189e-02
1.034890932440091005e+00,8.330171583332298679e-01
9.235416381030702171e-01,8.349570383151365682e-01
4.399908602316470740e-01,-2.194643663055084459e-01
1.121883865635810995e+00,-1.312600798565094762e-01
1.233936986462022371e-02,-1.767022658837716365e-02
1.666878101502386744e-01,-1.262249533185866746e+00
-9.952308191586566322e-01,4.000349838098497535e-01
3.804925106201617613e-01,2.757825202470062451e-02
-5.118933977845395722e-01,9.246771850803726933e-02
-3.925338288898906347e-01,7.343044538694702972e-01
-1.006845569808495489e+00,-8.122291569590198712e-01
9.540678686151504717e-02,7.049096273253105949e-01
-2.179553531830784319e-01,-3.747270235612463196e-01
7.186772821509178621e-01,5.397152265878750743e-01
1.409366605324349209e-01,4.173699418346246692e-01
-8.260998879648372151e-02,-5.626133073906245397e-01
-1.247879431853984533e+00,-8.367474469246540814e-01
4.995042393201319375e-01,-1.270411050519474339e+00
-4.787192445555090159e-01,2.086610277001616637e-02
3.625306157750806668e-01,3.877538433963173548e-01
-1.590164321956706039e-01,2.190899618670037741e-01
8.055983653576535009e-01,-8.842220582279672891e-01
-1.437823334548365972e+00,-1.276011695606093621e+00
-3.219180175085684104e-01,-1.202019551191495284e+00
-5.829753221893521076e-01,-1.985882981280116255e-01
8.473782470386209686e-01,-5.330886775526847421e-01
-8.489681705775659060e-01,-1.581468557300121647e-01
-5.373086060087909344e-01,6.533425649591345641e-01
-9.725929708539173824e-01,-4.256991997522949212e-01
-6.978050141914898807e-01,-1.286571214501875504e+00
1.341089723809138212e-01,-1.512615956940254636e+00
-1.002156778745724175e+00,-5.741017129187732382e-02
-9.562808863166561979e-01,-1.957211975743982091e-01
-1.428602576842572969e+00,2.989674096887273702e-01
5.892962929891735341e-02,-9.010498508749433810e-01
1.275896420924750529e+00,1.884611613894999760e-01
-6.026421700618962429e-01,-1.970123257267734518e+00
-1.697621615504207426e+00,-9.127805685267971203e-01
-2.201171181611764338e-01,6.157624849619697249e-01
-3.836640262563142945e-02,-9.059809633670875550e-01
4.700876732141755221e-02,-3.045855920046421916e-01
1.743262319395863846e+00,-3.099862938109255173e-01
-7.756519682391500581e-01,7.678768408156237957e-01
4.564668796515310989e-01,-8.622621142612327816e-01
-3.494565939394103093e-01,9.990359198868681290e-01
-1.575896212886868097e+00,-3.811705233053918063e-01
4.985373639747701646e-01,-7.744181244198132807e-01
-8.795109589984645426e-01,-5.545951042199062098e-01
-1.033178217234420604e-01,4.100181598102958791e-01
8.059608042697091745e-01,1.822162186712004417e-01
1.296522606909894515e-01,2.301474488691148124e-01
3.885713439084545473e-01,-1.823506680898677068e+00
1.065238710588219284e+00,1.033866686787580536e+00
4.648564104006312758e-02,5.853704656799120221e-01
-5.864071416639573542e-01,-8.498888997039515114e-02
1.238620074949234651e+00,-1.645964120840943679e-01
-4.019417669677649019e-01,1.300654285132591403e-01
-4.421602306219319378e-01,1.777439922078929202e+00
4.418735504294021288e-01,-2.630053365032546386e-01
1.475838153320390589e+00,-3.777638076845034054e-01
6.340764395085584093e-01,-7.171901231987385383e-01
-2.509417986294815717e-01,6.158049086153514207e-01
-1.787857012564241788e-01,5.981890019421601812e-01
-9.445175116687438699e-01,1.208668609619338641e+00
2.338574692271077893e-01,-1.097913504987684030e+00
-3.754127071714828401e-01,-7.002214656625387335e-01
4.348888132925106675e-01,6.159983241075225185e-02
-7.879568953917559515e-01,2.017516672807298406e+00
5.219356821119011114e-01,4.622612310558840698e-01
-2.098401595144067794e-02,7.124077327120661440e-01
9.311500983139185672e-02,8.065379237519408884e-01
-2.934349838811630556e-02,-3.990042739549599093e-01
-5.383416853156687276e-01,-2.159474195817074893e-01
1.235833205658160905e+00,6.471355223204252605e-01
8.618587490251718997e-01,-5.239346838702081399e-01
1.451277577210333403e-01,-3.674142505782058699e-01
-2.667217066175313622e-01,-6.581578379293718806e-01
-4.764654459617512217e-01,1.064310770937178408e+00
-2.219891611444182733e-01,6.008271287724121779e-01
-1.467437021240730333e-01,-1.637585035827499869e-01
1.147329482828832070e+00,4.565620627176897317e-01
-9.645623969934201680e-01,-1.599602831537012548e-01
5.913198945323613342e-01,1.170326874642762194e+00
6.541099898850956107e-01,4.990751196341981499e-01
8.108227194457355846e-01,-8.809978251462766696e-01
3.685553913059715914e-01,7.621933377502068119e-01
-8.477387340843060004e-01,1.543352271749160731e-01
8.356856459749706367e-01,-5.648264541206079459e-01
1.392514145184439833e+00,7.169626952795139507e-01
-4.483908155434628839e-01,1.085122827478093299e+00
9.329559479748213979e-01,1.063228511966548773e+00
3.007559065189429059e-01,4.700622897134760225e-01
3.903116133688529499e-01,-1.902781198066590962e+00
-3.936128281607706447e-01,1.459217431346828020e+00
3.041481441323487522e-01,2.352605633415184028e-01
1.077091535057656257e-01,-1.809650417936115252e+00
3.722841291368197969e-01,-2.991399092394910197e-01
-7.756917505535938506e-01,1.207330298887771436e+00
-4.198025740667798433e-01,-1.170060438965627947e+00
-1.336739467944549675e+00,-1.189471242102089210e-01
2.828383601210701093e-01,9.193070016244374587e-01
-1.322581546616473924e-01,3.302130418772588616e-01
1.250013302792362113e-01,-6.423139232030690149e-01
-1.481082216273657659e+00,3.128533023953344178e-02
-1.059413719555442723e+00,6.017633852057722166e-01
-4.269072028956343301e-01,3.839563414700365995e-01
-1.006173559712920218e+00,-1.240420465757365448e-01
1.554106623999967907e+00,-5.695756394497388797e-01
-8.877700800972375683e-01,-1.110911108660139479e-01
1.079201765782405342e+00,-1.122052460994757528e+00
8.110289150221512422e-01,-7.386404824269253711e-01
4.678708247191228908e-01,8.191831875664499218e-01
-2.188484148381675543e-01,8.673305748378694613e-01
2.307180481303544362e+00,4.381309187942964978e-01
1.147684045287805432e+00,-9.408914489457331776e-01
-9.451197424107889988e-01,3.050489489776758191e-03
5.344713268510048465e-01,-5.713471486391092924e-01
2.379721289048309374e-01,-3.381569498351314484e-01
-1.035982077912185328e+00,6.537304222535134102e-01
-6.358204000225810004e-01,3.705331138890092801e-01
2.943448507768647859e-01,1.910960304400760312e-01
1.117317861612329294e-01,-1.890145204089017650e-01
1.771585604130019032e-01,5.418983726107804433e-01
-4.768021163611191882e-01,-7.165332880399269966e-01
8.466994321413222613e-01,8.644900907428627532e-03
-2.092695821198512773e-01,6.042103465553033681e-01
4.940121957006772258e-01,-2.505090415421924455e-01
-1.612660596810177482e+00,1.077302301165978804e+00
1.016131134750424048e+00,4.076889000261427198e-01
5.539963116315752556e-01,1.023262299455494073e+00
-8.276376800627885943e-01,4.171677249616128069e-01
1.282209399026175589e+00,-3.751023379385336198e-02
-8.449045646133879206e-01,-4.690454518926250871e-01
-5.820355885804799900e-01,-1.585837085187352669e+00
1.356630276132612334e+00,1.063356261851928775e+00
-4.911897145619227856e-01,-1.423260263793692859e+00
1.850036557768727219e-01,-5.181065684101306967e-01
6.653955887369815414e-02,6.577174273994742526e-01
1.659393426927966986e-01,2.832364331405012869e-01
1.922978925233909953e-01,-1.065675281523282614e+00
-1.961380876813232088e-01,-5.989448854718042448e-01
-8.811875575133182315e-01,6.929392562337736150e-01
-2.126108844648127993e-01,9.254494892504775416e-01
5.003884841311889708e-01,-3.125183774427656713e-01
6.530874433618355512e-01,-6.128415378736465913e-01
1.584460291582931724e-01,1.835899882289967033e+00
-6.023098741963693881e-01,-2.961000622714032304e-01
1.561115130541407492e+00,4.229214455207212509e-01
-5.238078077319562320e-01,-3.400358243577355360e-02
-6.676257440197942428e-01,5.143183431185323062e-01
1.000258184172781867e-01,-4.269427984912887442e-01
1.573088025580533289e+00,-5.727246725723307286e-01
-9.746187302681657005e-01,-7.317482617684980539e-01
-1.279560742405503770e+00,-1.045023571087192904e+00
3.459077939630659793e-01,-8.132957569532355269e-01
6.727276764134543230e-01,-2.024133502015900699e-01
2.155755673119275517e+00,-3.245139981714562638e-01
3.295991295621500949e-01,6.830978764311709805e-02
1.357014241513861130e-01,-2.687537743612697927e-01
-1.453802663933188688e+00,1.417965933692326708e-01
-7.156509681465740291e-01,3.279425997542904925e-02
3.244586659499435616e-02,-1.014793062423320569e+00
1.246280319952791787e-01,3.645735724347928808e-01
1.840983253635381234e-01,4.189831085633969887e-01
-9.884728489077714286e-01,4.033447607433218729e-02
1.008298969807999379e+00,-5.119560187486157377e-01
-3.538477716981637822e-01,-8.130178935805743023e-02
4.031852632357669775e-01,2.747001748813787669e-01
9.256321391036402835e-01,1.196039783711134286e+00
1.509216297701597043e+00,1.028792578181070977e-02
1.005919015575683417e+00,-6.460989861350512342e-01
2.083317912727631060e-01,7.299887638942159640e-01
5.149278779030772579e-01,2.670114993324417818e-01
5.444978760572537907e-02,4.165825343843024831e-01
4.205124443355401920e-01,-1.590130722595756163e-01
-4.567524561010382622e-01,-2.641704409436703704e-01
-5.159840146028346064e-01,6.732562652557161353e-01
-5.764426115436648290e-01,3.877990715780789133e-01
1.245840953345853652e+00,4.880438077735700653e-02
2.586364158334632513e-01,-3.182521111394049917e-01
-3.180342766634303153e-01,-3.227469394108120615e-01
-5.072242560446706960e-01,-3.661271235202138707e-01
-4.935395408077588031e-01,7.786668158299930864e-02
-1.317759938319802426e-01,1.264068942928169292e+00
1.156209247897508563e+00,-1.062232920217295318e+00
-4.949037543369150249e-01,-2.482983334210220605e-01
5.367172580484256272e-01,-1.181092501011425488e+00
-8.777102802872210896e-01,1.547742536510535727e-01
3.377494210579676803e-01,9.677371533290456129e-02
7.711370045581534827e-01,-2.763345563435859464e-01
-1.066306821558374196e+00,-3.785950993544586196e-01
-1.074246780754775088e+00,1.035200352192731765e+00
-4.904654030505171264e-02,9.386297328805960627e-02
1.433158392511755252e+00,-2.021475614315759173e-01
-1.199498808221310109e-01,1.506257167099486427e+00
-1.223083623952821858e-01,-8.256406900871952059e-01
3.668952288705716880e-01,-7.294482041973867625e-01
2.051858604466661254e-02,3.866987219312403301e-01
-5.597206382072558162e-01,1.782403362802582880e-01
-3.938404632877182121e-02,-9.255589548519238541e-01
7.290714792818413503e-01,6.202346591964024158e-01
1.053769802678266032e+00,-1.652803475077959383e-01
7.954211380880872317e-01,-2.042658505412414671e-01
8.329437888772849297e-01,-1.077759688199171340e-01
-7.744533412580858478e-01,5.293614395072114842e-01
-1.318890747190154089e+00,4.757675023658808344e-02
-3.671070602664749938e-02,2.362656802519249311e-01
1.138372670547759036e+00,1.086240579201591810e-01
-9.355016190429581158e-02,5.134148781864603661e-01
-1.096103538062438654e+00,8.861722641967470504e-02
-1.244401394806854931e-02,4.792531864797187902e-03
-1.872467938466432225e+00,-3.091305381928742824e-01
-8.858325563750366616e-01,-4.471549097846439641e-02
8.008934329354314707e-01,-8.732789918632446469e-01
-1.005990289446071051e+00,6.857827500597255543e-01
8.534669844751086032e-01,2.448025727188269940e-01
-2.416620097078204521e-01,-3.083271117506458103e-01
1.463694056946554412e+00,7.223044798764993724e-01
8.830440680924976637e-02,4.870488442587602163e-01
-5.562268376258764357e-01,-3.207034086460359701e-01
5.319037030166257063e-01,-3.376361716848347294e-01
-3.252803732548686377e-01,7.054780738798451800e-01
4.760113199706979548e-01,1.506542102534504657e-01
9.274849000390869014e-01,-1.484969163413572657e+00
-7.230637751971006333e-01,-9.106839381852395165e-01
3.783291311597087314e-01,-6.379116445927628387e-01
-1.404307721108645490e-01,-5.969945611800357987e-01
9.110293451967640399e-01,2.034802663316447546e+00
-5.060283714831824708e-01,4.833038081376219708e-01
-2.423626537264174652e-01,1.118642502779684467e+00
2.543558644852859096e-01,-7.736212560457080833e-01
3.432146027417881107e-01,1.108614226625118798e-01
-2.650308706540490000e+00,-9.644952947561598045e-01
-1.417578947695677383e-01,-1.074749585261183027e+00
-7.941100531879427202e-03,-5.249190765026237049e-01
-2.324213254442890064e-01,5.595841023711126683e-01
3.014331954549464010e-01,8.378808764244766172e-01
-2.451278690112451975e-01,1.506805459938612701e-01
1.387878386936351825e-04,3.602348008079797603e-02
3.601706071809546161e-01,1.259959830304788531e+00
9.578806733265571305e-01,-4.093649135422705587e-01
5.679956349246275682e-01,-5.530888683573713660e-01
1.210581477249095705e+00,8.066640673159355401e-01
-8.930963167955937587e-01,-1.411834495749868246e-01
1.354523290455714735e-01,-6.176867090188623566e-01
-2.849563451732491370e-01,-2.854761497543011894e-01
-6.745342796391798346e-02,6.437011658330364650e-02
-3.265076688725861431e-01,-1.470046754253408583e+00
-9.723157445504375662e-01,-1.810794683659635806e+00
2.133274795007077396e-01,4.497692509575752506e-01
8.308695923342293010e-01,1.036085729788551069e+00
5.942903392817603381e-01,-6.578510236924036692e-01
-2.501205807179308627e-01,-1.443661641297011133e+00
1.297746282595957812e+00,1.147433757203786264e-01
7.775786169889137289e-02,-6.111878422542621481e-01
6.053178242930967734e-01,-1.493011078239849354e+00
1.068131677273004954e+00,9.795706691563199620e-02
3.972425790085127861e-01,-6.992619796216549277e-01
-3.480683299837772360e-01,3.354659290582147624e-01
-1.899282413123180469e+00,4.948113875738646694e-01
2.313369304306140406e-01,-5.384342258121288527e-01
-1.717014627583967057e-01,-4.405197597482277683e-01
7.800831046683445180e-01,-6.016334821148103806e-01
-1.279732571099667204e+00,5.452945566669521460e-01
4.650949486194842497e-01,-7.204364449468591003e-01
8.445297686058353959e-01,6.344310489782777063e-02
5.316125054280793627e-01,6.740183969382903539e-01
-9.141233441497413903e-01,2.708156749626787207e-01
7.813786691542656815e-01,-1.616116348806684033e-01
1.520106329039885518e+00,7.508561354088186812e-01
-1.444844899414555670e-02,-4.351209559322190001e-01
8.838311734339391323e-01,1.597776651040044182e+00
-7.654197934130978903e-03,-1.210752163154335204e+00
4.624196949876323570e-01,-1.052599092295491090e+00
1.247956800979683978e+00,4.368969621089933697e-01
-2.200492605612930641e-01,7.898630324936424252e-01
-1.226344503958357451e-01,2.286808336284659737e-01
4.627756595465419287e-01,5.914528310165849678e-01
1.082397788982811138e+00,1.021702356984976356e+00
7.839728408810769933e-01,1.446244663718649015e+00
1.426122969121625395e-01,-3.042184638767566063e-01
-5.837787438361350389e-01,5.456225313230785856e-01
-4.795744821068586433e-02,4.959108789210063262e-01
-1.789710073038854043e-01,7.045222311350638478e-01
-8.335184004163856963e-01,-3.652448633623902596e-01
-5.069886887435733902e-01,8.487065126251672753e-01
3.331190145135380920e-01,9.418471399797972987e-02
-3.727166314336471942e-01,3.478430259363705646e-01
-3.735971626184281247e-01,-1.007698448096311372e-01
-4.517222934064776818e-02,-7.791261529915836925e-02
1.111583094682073170e-01,3.157309485753604372e-01
7.760112132229929349e-02,-5.492188038302833197e-01
2.624078434118082837e-01,3.653671805805264738e-01
-1.097338814251821892e+00,-6.041002722461041863e-01
-4.771978937720015579e-01,5.369658021202226017e-01
-1.106654716533619215e-01,3.545593680526377134e-01
-2.364414625377905255e-01,1.266895750381258123e+00
1.586793887538502090e-01,7.935580031815268054e-01
7.499401177727442747e-01,1.377258997290206344e-01
5.411375750629574544e-01,7.854557927566286901e-01
-1.184056723010097123e+00,-4.144866380923541427e-01
-1.001909115724099797e+00,4.206640938800937923e-01
-1.910119009936312451e-01,1.245601109824797659e+00
-4.318726237687285363e-01,5.657347362963982551e-01
-7.199889911097087647e-02,-2.716420288993276477e-01
-6.231308394276039442e-01,3.900574371717052680e-01
6.865149251120179763e-02,3.141773911866330149e-01
8.502126669409976190e-01,5.657714388306063213e-01
-8.505428062447905058e-01,6.319118937613845688e-01
-6.578917595021163134e-01,1.976283593494279900e-01
2.633740836193797230e-02,-6.940641475618861689e-01
5.667403529773250570e-01,-1.561729829465254626e+00
-7.938919752806814500e-01,-9.053080997661989704e-01
3.197267148229346323e-01,2.771591201993056641e-01
8.850732130374632245e-01,-6.825963775623667962e-01
1.470548170104018171e+00,2.879002355510221767e-01
4.488582348455615878e-01,-3.833705873873840542e-01
7.256362052420158026e-02,-6.627498144704774274e-01
1.972618828009662373e+00,1.078872418203709604e-01
1.440135317347690957e+00,1.191749519779150335e+00
-4.534587407967715506e-02,1.493080815964976882e+00
-1.847535942565531997e+00,7.169747576878090500e-01
6.950222609216996084e-01,-3.797151176657079241e-01
4.252470512683387271e-01,-3.954803714937850656e-01
1.001161854712620647e+00,-1.452275225373043377e-01
-7.983827047058640602e-02,-1.269551930302548759e-01
-8.167095715119617738e-01,-1.731049303949377394e-01
-9.408083541643392778e-01,-2.404157543954704157e-01
-2.458116465872570433e-01,-3.406218961582283544e-01
-1.168773128520719462e+00,-1.776091008642649294e-01
6.616880141416983108e-01,-1.068015287030801286e+00
-7.282963222509103440e-01,3.361458144364373735e-01
-4.259679107676008214e-01,1.713611955877057391e-01
-1.916965080001132027e-01,3.134204249538720399e-02
-1.329313139326266047e+00,7.010197058570667439e-01
-3.618613792963142894e-01,-1.204135226016348793e-02
3.705432494189470627e-01,1.373295119729123215e-01
-7.690629954233418886e-01,6.090980636450425978e-01
7.393393975527835782e-02,2.170304225861242831e+00
7.782091008215634709e-01,-5.238696412644725520e-01
1.049453068381787368e-01,-9.107751986878732942e-02
-2.429642385610893962e-01,-7.023327978227561497e-01
9.027278130639911913e-01,-8.704624797128557301e-01
1.306642989055588344e-01,3.914765943167234363e-01
1.199932329955736982e-01,-4.943749298315067708e-01
8.307079205109495490e-01,2.253472164413770074e-01
5.572777471190679677e-01,-3.076334182148346419e-01
-4.919144881205793629e-01,-4.554453172044980458e-01
4.734228147340853732e-01,-1.385992820767932288e-01
1.261377337019638223e-01,-1.412137864574192436e+00
1.553738816948504020e+00,-6.090007329529153468e-01
1.823956809381647726e-01,-7.476712054893361881e-01
-2.116629142727776414e-01,3.141065130794966631e-01
6.157738793197088667e-02,-3.571065708985166620e-01
-6.815545724838063812e-02,-5.857478067219000772e-01
3.398024626110299207e-01,-9.429823130270186260e-01
7.450636565596758798e-01,-1.725983435236437158e+00
8.367669021277958363e-02,-1.801006108835612463e-01
1.506964850625004626e+00,8.859511586510052661e-01
-8.289334560227753501e-01,4.189930267732819846e-01
4.622827879356822822e-01,-8.203797509173971214e-01
-1.722066301841297387e-01,-1.414947253566790408e+00
4.667180670002817056e-02,-3.934964018433161903e-01
-7.997071883678982251e-01,6.880706501006392806e-01
-6.116112631474237560e-01,5.314183458371640745e-02
-4.929527515349453326e-01,6.067310283256714953e-01
1.199635805493956209e+00,-1.551482837342881504e+00
-8.145286876616258942e-01,-1.195965186655467138e-01
2.545143196715076717e-01,8.639381717346292233e-02
4.639783481354489703e-01,-7.134446049573811566e-01
1.183780786706653432e+00,2.459510257885349771e-01
1.973140313467191875e+00,9.557053388375759129e-01
7.170339787205551318e-02,8.272113228252512274e-01
-3.678784115134018928e-01,-4.371697933176577622e-01
-7.411603098872318052e-01,1.208056702280009054e+00
4.470908893545076923e-01,-8.536400456394890313e-01
-5.765300050979385027e-01,-2.942165926864118708e-01
-1.345360568884288455e+00,-1.646489769884438514e+00
-6.204405160777923811e-01,-1.241091322229828764e+00
1.146741615239705192e+00,5.099450397425238091e-01
-9.302425431081593615e-03,1.876134110467008176e-01
-5.957771046543217652e-01,-2.210868005635978073e-01
1.005394329061312098e+00,-1.381892106121613395e+00
1.067999445409855697e-01,5.433692182077558552e-01
3.492842989799742059e-01,1.045665309254752540e+00
-1.369524601346542858e-01,-2.588540504094382078e-01
6.799482131226859405e-01,-2.306806616850616831e-01
1.089383852329190328e+00,1.427428591604997354e+00
1.163446585867838612e-01,8.607068040083259985e-02
2.019031340372216474e-02,-1.104036921828152940e+00
-7.554152234015588663e-01,2.280128919412397759e-01
-3.482636077308730038e-01,-3.575088727239071340e-01
-4.323482629303304625e-01,4.386825638403891725e-01
5.098277512076440088e-01,7.529716189319219932e-01
-6.099889127558546509e-01,4.504800331511181199e-01
4.857765538400906080e-01,1.052069951687766292e+00
-6.600708356138125232e-01,3.883112991921773838e-01
1.628104980599819784e+00,-7.142918106954302404e-01
6.824305746146449581e-01,-8.797780208650231026e-01
-6.839254780453452032e-01,-9.298643216134994116e-01
-5.803545371033891342e-01,-1.335720163708744357e+00
1.921400528294187504e+00,3.666431160031271563e-01
1.267255313952042606e+00,-7.401770146317661059e-01
-9.857888581039825349e-02,-7.879558316177452670e-02
-6.532633735430827260e-01,2.999595929097473856e-01
2.770674067654165795e-01,1.656803128746280551e+00
1.682171918048040449e-01,5.340300523357700557e-01
1.568577899764342476e+00,3.377079833216698468e-01
-1.761684665217772561e-01,-9.800335049586363922e-01
7.022332549478126074e-02,2.661561703975530713e-01
-3.795395267801179862e-01,-4.271506917836860873e-01
1.171950423144995757e+00,-2.360797072309400169e-01
1.204139818943063961e-01,1.320871651180599127e+00
4.602675842176107146e-01,-9.808041359714399221e-02
5.642878764888377939e-03,2.174688285335833748e-01
1.044754398460447931e-01,9.294639223866175692e-01
4.092769666713390597e-01,5.992091379670101414e-01
-5.147374223561611561e-01,8.946690680153012165e-01
-1.247708227567500883e+00,-7.426380690624748704e-01
-8.752359703074090724e-01,-1.389963301770656967e-01
1.235662530109924578e-01,1.539683207503481643e+00
1.420186289485279696e+00,9.668309276982723910e-01
1.113379222595044515e+00,1.709062180584113577e-01
1.000860406925328405e+00,-3.131567322414126608e-01
-6.617592291431190210e-01,-1.705286701885857237e-01
7.904679534774616823e-01,7.239158376988092947e-01
1.814012749977015337e-01,-2.013575930210790288e-01
-4.518992455685739706e-01,5.008048380267287047e-01
1.035029116514914888e-01,1.384428662836363066e-01
-4.518747363259314476e-01,1.207321715196880141e-01
-3.124595222033260677e-01,8.151891327088277572e-01
-5.208711088481435825e-01,-6.757260452410397689e-02
-1.287811287765428803e-01,-2.021607295829108142e-01
2.496843782785290039e-02,3.273569555150798727e-01
4.848914735387115926e-01,1.522289637391383288e-01
-4.173958281640466894e-01,-6.865871039883488791e-01
-1.801057989632906864e+00,1.736454696848690749e-01
-2.951333350564482871e-01,2.460261625473597960e-02
-3.291811266752998066e-01,1.185835008835310012e+00
9.458856822667519593e-01,-1.718084921846166013e+00
9.422275465423720631e-01,-9.459589553612380852e-01
7.360454090275598826e-01,4.419925313222687890e-01
-5.099334686828417285e-01,1.404415497884424102e+00
1.401379578789462288e+00,-4.213821743488112004e-01
1.383457172225534826e-01,4.076676861563381937e-01
3.871455471519279490e-01,-6.001997461817821788e-01
7.187197790023529542e-01,-1.191105240694671830e+00
7.316959270574332486e-01,1.971932689617087731e-01
3.843928319240964148e-02,-1.695931327853807957e+00
3.604503686392058204e-01,-1.534506802513819101e+00
4.829730471560108596e-01,1.942486812709516730e+00
-8.423856322858265244e-01,1.246634316592368646e-01
-7.378599587733245535e-01,-4.520207254412164644e-01
-2.612625249204737488e-01,-4.568764488781521527e-01
-5.729787368482046617e-01,8.274976391275252752e-01
4.934937143084641709e-01,8.923789860441857513e-01
1.328220717204158907e+00,7.267931772481188435e-02
2.238876914921266170e-01,-8.365411089813084011e-01
8.450253466163099025e-01,3.721309937345249064e-01
-1.409436779478634882e+00,-6.755103327559599524e-01
3.806809925766939662e-01,1.081461713438110595e+00
-7.367134342988493900e-01,1.953323728826064976e+00
-9.770725608508085136e-02,1.778703201208597928e-02
-1.195249616646544943e+00,-7.153586083315820188e-02
-3.772531664572105758e-01,-5.489618992475383541e-01
1.460869963340885702e+00,6.986281512367898960e-01
-8.648731510140379372e-03,-1.274577631286422541e+00
1.217109372796339350e+00,1.528246512345827091e+00
-5.728745076679876425e-01,9.577121607847179086e-02
2.670999338333228737e-02,6.526911576707722373e-01
-1.160010756049635883e-01,5.809703174292134564e-01
-1.023935524977701128e+00,-2.601323832111407386e-01
7.778946385629649241e-01,-5.718633068016583110e-01
-4.880932986492902415e-01,-8.797384434115101959e-01
-3.727856059219709084e-01,3.406548368764484302e-01
2.353256391784146473e-01,1.504138907643741419e-01
-2.442130063287865915e-01,4.877888261736804676e-01
2.839306031015930709e-01,1.128061333388937326e+00
8.426049271283079234e-01,-7.871218593459637647e-02
3.914357367526331150e-02,-1.184649793752896141e+00
3.748037155517069396e-01,-7.164467173708468639e-01
-1.920274582345398717e-01,8.054553498093539599e-01
-1.022617280835712794e+00,1.398293258925316640e-01
-6.074504051301927721e-01,-1.262249961274281462e+00
2.322702926033031190e-01,-2.027501794498833831e-01
-6.195770754151049831e-01,1.101367654926032058e+00
-7.863496312524634879e-01,-3.429299064446286738e-01
-1.826041664226527861e-01,-7.429463018417704623e-01
-2.634154979606055935e-01,1.295349780149050334e+00
6.148173679153108306e-01,-1.036520299924744926e+00
2.143945983479379480e-01,-8.930542870197611949e-01
1.401249725634111654e+00,1.679411903965127850e+00
5.871279200567438572e-01,7.437617268507228374e-01
-2.077770028518338696e-01,-1.441857595405464432e+00
1.169079102062889008e+00,-1.076163817488181795e+00
3.593402938268860924e-01,3.467128693304779574e-01
-5.594133095507288767e-01,4.290975577189923840e-01
-4.131346838080229844e-01,9.701554810628933156e-02
-3.804987888597597956e-01,-1.613047444890829962e-01
2.119896726014108557e-01,3.563753026231371024e-01
2.645866846898011771e-01,7.421894624554176145e-01
1.625561288887522604e-01,1.010400077471884372e-01
-1.104108643909076148e+00,-1.436318326320295213e+00
1.721942119354306744e+00,2.231363289634992475e-02
1.234503169617873625e-01,-1.079444564361457637e+00
-1.091906360150420204e-02,-1.077549810695099392e-01
-7.642333831486302076e-01,3.146571811151997466e-01
-4.952629386442894410e-02,-7.376944244704414233e-01
1.755163649342570895e-02,-3.954989752041123685e-01
6.425391180419945947e-01,9.343886275678562336e-01
-4.650422229603109504e-03,3.468745141511569985e-01
5.375596653600743791e-01,-5.377888560214256763e-01
-6.616584387860829919e-02,-3.989433986892768069e-01
-8.051501202241365673e-01,-9.782333000209830765e-01
-3.248363467948459649e-01,-5.881180073902178007e-01
4.044301203579501180e-01,4.299262747556654163e-01
1.278398357074764569e+00,-6.820593607377329892e-01
-8.031226250861908111e-01,1.108721883706364902e-01
7.362266346046490995e-01,-6.725677692464544499e-01
1.188840665059994334e-01,-1.317742427207672318e+00
-8.475401404936625527e-01,1.834245694268369156e-02
-3.447051684799631865e-01,1.170264089695616017e+00
-8.298308222352247798e-02,3.718325797337828642e-01
-3.386046695240833015e-01,3.991010140649569604e-01
3.589661328878208241e-02,6.223516955349851498e-01
-1.607485511037024306e+00,-1.524186207066868803e-01
-1.203929102590817202e+00,-6.801614245918947699e-01
-9.440107741396244201e-01,2.091121237856463366e-01
2.915742927667993034e-01,1.884408170771074253e+00
-2.292282245786610717e-01,-2.797302313752012548e-01
8.689687731649556324e-02,-8.093644853497121705e-01
6.228495471739647904e-01,-7.752095630940144533e-01
-5.013867023989805327e-01,-8.004098696018606685e-01
-8.937792709013049341e-01,8.723511370291529010e-01
-6.924632361508576972e-01,-3.292534148495104840e-01
8.862423050849261852e-01,-1.059009576306910283e+00
-4.969583887028014013e-01,-5.352221331580080399e-01
1.179990940060280380e-01,2.200334708627418312e-01
-3.169986562377072326e-01,-2.999864269332857547e-01
-5.929723975553041759e-01,-4.467958781439675953e-01
-3.507502506098074402e-02,-1.384632435011833529e+00
-3.305519160377402565e-01,1.140589400804366438e+00
-3.520127919863494936e-01,-2.568506800629455911e-01
-6.824310490339793311e-01,-6.990595619392675486e-01
1.376523633304603589e+00,3.682168294987288037e-01
2.358079304975193580e-01,8.428212482482834167e-01
7.014237427926980351e-01,-2.593507162504852026e+00
6.761544814644432355e-01,-2.325913599417187783e+00
-7.152722670566825924e-02,-1.754859810387984498e-01
-2.977776471978385575e-01,-2.424850759509773052e-02
4.076552571454260532e-01,-2.449679034819023382e-01
1.647168131745190278e-01,-7.047859316586670975e-01
-3.432924362787158623e-01,-2.121688209787193913e-01
3.315788388463294933e-02,-2.533892926821862401e-01
-4.184725654843075571e-01,-7.947461477747528313e-01
-8.525209360940905201e-01,9.840945698329695013e-01
-8.872468399301822184e-02,5.902319688160574396e-01
-2.107060912199048286e-01,7.065158052950947232e-01
1.252655462000884290e+00,1.017622612183669562e+00
7.363860312270061881e-01,5.154282285924999263e-01
2.997738087606912627e-01,6.317427430816599521e-02
-2.539304097947480132e-01,-8.587672705517797045e-01
3.324748452965070600e-01,1.179875338345234059e+00
1.389975193800317144e-01,-1.088984455468062995e+00
6.270084456567734943e-01,-2.019205858362703943e+00
1.733577873626991270e-02,9.500132028455011701e-01
2.488916071299047128e-01,-9.495384782826329917e-02
-2.479193212893407994e-01,-3.354431608820254707e-01
9.414431359898464136e-01,1.269958078569888515e+00
-2.255116090357992542e-01,-4.615982149927506245e-02
1.132748516588569565e+00,-9.211393172150730835e-02
-6.809082109047717157e-01,-1.425550041147944161e-02
-2.492698884576557278e-02,-9.798658721821273954e-01
-1.677922098756590708e-01,-6.228036765647886330e-01
9.577867399056338993e-01,-4.762477699460396230e-01
-1.630374514771096184e+00,-7.201234588883417276e-01
3.365779150995536484e-01,3.499516656561982852e-01
1.041145395094676962e+00,-1.252980973932219522e+00
-1.727429011606778364e-01,-1.355892403444434180e-01
5.759350307040165262e-01,1.660877898243351858e+00
6.424741034304644050e-01,1.333054503956146997e-01
-1.195632006506328171e+00,-2.290457439454537947e-02
-8.115314436106206564e-02,9.764303077721327995e-01
1.411566952049367440e+00,1.721278353765510333e-02
2.960139710583842287e-01,-4.854051920394089059e-01
-6.777790011161186068e-02,-4.425918053991372836e-01
-6.580123527598401578e-01,1.388326873388442406e-01
1.187554234342605097e+00,6.191857494105905690e-01
-7.403329248931940221e-01,-1.805298704355506878e-01
-9.772100721501957299e-01,-1.700061655245915793e-01
-1.001197681683993146e+00,-6.165785205021415694e-01
-7.617337667125445577e-01,5.228894933132050005e-01
-1.095891828260603162e+00,-1.174144814232197964e+00
6.271209727543961554e-01,-5.136793111851805094e-01
4.529466910877164021e-01,-9.609355265918079203e-01
-1.672555218258063581e-01,5.319494494393988138e-01
-8.899912627086160599e-01,8.776014474315843028e-01
2.561010678222258585e-01,2.964309365287282616e-01
1.202116294844608912e+00,4.129630229379864237e-01
-4.919298057672287228e-01,1.418155084922408382e-01
7.442789147356125845e-01,-1.263379494949979698e+00
3.638750284837996007e-01,-3.118584615189837761e-01
7.916280660926657831e-01,4.931767984609315980e-01
1.189201778362980466e+00,-5.889144674469900531e-01
6.075091700426143992e-01,1.277883859319903781e-01
-1.207625505251984421e+00,6.372493974336446154e-01
2.341050806426530073e-01,3.452924644366285878e-01
-2.860295592455087132e-01,-4.468444756529680872e-01
1.099250097171999840e-01,8.906808441274088883e-01
1.324168458183937025e+00,5.540758017306980365e-01
9.071912302243615445e-01,6.254079052555718832e-01
-1.399084979674602991e-01,-3.079356100628292681e-01
3.715317873655607506e-01,7.142842684374599571e-01
-9.546491653972939695e-02,9.461952202756768182e-01
-5.819602111687940393e-01,-8.181981290456329381e-01
7.804990669016875771e-01,9.056714851421263646e-01
4.552749103743948811e-01,-1.327004898606199523e+00
5.292109454718999517e-01,7.923375039845473866e-01
-3.052770793281118222e-01,-5.282945479414624668e-01
9.266929923462253749e-01,2.134621464841220465e-02
-1.013010837785811580e+00,9.427767814063958696e-01
-3.288409463050792625e-01,-5.266814187800278324e-02
3.475169486245426875e-01,-3.666492062676906527e-01
-7.199678439968318910e-01,-1.642990173537842269e+00
-4.435214848048955605e-01,-4.849893442877619143e-01
1.762145346151015313e-01,-2.007336356298776159e-01
1.307419436380934830e+00,-1.647004685506224184e-02
-4.807960364893618110e-01,-5.342874868883477069e-01
-3.224867923398488240e-02,1.528331070836697891e-01
1.109838392323866385e+00,4.169544769754133240e-01
-2.330030387824360283e-01,2.428797812067590434e-01
-1.544378229428758020e+00,4.753378721065424917e-01
4.911829891478435850e-01,6.699275835512982225e-01
-1.874390818302193729e-01,5.859610038055632630e-01
4.039583267420129298e-01,-3.363197150131493757e-02
-2.193786128733443141e-01,2.108242266711442270e-01
-9.315253213739854710e-01,7.102739016954390250e-01
-3.185477140853096856e-01,-1.060438972735431307e+00
-4.716393756023375960e-01,-1.772621524905991341e+00
3.732552679938758722e-01,-1.043022913522904105e+00
-8.961617629207114799e-01,5.459486726498321563e-01
1.165296069847187699e+00,-9.329194166266747690e-01
3.895071252858540722e-01,4.490638518951807212e-01
5.007467055212111440e-01,2.675269565026645591e-01
-6.340961536976472690e-01,-2.793592760145603981e-01
3.309056363833764308e-02,-6.670108796650324745e-01
3.977453398030376674e-01,1.957372043058701161e+00
-1.088527622888622703e+00,-1.398059250384945162e+00
2.003186032683892948e-01,-1.221901262203559935e-01
1.319264245540270553e+00,-1.205902398861556035e+00
-9.914446860033888642e-01,-1.524240715409386882e+00
-9.798497999478233966e-01,-2.875399881997063312e-01
-1.099007549233971703e+00,1.585991287074272338e-01
-9.033726395460232039e-01,9.941906950274475019e-01
6.151081325236081726e-02,-3.081381563488335695e-01
7.678992474128021328e-01,-1.292367152601055502e-01
4.070478971155835901e-01,-1.611381306258495294e-01
-1.986549528713364987e-01,-5.276308938877780630e-01
-1.678484548912791141e-01,-7.781143166164802283e-01
-9.898230269411145699e-02,-8.728174701245438039e-01
-7.825217901810507248e-01,-5.450945444342130131e-01
5.977846685584724540e-01,1.365815156405061626e-01
8.092915719544666597e-01,-1.611465751634611365e+00
-7.802853608267814600e-01,6.635549209516119484e-01
4.813629317722729617e-01,-5.902132070897686544e-01
6.853832557587289376e-01,8.779267820286766888e-01
-6.301025220901415036e-01,2.128828043203232628e-02
-7.753341482668821838e-01,-4.009435921632362176e-01
-8.251019225395187506e-01,-8.448414580929521911e-01
5.674784198565816506e-01,1.272402722166558808e+00
4.505662957991419804e-01,1.319038798788025879e-01
6.509525601237357018e-01,-1.242542063709582756e+00
-8.557767625331661465e-01,-2.347552640596369811e-01
1.133067315513818368e-01,-6.534907926471722472e-02
1.108355051103009359e+00,7.363683472672629682e-01
4.198763250340211139e-01,-1.004614075312393329e+00
9.235709216971533797e-01,-8.086931966630613866e-01
-4.923959778472982718e-01,9.919341303526990616e-01
-1.364368302178110559e+00,1.973955567927716537e-01
-5.523073704109798809e-01,-1.038037157984351477e+00
-5.918048772938343527e-01,-1.013338560227475399e-01
9.866849813710254491e-02,2.370961283271085518e-01
4.101384544422400080e-01,-1.585515853149526699e-01
1.270785903289631778e-02,-5.169128295934419803e-01
1.202377963907337755e+00,-1.152915268161512241e+00
1.625748953280284459e+00,-6.102194992573983789e-01
1.164750602474803470e-01,-4.656435459637839891e-01
-6.533144098898303609e-01,-1.347675827706916296e+00
-1.190605167849836166e+00,-4.118161565949916836e-02
-1.596778431008031518e+00,-3.957534233764667952e-01
1.414364257647695300e-01,3.539677555229800432e-01
1.106544614616598476e+00,9.724272154300477311e-01
1.675747747921931818e+00,3.186872187758628405e-02
1.459327989199042497e+00,2.516804108361088421e-02
-1.266567652479436479e+00,2.568334852741718244e-01
-6.106391455305171245e-01,-3.830232139705762040e-01
8.993964543168173620e-01,1.098741022319842386e-01
5.646473401174102458e-01,-6.126617067302315700e-01
7.182714884523230259e-01,-2.858425017526380896e-01
9.004502885688629721e-02,-6.141768104576850185e-01
-1.029938465562285632e+00,-1.014388458750478561e+00
-4.190771736066016273e-01,-4.334175773498565032e-02
2.349329885606301904e-01,-7.137184943517088653e-01
-7.117117794037193246e-01,4.023725935535107379e-01
-1.598119007493692956e-01,2.133632091764486594e-01
1.118835691228033391e-01,2.626268100290303220e-01
-3.295559101613116382e-01,1.212032181621368165e+00
-2.817143702504089076e-01,2.919931200467237309e-01
-4.869370041178888719e-01,-3.638277894833942816e-01
-9.088707044127036783e-01,-6.039773159939682001e-01
-1.704846441721192374e+00,-3.102128353615276057e-01
-9.459567617156596775e-01,-4.474361969222968582e-01
2.251870252516753323e-01,1.989930104113444009e-01
4.470311433747138907e-01,-9.097096896784330200e-01
-7.352785920530852115e-01,7.945575332136060043e-01
-5.252658690428730903e-01,5.147679828928800605e-01
3.193904994038945788e-02,1.808400257477761341e+00
-2.803305088603606499e-01,-5.922469475559328789e-01
3.154151513608373092e-01,-2.511958641636349854e-01
6.634493694152590049e-01,3.284060996526376175e-01
1.380342868058512806e+00,1.878245024616858605e-01
-9.217338827037422355e-01,2.023016029684145123e-01
4.986307298087608308e-02,-5.657777573008836436e-01
5.757967194303482278e-02,-4.256775658641286930e-01
-9.533660813792965705e-01,6.547191877628351087e-01
7.640885552252851820e-01,-7.815498107749654366e-01
2.671582885055561185e-01,1.112948964271060381e+00
5.312383522247782208e-01,1.841985488767233115e+00
5.756128747654121192e-01,-2.148371138419070125e-01
1.653389224644229993e-01,5.398690468451562419e-01
1.533190253746755105e-01,-2.789543786987256357e-01
-9.311566633485099387e-02,6.798914696644738909e-01
1.652703304155859077e-03,-4.125692320400496382e-01
-4.442226462491163930e-01,-9.679507137717204834e-01
8.203031230568404997e-01,2.069071252448284604e+00
-1.159621419734331305e+00,3.134375003354773481e-01
-8.471020307122097137e-02,-1.142374405258257175e+00
1.022111134734923654e+00,-3.600248700751775832e-01
-7.221660904113931245e-01,1.605567478630185729e-01
-1.339599003338224903e-01,-1.809048701749548307e-02
-7.057228292692941940e-01,5.134849989997234548e-02
-7.613938724990031437e-01,-2.521029612204843673e-01
-6.172021165742122006e-01,-1.172637839120499903e+00
-3.864829341897522696e-01,9.888353391364089751e-01
4.324307556638322114e-01,-1.047513945418561576e+00
4.531798564278871622e-01,7.182965346951919461e-01
7.908294468913535935e-01,-7.687171903947371820e-01
-9.600994468929454628e-01,-6.459249966700028600e-02
5.339226578256543038e-02,8.742308578716273537e-01
6.177845161667513407e-01,7.402074721302177585e-01
-6.061024323095489663e-01,-1.054731348663470847e+00
-3.058706022539034453e-01,3.858261477636921732e-01
1.483987814051193288e+00,-4.833640962494870075e-01
8.387074739392551548e-01,2.292444814992797980e-02
1.655836706649448098e-02,8.105930911749301693e-01
-1.270820851864374434e+00,6.364104835593503706e-01
8.591067843856996511e-01,4.646062527106999407e-01
-5.239923762950010611e-01,2.757645340581056370e-01
2.460953099555633905e-01,-4.742715190654881452e-01
5.656504358183688241e-01,5.180332808902525510e-02
-1.285764403573473214e+00,1.604081073269179869e-01
3.657370934716949740e-01,3.164907606861568357e-01
2.885388389536038822e-01,4.853019900006265708e-01
-7.390143590731531598e-01,-1.023499118401999697e+00
2.178403063943482321e-01,-5.539893252527746670e-01
-1.506896597749650679e+00,-2.138893205617613258e-01
-9.584251487832078364e-01,-8.471111325129533631e-02
2.116247069960274507e-01,-1.047529060499749365e+00
-6.247754035501819070e-01,-4.454266180311958895e-02
2.825615658243658679e-01,-8.320810102495524996e-01
-7.650893718963672763e-01,-7.120056141196102750e-01
-3.485572042424198158e-01,1.863904534939171409e-01
2.783366898840990422e-01,9.596833436656676541e-01
-1.238457390955199910e+00,1.508749101808765314e+00
1.470482224248556902e+00,1.140416704907871281e+00
1.080709061278549848e-01,-6.680273504013323205e-01
8.475127612979807545e-02,1.318341256638476011e+00
-4.672249474706973160e-01,-5.372555015087463609e-02
-5.198311277070770675e-01,-9.437620565634584624e-01
6.196278185543516726e-01,-3.784402416397014690e-01
-2.891395883767158836e-01,7.043782016839078564e-02
1.612449264505720348e-01,-1.817696960759314528e+00
3.233382458022859840e-01,4.015339693100064000e-01
7.066481727160303095e-01,-2.639571709283733969e-01
-3.819836831477303463e-01,4.293268950440872755e-01
3.356178052243994347e-01,3.620646601940126219e-01
-5.667240846281785815e-01,-1.797059162797614018e+00
-5.404940056828652084e-01,-1.086217877798308029e+00
-1.786626826960434899e-01,4.523087538574351307e-01
-4.825801885127620761e-01,6.172278628074278073e-01
4.436131830421260469e-01,-5.288846118259292739e-01
-1.742128200221294831e-01,6.630058890213929024e-01
-2.004804844353569870e-01,-1.536505054364349032e+00
-8.947597387784629319e-01,-9.593292920696943060e-01
5.543578365064291136e-01,-2.843452275830583575e-01
1.180026011759062327e-01,5.104380462045754463e-01
-1.183556798419514777e+00,-6.294173882545521792e-01
2.228943044003798557e-01,-3.626675538230313411e-01
-2.886785159038845472e-01,7.246437771870558597e-01
3.332730544181340959e-01,9.315083387271686499e-01
-4.349018241221175307e-01,1.317602408778047129e+00
-1.544778466309213227e+00,1.043564244001501162e+00
1.637204122898569814e-01,-1.138142299055500267e-01
-9.675285494425573951e-01,-8.309961056403393220e-01
-6.720805059555687855e-01,2.677366445784361004e-01
-5.382969254400835624e-01,-1.425916958109025190e+00
-9.253819388256967482e-01,6.799671301246101862e-01
-1.930314711195500188e-01,-5.390407137257237080e-01
2.675837572468697245e-01,-6.466394251843681218e-01
3.311498643862593738e-01,-1.370118804014864633e+00
-9.780468531858814707e-01,-1.339205465830981545e+00
7.445061834585340321e-01,1.192014590087075554e+00
8.353918550343444327e-01,-1.276484693109653235e-01
3.079941163794150949e-01,-1.025468505152299814e+00
1.660382148133288549e+00,1.113406653204072283e+00
-1.094191046453974803e+00,-6.077074686254441138e-01
-1.623070525351172355e+00,4.898703616916011971e-01
5.646384371416515169e-01,-4.022077641383873248e-01
-2.540607071487569479e-01,7.083765210681910451e-01
3.718494691108115702e-01,-1.781762787683998928e-01
1.732250621036210136e-01,-8.519637588149081564e-01
7.876190613789122441e-01,3.644037098521437090e-01
1.501459287665203313e-01,-1.815522020053906171e+00
1.412070567353936879e+00,1.258754919703002573e+00
3.753651533641936267e-01,-6.315999719406116819e-01
1.243495375919087875e+00,-3.023331891933173643e-01
-9.531195464533989692e-02,-9.991796969073760692e-01
8.111366352276683234e-01,-8.808917810841095930e-01
5.540679636194794089e-01,1.082061457461977183e-01
4.558529634777737649e-01,2.106465780060073900e-01
8.641865943826932961e-01,2.977908394474138715e-02
-1.646887917169559623e+00,-7.751528584944242795e-01
3.453089407381976228e-01,-5.394402034313690031e-01
1.087902899099880555e-01,-1.078475606277108589e+00
-1.112363236271262545e+00,-1.637211106833312835e-01
-1.911969029562370082e-01,-1.811385944747648247e-02
-4.273660392702463007e-01,6.519230268142105489e-01
3.840031649116782964e-01,-3.514785170961776117e-02
-3.475296553809072431e-01,-1.342469426842116897e+00
-2.387087051453464503e-01,-8.089319136162065327e-01
1.369202577757311801e+00,6.082091721984700383e-01
-1.525033605592034935e-01,7.348749778403238508e-01
4.523195320275922859e-01,-1.141975503960803717e+00
1.136518934866157293e+00,1.033023868774910703e+00
4.697020628353573146e-01,-1.090033041585106277e+00
1.197930629470827651e-01,-2.809926127544319918e-01
1.620677913401891157e-01,-1.999520005479535900e+00
1.949983794087154984e-02,9.419779153035304775e-01
-2.565402470935398277e-02,6.617875779231635613e-01
7.254668067617087157e-01,-3.321472813783009070e-01
5.118764223503968758e-01,9.193240906934537771e-01
-2.425615332965556925e-01,6.773568175314771400e-01
5.469048958429665319e-01,7.720948552657264097e-01
6.283263523413697982e-01,1.513703751930044028e+00
-7.251386056534975255e-01,-4.573020877181723232e-01
-1.232202408203308064e+00,-8.110858647480220229e-01
-7.574187412970458944e-01,-5.254761837785595358e-01
5.922652914828363535e-01,-8.845130752145432540e-01
-1.292535737347609182e+00,-6.630731310610894769e-02
-9.845829553317455574e-01,-1.605253700418449947e+00
1.327338823388543920e+00,-3.334738345431775275e-01
2.262947454858844354e-01,-1.103053716710050258e+00
-1.132742478405088793e+00,-9.002212061337029614e-02
1.730818087271395189e-01,1.139937008239839678e+00
-1.103075618904279409e+00,9.755980867520667177e-01
6.992782660931069483e-01,-5.533483226546999090e-01
-5.436298091468682037e-01,-2.490992612295008790e-01
7.163325096196565545e-01,-4.434481578152701942e-02
-1.059353894869188517e+00,-6.005341761756676222e-01
-4.082789367130116864e-01,-6.962027185892692982e-01
8.858239788594657327e-01,7.472111298079860131e-02
3.864245909058254824e-01,-2.545023392051702915e-01
5.947394180763495575e-01,2.293959056974404220e-01
1.075318736547611786e+00,-4.085699222764917898e-02
4.343548560576812601e-01,-9.697535462972879383e-01
9.786510174740785661e-01,-4.644762241921780999e-01
6.406571400559476492e-01,5.555419461264314573e-02
-1.112543250877554124e+00,5.500846975575243158e-01
1.744734302091841327e+00,2.481960152930682839e-01
-2.152372170817202779e-01,4.537656869478268185e-01
5.007861427798804797e-03,5.108657908698877037e-01
-3.677124758767353341e-01,-1.035121101112880665e-01
-6.853973064622657929e-02,9.535805483267539850e-01
-4.375912657505815484e-01,8.173074758220388869e-01
1.714273219650781221e-01,-1.243821321369593003e+00
-6.981138570866639581e-01,3.839115443918257875e-01
-1.545635160742279801e+00,7.772203138924054233e-01
-6.081334359367975839e-01,-3.611672754132568830e-01
-2.952765022222944569e-01,1.050410341106082113e+00
-1.415698705772339139e+00,1.423697157011224013e+00
-1.175351933770177215e+00,-5.448973694622753772e-02
-1.066033079424102636e+00,1.074214315256243779e+00
-9.033233773649078369e-02,2.608668843982704932e-01
-1.006457146902000721e+00,-1.066002273169323472e-01
2.676566657054463283e-01,-1.930439437922241597e+00
1.049723549639530296e+00,-1.670056721197519023e+00
8.621806809406520333e-01,-5.502621091418548327e-02
1.328252809197280060e+00,-8.194304614824774458e-01
-9.185599874541922061e-01,-1.218570084675678622e+00
7.104829731597377407e-01,-6.998762390684638568e-01
-1.121652174837233895e+00,-1.056989036816120775e+00
1.251087004845376383e+00,1.162703092486740752e+00
-4.290943278239528480e-01,-2.733110848079720046e-01
-6.862346193729269572e-01,-3.440184067148741032e-01
-8.400591910069676871e-01,2.252093246656356462e-01
-2.485711220877108996e-01,1.108853423711531949e+00
-8.344795324516685042e-01,-7.698732153254143062e-01
-5.465969835716548708e-01,3.317470281577543645e-01
-4.835106807620889180e-01,-2.833182314535470647e-01
-6.508884132386668631e-01,-1.270255855226460451e+00
4.097400880710459492e-01,-4.500084007939857411e-01
1.016873776274930807e-01,-1.047565447900673075e+00
-1.007289845375528570e+00,4.892019983523657745e-01
7.129027878691840403e-01,-4.585765945926625342e-01
-7.971050041201861447e-01,4.602623568147055644e-01
5.627299588931630181e-01,-8.024062362503107115e-01
-7.550541167262734277e-01,2.888688097179254455e-01
-1.547041752991331176e+00,-2.976741622786299168e-01
5.598543799351271000e-01,-1.111258129332905464e-01
1.116303275823440910e-01,-3.439901411230627537e-01
-4.567182533685508472e-02,5.731138874975618691e-01
2.256627288041679891e-01,-1.355549266827721089e-01
2.859850427794674577e-01,-6.053086232343164452e-01
-9.866271932758777785e-01,-2.691454659756619128e-01
1.091376276967313208e+00,2.122847334474197711e-01
-2.468010231498421747e-01,1.225660130268894504e-01
6.230264368734816927e-02,-1.050573025969501473e-01
4.488924402700815719e-01,3.647820303433562533e-02
-1.300747888742097569e+00,1.712914357857443726e+00
4.360391607603042452e-01,-8.205882427245790589e-02
-6.209005804220869562e-01,6.397813251568351678e-01
3.467025229970890909e-01,3.741787389511729706e-02
-5.092183119953380688e-01,3.197659670134703758e-01
-2.054520134115135066e-01,-4.900288819352942027e-01
-6.920915157794784722e-01,-2.287264199405695475e+00
5.176564740286832000e-01,1.146348916747001123e+00
6.833577149654199712e-01,1.286967156480398611e+00
-1.116910588636834539e-02,-4.390613419455274141e-02
-3.364475418061141365e-01,1.515859323910889733e+00
1.457709832151517837e+00,8.595156782326730804e-02
1.313101877072927914e+00,5.143729268033064850e-01
-1.903955689108123225e-02,2.132318910612972934e-02
9.772121776899632684e-01,1.687909116226730399e-01
-1.037335490057470055e+00,3.931090177778344130e-01
5.121130688560410205e-01,3.406328862373653177e-01
1.394810911434882339e+00,3.161913357064049038e-03
5.718950803803318772e-01,4.237131220366885387e-01
9.307655816178007635e-01,-9.098703222830289983e-01
-9.340396973788206436e-01,1.351846553124376626e+00
1.910974970717182586e+00,5.978882559642259564e-02
-5.109899840019297423e-01,-2.247925029801709773e-01
-1.935590088090974048e-01,2.485548933811806138e-01
1.588020152666500540e+00,2.588860737385962896e-01
-3.941427820497905299e-01,-4.691040003624918353e-01
8.738297572293175774e-02,9.868699481284678651e-03
-1.521741895438094794e+00,1.066262656221168337e+00
7.519520198654537912e-01,9.536713163640317958e-01
5.693108464264493018e-02,-4.324633541472719944e-01
9.593274907500612403e-02,1.069695806944174654e+00
-1.109220934514344004e+00,-6.263032702556469156e-01
9.820123685015626214e-02,-3.473921926310982178e-01
-3.370648143017783149e-01,-1.064402862271250250e+00
7.264630309606016911e-02,-3.439667275190244067e-01
-4.286727011559507972e-01,-1.934128621651441948e-01
2.050217617142191529e+00,-1.409137395915037283e+00
-2.047169624524023679e-01,-1.420625342255619483e-01
2.404820978969738898e-01,-9.725640982807753909e-02
-4.252986421755143853e-01,-1.004504368685217308e+00
3.301496447089607988e-01,1.240092499820238531e-01
-2.149411814864704007e-01,4.056019135882930615e-01
1.854233729345869386e-01,1.272492435222888907e-01
8.581806502963850170e-01,-1.115039483871236969e+00
4.276622705680119957e-02,-7.817003139668232681e-01
-1.085775704394104646e-01,-5.790643766211158727e-01
4.172607272902715825e-01,-1.089984523148867623e+00
7.102909042405771700e-01,-7.673037525501223977e-01
-3.485670609567983469e-01,8.647583432059844852e-03
-1.663627324737719348e+00,1.429944580937493548e+00
-3.830067856577647478e-01,9.215840531622648824e-01
7.117388613650156293e-01,1.133245781426668319e+00
1.115709697507997200e+00,5.215884749531163322e-01
6.701430237069468943e-01,-5.417275465290339875e-01
2.638429714742865362e-01,7.035577276599066510e-01
-4.341946515860437006e-01,6.991151244544332455e-01
-1.444619083762343215e-01,4.173189417781879296e-02
-6.062212658320866865e-01,6.212469982331165763e-01
9.283767978330430548e-01,2.454686051772224653e-01
5.724803426248412652e-01,2.060505159778243667e-01
-1.833295234889308345e-01,-5.449119115481905196e-01
1.034274168328329413e+00,-4.259783121571507625e-01
-6.539060134536403002e-01,-2.586617291120478224e-01
5.840479213377627321e-01,-1.451378854896571424e-01
5.183804967963837607e-01,5.186586189282312853e-01
-6.743741632744427728e-01,5.580507203226570123e-01
-9.581405988175337729e-01,-1.889200274802513846e-01
4.891395172239096922e-01,1.569577048479186665e+00
-1.081548383694283105e-01,-1.394204050794145999e+00
1.273981730168722848e+00,8.700215562182549434e-01
-2.092817312311656686e-02,-1.233599665241704169e-01
-4.098230951060032323e-01,3.974805576293129195e-02
9.984555525431211276e-01,1.122758230440560112e+00
-1.359409093251521261e-01,1.773393443863314489e-01
-3.746595237858966199e-01,-1.172076308322024696e+00
1.811472813691739514e+00,1.514541584107039540e+00
1.748296501347942122e+00,-2.129187124141783016e+00
-6.379150359594717434e-01,6.982648535569335735e-01
-9.426875837877931597e-01,-5.537927940605865684e-01
1.972686893930706079e-02,3.114547485103237312e-01
8.904790832770481668e-01,1.312071885105281499e-01
-2.666029923292395631e-01,2.469903509049135581e-01
3.610760371120280698e-01,3.906929268333586558e-01
1.951746480265012851e+00,-3.663527077297374368e-01
1.189244319843060449e+00,-4.383405826164976649e-01
-1.310323686404119281e-01,8.546121328585970511e-02
-3.640564645122615350e-01,-1.294635401309160105e+00
2.640345507216222409e-01,1.178296041935503302e+00
9.181618187714318813e-01,4.463556794406292050e-01
4.966025978868607860e-01,4.284356170610357784e-01
-3.980510721065625424e-01,-1.324577773460520858e+00
5.800758142227750991e-01,4.039186146727504201e-01
-1.599982916066326588e+00,1.172616942763849313e+00
5.931978674718264843e-02,-6.220609282964522091e-01
-6.715165586683125021e-01,1.262707251983115064e+00
7.563841535459675525e-01,-3.596715620038364869e-01
6.072876387204575455e-01,4.344298902706212329e-01
2.425899110922260071e+00,2.026422999325973862e-01
-1.038392211840490909e+00,7.778459462724968132e-01
1.581106583964445728e-02,-9.943587333006506102e-01
-1.067309965396238958e-02,-8.900568268637945035e-01
7.601239687173583226e-01,-1.703164677011711037e+00
1.067897622961789528e-01,4.392797561417113306e-01
3.062307855424923342e-01,1.065202529532635944e+00
-5.929498515196844899e-01,-1.506985916796486080e-01
4.554966166761481028e-01,-2.132069249117326259e-01
5.812922641289013370e-01,-1.483807444482176496e+00
-9.061243552687753278e-01,-4.539865160071276939e-01
1.024683477784940289e+00,2.436480768734022515e-02
-3.892520796271548011e-01,-2.820640540369697691e-01
3.448995827567918337e-01,-1.017066259259006955e+00
1.534777214816748780e-01,3.763201431603837577e-01
-1.572333776930801008e-01,-4.905757598405828812e-01
7.278999036496565100e-01,6.228350606370565146e-01
-4.391791266587803388e-01,1.467846962477728834e+00
-1.153175164885900522e-01,1.679647229219383420e-01
1.481035942151592011e-01,4.189544972159010006e-01
5.558525402413908578e-01,1.399707440681270676e-02
-1.172579614053921082e+00,-7.349896662623722765e-01
1.448986937254710394e-01,-6.674159507036336869e-01
-1.695829766568557329e-01,-1.303655923666794614e+00
4.598643007038699104e-01,7.046823319409976916e-02
3.165069193025702443e-01,5.614808431181222970e-01
-9.881318029222826427e-01,-5.846568724136881334e-01
-2.914775298608430695e-02,-6.424026193636860060e-02
6.242776831559262440e-01,2.653563571211059458e-01
-3.356561511160722766e-01,4.939867877975265831e-01
9.895553750441957175e-02,1.950764595368564835e-01
-4.028757869913219825e-01,-3.747675388169961486e-01
3.483390004575226961e-01,8.680555680080110914e-01
-5.379664615882268075e-01,4.774935235346696588e-02
5.628966628437913622e-01,-1.292896846328242810e-01
-6.639551770167524403e-01,5.409589006292372382e-01
-2.412693655529861703e-01,1.280703051778812496e+00
-3.221290866581006523e-02,-1.061706150679296995e-01
-9.565618189599380816e-01,-1.147614489506919300e-01
-4.436206161175612062e-01,1.376992065643042551e+00
-5.015984082997981819e-01,-4.730463979834117483e-01
7.755771478596784618e-01,4.237757682872542175e-01
1.303293204303219932e+00,5.888188713237969135e-02
-1.483518173954720409e-01,-7.421104610137847502e-01
-1.085753953513810099e+00,-7.744756254984825894e-01
-1.424622082743087770e+00,5.637424187060109393e-01
-8.466233976752639556e-01,-8.485625812195204398e-01
7.812479925298499994e-01,-7.247076075379538240e-01
7.043894194072507497e-01,-1.077984172451225131e+00
-4.529665698961680698e-01,-6.380167264212119882e-01
8.081056108198451937e-02,2.623124439305601352e-01
-9.007883932821825201e-01,-1.113778842244019102e-01
-1.521030018612853807e+00,-5.215201580192144748e-01
-1.774799512542078184e-01,5.831424498752748597e-01
4.676930531445285810e-01,-1.708421920711498121e+00
-3.071990608841167897e-02,-3.220882031056737094e-01
-8.570252623312570872e-01,-1.075499522874774572e+00
4.557759117597522391e-01,-1.170553234178375979e+00
-1.350402793284409542e-01,-7.494306080157371319e-01
2.997403842782967454e-01,4.340423218478442480e-01
1.106676095921377945e+00,-1.249784893823787796e-01
-4.507602874835979767e-01,1.154281575453879327e+00
-4.503795097624978538e-01,-4.420295291685764627e-01
-6.746942698762713464e-01,3.654230808893851878e-01
6.565960399575104800e-01,-1.240677640329849396e+00
-1.550089128193430366e-01,-1.774853975418797247e-01
2.100981387902077502e-02,1.003720538092333303e+00
9.152110724464578295e-01,4.098533445716494583e-01
-4.947419372321948394e-01,-8.864956061998893189e-01
-6.259443995311361197e-01,1.148504837702021275e+00
3.191492969247854972e-01,-5.070970114847365151e-01
8.544996714131900539e-01,3.735508059629700783e-01
-6.491648889209523654e-01,-7.704393405621926538e-01
-6.184980004100896211e-01,1.172851086079479133e-01
1.375220521049165187e-02,4.998422671987783894e-01
-1.092222509286153581e-01,-9.991876644621354719e-01
-1.594390027837745138e-01,-2.414002649902503017e-01
1.358631590595257510e+00,-5.759152064459863718e-01
1.283220580700150215e+00,-1.560634369382718767e-01
-1.761201448559696292e+00,4.443024648560731649e-01
2.036039885769541924e-01,-4.973337304700708450e-01
4.708866288973419523e-01,3.407784349004816526e-01
-1.548577655898703276e-01,-1.934665017861422198e+00
1.430814327311297207e+00,-9.303168332284256214e-01
1.052054426466970227e+00,-4.019410454119509146e-01
5.898489012999752479e-01,-3.046982059713835289e-01
9.685136634949249868e-02,1.039855664768969179e+00
9.639836559353500700e-01,-2.937878964815352489e-01
-7.569202157267962416e-01,-3.167610586086744284e-01
-6.508699436293379215e-01,5.177886681254200152e-01
-1.105298202838831401e+00,8.419213898672039953e-01
1.372850745281254170e+00,1.224441034770336473e-01
5.372102030647495363e-01,3.020150214385762810e-01
-4.491582958730269692e-01,1.109131224803678872e+00
-5.458287762617562988e-01,1.055466115793615600e+00
-5.815283339634861326e-01,-9.111136783333901867e-01
-5.528426418391688690e-01,1.505199479748180913e+00
-3.566778180958195543e-01,3.672117005065083650e-01
8.287311527894351826e-02,-5.859892089134085547e-01
1.145232062497131498e+00,-3.912086947788253055e-01
1.471527303794679886e+00,-8.000404667899240208e-01
-6.824402629464483283e-01,1.473752659418620103e+00
2.153478415630497578e-01,-3.181745772231942548e-01
1.058467876118567713e-01,5.141955205445964960e-01
4.812587772902401917e-02,1.205450334844648808e+00
-1.082184456368008529e+00,-5.432096231154684984e-01
-2.718568441879810060e-01,-2.359661143116699167e-01
-7.906177557813670598e-01,4.391547437958825961e-01
8.858917355247912795e-01,-6.968511673149341279e-01
1.536266607693584918e-01,-9.656153116902271849e-02
-5.101173165055261638e-01,1.375247125847374852e+00
-5.590966454194818552e-02,7.901074441364984713e-01
-8.562239440229660326e-02,6.230311639687307057e-01
-1.030110630297358387e+00,-4.019033711545346166e-01
4.827648201047494148e-01,-5.434661007608870831e-01
-9.377825969324806721e-01,5.244214506567959067e-01
-5.409068070969881292e-01,-5.503214915140773877e-01
4.466007473338631795e-01,-1.116001827363329202e+00
1.936563047430115148e-01,4.712319499887579477e-01
6.349092402643609356e-02,5.566137235314846943e-02
-7.109383245001859031e-01,7.558751924413431578e-01
-3.260795402462317583e-01,2.119767190215380570e-01
-1.459334937997589128e-02,8.832074247328491889e-01
-3.154532147489274522e-03,4.101546578090071726e-01
1.811902714853476648e-01,2.352378264946469177e-01
1.535970565357360484e-01,-1.807947947706529668e+00
-4.011351273773929305e-01,7.785339103874435729e-01
-8.109983591732881081e-01,-1.718797671531158699e-01
-5.097566998557984119e-01,-9.759981112717918128e-01
4.490530315760721258e-01,8.386735749554103947e-01
8.622600169985912277e-01,-3.860201921961307625e-01
1.557291675699433164e-01,1.311381031907516315e+00
-1.095073542190768412e-01,9.279021574530779137e-01
-8.431976892426313874e-01,-9.823292467897763725e-02
4.918381503912540482e-03,-7.668456796270169962e-01
-4.235499871902377311e-01,-2.278937554202082327e-01
-1.709769627298741990e-01,4.058377465344583102e-01
3.021820342483600985e-01,5.357929669776126391e-02
8.918563710199763905e-01,-3.049408705120394969e-01
-9.433201346003777799e-01,9.126892790734737748e-02
4.063077933524738561e-01,-6.247795869790879336e-02
6.826418979515391783e-01,-5.717957790090621994e-01
-7.723668049927830959e-01,-3.223101485941641253e-01
-5.563159216055210132e-01,-7.914524404345297803e-01
-2.961454645992953050e-01,-2.805602388838752126e-01
1.565778621614590138e+00,6.005278612857090081e-01
9.312361878363549783e-01,1.448391896134182399e-01
-7.495896041652847508e-01,-5.798929103464146584e-01
7.013695240606470094e-01,1.617709292479942107e+00
-1.315851799524060173e+00,-7.493764917821207905e-02
-7.581281376354505053e-01,1.798927037733387690e-01
-7.444822566227282667e-01,1.133940952548142256e-01
6.758514856227251233e-01,-7.330330569113103767e-01
-4.394314625752073211e-01,-1.134642162430619772e+00
4.262640867695726143e-01,-1.863870699508401452e-01
-5.390485891692775589e-01,-6.284256887823879145e-01
-2.680159291809868990e-02,-1.761506495255807658e-01
-1.076848847847652335e+00,-6.621843246141504435e-01
1.510230790621098329e+00,2.373135403734944748e-01
-1.373067120605973024e-01,1.614405439897053318e+00
7.082568338049445300e-01,6.511595793095723006e-02
-6.692098688638038473e-01,1.827941630946369744e-01
1.883292022940626087e-01,6.358362625378856103e-01
1.790677504646863705e-01,3.850346239832561634e-01
-5.923305678302202004e-01,1.106599673821478724e+00
1.028353602190197780e+00,-6.245945006044746339e-01
-3.302999887611858254e-01,-1.485720936662719538e+00
6.668492889565297288e-01,-9.908283439374613311e-01
6.136242714854671654e-01,-1.467777304371456149e+00
9.792700170689285777e-01,-1.015990338650209379e+00
1.499505297221421507e-01,2.895942383144728752e-02
-7.289564109317629992e-01,1.623766149603326214e+00
-5.021903342091920130e-01,-1.785187057974487734e-01
-2.393959300838515991e-01,2.554364189320255663e-01
-2.032993107353432971e-01,1.117622241479194312e+00
-5.050547676415830800e-01,9.327525138556082007e-01
3.649935231590440976e-01,-9.801953321122324203e-01
2.978790432821218359e-01,-9.536106438521830819e-01
1.246266510695070995e-01,9.177885615684641674e-02
2.107745511598677346e-01,-1.862884664392422396e-02
7.618763021370668076e-01,-4.816170165891892618e-01
-1.374755976891824938e+00,-9.426811220583452000e-01
1.793275019534321668e+00,5.474759420526607162e-02
1.394013362245723475e-01,-3.610156431985453440e-01
1.203821216464063260e-01,1.424540359536784706e+00
2.913657781978036820e-01,4.084390176698796115e-01
6.535730807879666648e-02,-3.064093122173576211e-01
2.262795715768538829e-01,1.116258357039822124e+00
-2.413117724702769362e-01,3.464451598003968624e-01
-1.109310558961124515e+00,9.541891465155785124e-01
-2.774509786110601617e-01,1.286818905060412299e-01
1.026030732416806313e+00,-8.924595332492232247e-01
1.070458790846875313e-02,4.177823794629100251e-01
4.364304371127795124e-01,-1.076509644858659964e+00
9.253456765000763751e-01,-1.773241407516015444e+00
-4.016482993172614813e-01,-6.123965032992069180e-01
-6.720445563671071376e-01,9.860871992441383460e-01
2.898409294937191460e-01,3.670383324386302104e-01
2.819320110761462939e-01,-5.230969896815099718e-01
8.938253811034515550e-01,1.656796204659408828e-02
1.362787036335338708e+00,1.494013118363639037e-01
-8.852026394003198462e-01,-1.470359026123121859e+00
-2.740758400954726448e-01,-1.290242412345575240e-01
1.123078168431444146e+00,1.053058388112494415e+00
1.390126157032160747e-01,1.177039797909168017e+00
-6.073816346288637286e-02,-2.227795938536291931e-01
-2.211063360511443254e-01,-4.136337285551634491e-01
1.807724962763247456e-01,6.991526744644742386e-02
2.779750811490331319e-01,-3.189873758312941621e-02
-1.060303396668084375e+00,-8.701459407772896282e-02
4.460910131487522690e-01,5.025542871312652649e-01
3.629647608349088617e-01,1.569564910909498900e+00
-9.180649259626578740e-01,1.419314022208851833e-01
-2.696307026450903144e-01,4.407175385751053165e-01
4.513914719473159920e-01,-2.236092451668774128e-01
6.231560596990719236e-02,1.220018725145523897e+00
9.664488692184477481e-01,-9.876328885865641449e-02
5.343382744219469238e-01,3.556328958795027528e-01
-1.240206270014792445e+00,-2.503604481506686574e-01
6.523630038923019514e-01,-1.071902080810518632e+00
2.932745810684970200e-01,-3.796168087957813020e-02
1.372852006425818949e+00,4.450605537386714133e-02
1.651921346370526789e-01,-6.661220574471952149e-01
3.791290286700463308e-02,7.698358725370209044e-01
1.334401584820769093e+00,6.114907068950496960e-01
2.224864360672248742e-01,-8.664779788266907534e-01
4.300724005537387429e-01,-5.006936738714771185e-01
2.507432992114554948e-01,-4.359630660382043943e-01
-1.674280832453922119e-01,6.728433582154189074e-02
3.701347417428068054e-01,4.090598036484665440e-02
1.095742431592641619e+00,-2.226560025585936908e-01
-3.555359483397823595e-01,4.698838742513998801e-01
8.886613836341651362e-01,3.255559968909199631e-01
-6.411225212281810304e-01,-4.136398450498829371e-01
-1.741598296223548226e-01,8.276355653022127168e-01
-8.589485872998919858e-01,-1.147978170632773187e+00
-4.288060934322247553e-01,1.203385319579096890e+00
-5.329195301137318319e-01,-2.691918336919529309e-01
-1.497790582243087476e+00,8.435457316211168732e-02
-4.609131217124907143e-01,-4.561030150076381684e-01
1.653431710092073958e-01,3.519862720074578566e-01
-1.753714272570295885e-01,7.484442460441478318e-01
-9.531411844663985056e-01,-1.905292311438896158e-01
8.876697636223424004e-01,5.063694414481753614e-02
3.202419635196523950e-02,-7.073508447073620919e-01
9.010786524274136955e-01,7.587111547683725310e-02
-1.616841493583606459e-01,5.547436923722862678e-01
1.268788401397541454e-01,3.854961384183577811e-01
1.571922633953528159e+00,-1.478497281806144148e+00
9.358044985850733077e-01,-3.303983508638959066e-01
8.145618962153722276e-01,-5.774677892989887873e-01
4.847248630486826748e-01,-2.519855324214229780e-02
8.944973868980632403e-01,3.092286587162210720e-01
-4.721906916000179200e-01,7.145934586591069504e-01
-6.217539933639758959e-02,-7.630849365568203035e-01
2.116345488790670470e-01,8.735529907488822632e-01
7.058443808155709931e-01,-5.480462972296443747e-01
-2.601212394283992646e-01,-2.553114758941782969e-01
1.117586949110619711e-02,-2.988981212816955724e-01
7.433844703458206693e-01,6.543325948465689157e-01
-1.515718791962244349e+00,2.576568137692447080e-01
-1.773040549334530924e+00,-7.124537184708616966e-01
7.164752843876333044e-01,7.728349314959866989e-01
3.894830748827177950e-03,4.724512421333296186e-01
4.053978510125219037e-01,-1.475657302402009208e-01
-7.638940815839571075e-01,-3.267848909191023443e-01
-9.527948790454665584e-01,4.846903309669730042e-01
-6.611377781873029047e-02,-5.641973151592256652e-01
-9.944469225123124811e-01,-5.391369105456800259e-01
-7.563303552156764864e-01,-5.048691272995581118e-03
3.790551270825631702e-01,-9.404729685396041594e-01
-1.052828711521491600e+00,2.912096513884527282e-01
1.241226061119754975e+00,-4.743667886344439810e-01
-4.899321581682138799e-02,-1.193418194286813616e+00
8.969121316425392454e-01,2.210842654523521855e-01
5.484917109250551093e-01,6.714958582312851032e-01
1.125638088634052653e-01,-7.109322132984465803e-01
-3.654561450094256925e-02,-3.288827085975283560e-02
-1.532379049136421978e-01,-2.287463928648806544e+00
2.447961831373637875e-01,-7.728913323929712531e-01
8.505969824974227711e-01,-1.180904947680702088e+00
-9.957357185113208109e-01,5.248204657559973896e-01
9.433840588804328631e-01,-1.390041688103708317e+00
6.535199643939967329e-01,4.620355112279226906e-01
-5.568504451324279153e-02,-5.446268187419252005e-01
-3.650511097400243599e-01,2.313827805837537777e-01
1.235236970394662792e-01,-1.640645730749796041e-02
-3.007662856219224246e-01,-1.586895816161787875e+00
3.490341351694244976e-01,5.402034714899024703e-02
-7.833724054338458975e-01,3.154425278105272845e-01
3.306685257513818921e-01,-3.464481404665208930e-01
-1.718652071122218350e-01,1.351455812267936540e+00
3.593807077504710956e-01,1.907390755466254806e+00
8.903951558304288305e-01,-5.620399786165669598e-01
8.843801679331843024e-01,1.292202060355796656e+00
-7.871469106667090820e-02,3.895732420799703499e-01
3.646054166137475683e-01,-4.680672215872613839e-01
3.970709085029434926e-02,4.200857646953327085e-01
3.992785124757502468e-01,-3.433350119819997825e-01
-1.201545348233283628e+00,-1.011023012696973700e+00
-1.060857373434855172e-01,-5.549022083400029226e-01
-1.360440039791404265e+00,4.464808672890431263e-01
-1.923962370089199458e+00,-1.354866668641461880e+00
-2.483064053539356386e-01,7.535050773502481869e-01
-6.009678030910065027e-01,-1.459309010904694462e-02
-4.375341412402019570e-01,7.088535771011966746e-01
1.307842884720515242e+00,-4.526136708734775360e-01
-3.888139982388418847e-01,-3.407803323989076483e-01
-5.144942820563830344e-01,1.407030580820086252e+00
1.586026715005657041e-03,7.637751340985735604e-01
3.201432825104429947e-01,4.631175883563447560e-01
7.215283227336199978e-01,2.802700423445299571e-01
-7.343698681014334539e-01,5.691493366136062271e-01
-6.561903192121514017e-02,3.632461885011518121e-01
-9.254121875045613344e-01,1.058348628696735627e+00
1.398744429210421227e-02,8.208420802822098405e-01
2.339797780891621215e-01,4.333930580224922835e-01
2.581186158554620858e-01,1.521539556917844149e-01
-3.340541542889362003e-01,-1.613879285149243392e+00
-2.454386469592647127e-02,2.484936872814634823e-01
-2.143158755275250682e-01,4.961556796124702018e-01
-2.900985989680934241e-01,2.107924670396081612e-02
1.212324640756651251e+00,4.974533927146983225e-02
1.017745890087397645e-02,-1.250618251772856127e+00
-1.060500075258685504e+00,3.328398781729740019e-01
2.030742676546626602e-01,5.438673483874782999e-01
3.564146642137576149e-01,-2.673799507923498298e-01
2.534630628398750307e+00,2.854111268483898178e-01
4.121361430044246377e-01,4.033511133949130856e-01
-1.176955653004801094e+00,3.767487912940674089e-01
-1.040415348421404484e+00,5.129019547606535889e-01
-6.185075563368984675e-01,7.720076721885724691e-01
4.862675669433860759e-01,-1.838245693185436735e+00
-9.095403696997439447e-01,1.280979716419691217e+00
1.093008519802031397e+00,1.225526480097749449e+00
-1.584071016965561129e-01,5.189412323289377404e-01
-4.542332116700948386e-01,2.305383070384756095e-01
-1.963889456150024415e+00,4.453709521821908601e-01
6.928991659796999991e-02,-5.817880033880449275e-01
5.150430038922968468e-01,-4.545695412746906250e-01
-5.339137720162261402e-01,-1.346115127469976969e+00
-9.149102462624344456e-01,-3.315839405822744168e-01
-6.148911666397376130e-02,8.782155991930653549e-01
9.882895440587056990e-02,2.646271126197635368e-02
4.811742224009837865e-02,-2.761254569364696154e-01
2.754318724817251263e-01,-1.051566351518367776e-01
-1.170255747317415995e+00,3.989459114882693558e-01
3.087465131355497383e-01,1.653928048004761120e+00
8.852717315830810341e-02,1.055184082901434506e+00
1.973837494176283736e-02,7.677990696449241703e-01
2.832641843019129135e-01,2.565003974852494428e-01
1.117020059354261186e-01,6.798964013119037642e-01
6.167444818336460521e-01,8.854150443618290511e-01
8.547217579151831224e-01,-8.192972783963327604e-04
-1.227438144739247727e+00,-1.498452448506142620e-01
-5.159502221090220830e-01,4.559200015631456604e-01
-4.424953367848218910e-01,4.603802815712201291e-01
-5.875419240013785016e-01,3.763173828693220369e-01
-6.918012146740896151e-01,3.794162396947621252e-01
6.504545376460389994e-01,9.063309272172670461e-01
-8.762635483141731352e-02,-4.809106443786491103e-01
4.045046327728586966e-01,-9.969953244978062290e-02
-3.441083718388210366e-01,2.146610782683830432e-01
4.679342679398626470e-01,-2.060505521365937898e-01
-1.555432412396525188e-01,-1.947712992898322504e-01
-1.711402494306416999e+00,-1.858106942397873995e+00
-5.307051417474673016e-01,-8.099609733339593332e-01
-9.058574177360333435e-01,4.549968428280806026e-02
1.629037787968531936e-01,5.048319301469320619e-01
1.019215574813998604e+00,-6.409690086682288124e-01
-1.449010720385564888e+00,1.811645703855558343e-01
-3.988756463793365348e-01,7.177143222839059700e-01
1.146027642622262643e+00,1.342192031588834988e-01
1.672895400753673101e-01,9.247850381202681325e-01
-1.761337235945119595e-01,1.342168669153008809e+00
-1.990967326695135819e-01,-8.155959809881219158e-01
-6.544633718864624194e-01,8.029120404466099092e-01
1.900111441955611324e+00,-1.847701103583860860e-01
2.298224816840334639e-01,1.726677609724265872e-01
-1.332172736035502902e-01,-2.413101657936647382e-01
6.148214143489156847e-01,8.075638583632755996e-01
-1.191045183649541483e+00,-6.980838875437727076e-01
4.673636059601875004e-01,-7.678806879648402139e-01
1.474601869369703833e+00,4.365426867973255520e-01
7.145982841884460646e-01,2.298361179834927104e-01
-7.182303385227429837e-01,-1.369269338392634650e+00
4.230118601705513126e-01,4.756517553153090661e-01
-2.204801208725829242e-01,-2.722446503455449585e-01
-3.897857073779876225e-01,3.768571292525940697e-01
-1.278420725386821166e+00,-3.629957778819578595e-01
-1.639641309827964688e-01,-1.003959891919603775e+00
-7.354229977122016537e-01,-5.093634725661025930e-01
2.310059422982029820e-01,3.387879730936602662e-01
4.273766380505709672e-01,2.217711888086362215e-01
5.383321048667911723e-01,1.090110689824702161e+00
-4.396048323285586812e-01,1.628695779617143735e+00
3.480169167865213714e-02,-1.559918196380108979e-01
1.346848325304449645e+00,1.017525512230696094e+00
-1.515589115554066280e-01,6.771368339821774718e-02
-7.583965157633177911e-01,2.668973427620879857e-01
-5.488212024918069920e-01,-4.287141357881458364e-02
2.352624323798753747e-01,-1.941597284149128022e-01
-3.532932056082274674e-02,-3.670446454723210739e-01
1.469493101203761753e+00,-6.415308072627025071e-01
-1.064103964447809414e+00,7.006538006293832055e-01
-1.429434763929490870e+00,-1.709569682778580679e+00
1.616582555214924666e+00,1.430171371708629069e+00
-2.663287575341978797e-01,-1.171765583193316917e+00
2.099971804802588105e-01,2.333735322251267452e-01
1.592106630701647096e-01,2.968572809121295952e-01
1.194995654071552837e-01,-1.454762338732842775e+00
4.781337218023434810e-01,-1.785370431417531378e+00
-1.067736140932945332e+00,-8.970568099481058821e-01
-5.922343595948696693e-02,1.183809612519263421e+00
4.827863908082599687e-01,3.402849083501887639e-01
-4.972229100807946112e-01,-1.745670883137005192e-01
-9.535721836202787349e-01,1.089207112603517991e-01
4.493842510647039767e-01,8.093008575721325482e-01
-7.365551809700492392e-01,8.816127650111856839e-01
2.015614137245088089e-01,-2.459266628722854175e+00
1.780228983246694985e-01,8.062325914887384926e-01
4.662669514630158885e-01,-9.152813414306142370e-01
6.441046308049480640e-01,2.075154192427278166e-01
-1.274417461700737331e+00,3.036388141372137195e-01
-9.829106322434932874e-01,-3.213337555170698856e-01
-7.753451687702354045e-01,-1.325334638775304219e+00
3.159643490429793200e-01,4.910885698200123661e-01
-7.026907412942141606e-01,-4.487027543930750539e-01
8.473454273410960802e-01,8.031220052831538059e-01
5.442191304204869740e-01,2.260361344968818686e-01
-1.667480536239243971e+00,-6.585952593222015317e-01
-2.432515207244876354e-01,6.063160255632679130e-01
1.545217496772608667e+00,1.225171812480334133e+00
-1.230117501289675480e-01,5.612245910744376731e-01
8.595440548224492217e-02,9.812467879409160210e-01
-1.571045258969157588e-01,1.062338478145436360e+00
-1.205522775554023207e+00,-9.333814885203196576e-01
-5.089728829943499511e-01,6.106024285193951684e-01
2.743576010652898356e-02,-3.614174376624375018e-01
-1.144053165259690363e+00,-5.029539916307881331e-01
3.552725351466951009e-01,1.743634731414817729e+00
1.861936532435256364e+00,-4.553783335011114819e-02
-4.280140384800918407e-01,1.023681422198771562e+00
-3.301370845496916506e-01,-2.281920567504711894e-01
8.984249273435609418e-01,7.171779864241991653e-01
3.571186738089084933e-01,-1.361233314133815375e-01
7.972420807710781654e-01,7.657081298272689907e-01
-1.332729624505113009e+00,-6.463366471495131105e-01
6.785217943994050760e-01,5.925827131898726563e-01
7.244336318987679713e-01,1.306555500487895705e+00
2.246317347104173079e-01,8.092366026709036930e-01
6.747592302321306912e-01,-1.897671903387088577e+00
1.664751970332045472e+00,-7.572920802024182274e-01
-5.342052520513642516e-02,4.137024412287911707e-02
-1.212203619092485675e-02,-1.634578891506542064e-01
6.540544650271479243e-02,-2.102029963737244989e-01
6.086128250619072394e-02,5.466893027491503271e-02
-9.151026644004089938e-02,3.600004871700133169e-01
1.272094229622367845e+00,-1.157321713313593348e+00
-1.541846298232039947e-01,1.307322242201484075e-01
-4.067694009957780743e-01,-7.673565911535370487e-01
-5.066284327380168317e-01,1.058017936356179384e-01
1.404248491009935762e+00,7.677694341054634997e-01
-2.645929177726363268e-01,-3.724591001449221728e-01
-4.193902000877658409e-01,-1.679051042843953345e+00
-7.931625001368596273e-01,1.757792020031833935e-01
4.273426638397918587e-01,-1.042740889277732119e+00
2.417153022823197717e-01,-8.965308143455159584e-01
-1.283287163354648597e-01,-1.433393840149246590e-01
-1.497955579916808617e-02,2.329726259972506153e+00
7.507671084287460828e-02,-6.017704372610518243e-02
3.315889713009184669e-01,4.729886133656079905e-01
4.625760949051296866e-02,-6.145400735766594069e-01
-7.292164432241655669e-01,9.113738205606922715e-01
-7.150385057052511817e-01,3.021011285480220687e-01
2.070619507653952418e-01,-9.080727355241156873e-02
1.202352229789251714e+00,-3.329857807540700376e-01
1.140713582790423786e+00,-4.773421013629177145e-01
6.555753389122863650e-01,4.234074174171510996e-01
-2.840866705019546301e-01,2.927386317812955552e-01
1.267910293831662205e+00,2.059281578978337635e+00
1.822070422577264093e-01,-3.356162106643997833e-01
2.543523375851674748e-02,-2.082118963581425786e-01
-1.581145120384760183e+00,-6.344269219210570965e-01
-8.831648192851898616e-01,1.760119370555079499e+00
-7.266266114690041189e-02,-3.823748910074056817e-01
-2.696373673436025520e-01,-9.763667067012963274e-01
-1.169414586961525643e-01,-4.316587538436141291e-01
7.218911373188934277e-01,1.903068717200428361e+00
1.066415004560548496e+00,7.225179440264215547e-01
-1.591918832542307538e-01,-7.022160264558261478e-01
-2.742770641613597182e-01,1.738109918031596868e+00
-1.976136344233972997e+00,-5.864894290120014064e-01
1.460773709954713007e-01,2.728377302505777258e-01
2.731381789629745427e-01,-6.006980042806178144e-01
6.963390162478221290e-01,-7.694621940089627632e-01
1.663923417935705418e+00,-6.040310260841280643e-01
1.396709221719285021e-01,1.233406946858399134e-01
-9.124920113835474078e-01,1.037871037336815516e-01
-5.044598042939946181e-01,-4.606996731108942700e-01
1.850093243329154202e-01,1.156350544159121252e-01
-4.666910730839050614e-01,-8.906515009981136322e-01
1.317536043149976965e+00,1.150194595790926089e+00
-9.126035879272064236e-03,7.199475613251082873e-01
-4.727202555750769086e-01,-9.880325198966573019e-01
1.470862250236790292e+00,4.159285926648130793e-01
8.595752231469362681e-02,-7.177730109785092072e-01
5.942328613303007323e-01,6.608940647316366990e-01
-1.564375647264986957e-01,-3.481638349351333650e-01
1.454026210873312353e-01,8.608345404358073993e-02
-1.034231867341588007e+00,-1.358554519382529246e+00
-4.788344531945269433e-01,-1.155750934980403599e+00
5.539332325799952716e-01,-1.019480827090420982e+00
9.777770637001040877e-01,2.613086570773719419e-01
1.187122058388529355e+00,1.276902236638402410e+00
2.902256721780562820e-01,2.587833849802090858e-01
3.223750673596578048e-02,-1.051346019737554593e+00
-5.694361130356575540e-01,3.130746969834051208e-01
6.120093944845816925e-01,-1.430059592498172050e+00
-8.507650059560495359e-01,-2.284528624418322995e-01
2.072001192993516483e+00,3.493153723380925668e-01
-1.413860980598025785e+00,-1.227099988880678394e+00
-4.144764889249332729e-01,-1.561975457661817668e+00
-4.954624683924894329e-02,-1.371150319596244227e+00
-1.305607046292400486e-01,-2.970501843525421085e-02
9.287355617196621504e-02,-7.439516353574369134e-01
-4.210610752173794546e-01,-5.004211727847682201e-02
-1.028703314416709938e-02,1.827240206711149728e+00
-3.086209733204423600e-01,6.760339735454455878e-01
9.281721782057503756e-01,-3.130990781499702891e-01
1.366767328865294617e+00,1.796640639368339287e-01
3.210669301549270299e-02,-1.279942428310570923e+00
3.560865760514882461e-01,4.688216143183484563e-01
-1.276268337892803029e-01,1.227957238852583677e+00
3.663026669339648489e-01,-1.182305020697314690e+00
2.508442423530201082e-01,4.006995538576136884e-01
-1.437654199002307065e+00,7.318975296449775625e-01
-7.722382209730883906e-02,5.810278894420910500e-01
-3.500925490804581153e-01,-6.338975159255906267e-01
-1.300212153309677487e-01,5.761435960320995253e-01
7.960624465544903217e-01,1.618986094457974367e+00
2.043117452997904593e+00,8.882218398956087668e-02
8.352570770738866335e-01,7.070817212152130660e-02
5.178618284371195868e-01,9.976920769829248359e-01
-1.041478405909556093e+00,5.282214071821195178e-01
1.691909288275738055e+00,-1.782181618925394284e+00
7.041006960705155082e-01,-3.819901083641051853e-01
-1.237265723452207533e+00,-4.241489587733390798e-01
-7.330681024454399619e-01,-2.386759900843596682e+00
-5.072098417719003161e-01,6.117200135982507891e-01
8.845991265504691281e-01,-3.963385985020143054e-01
9.208282187555494325e-01,-1.980169641733011202e-02
1.437320411242092089e+00,-2.225594768974370918e+00
-3.620050778662370350e-01,-6.007237735172130805e-02
-1.377660365579145507e+00,5.023618148238585546e-01
1.073849817884444668e+00,1.342708693247850915e+00
-4.646601868894103537e-01,7.900170205239320786e-01
-4.969065573116588919e-01,-3.752556749914693346e-01
-4.582766843521348110e-01,-2.637871006941586938e+00
1.303399640389543146e-01,2.395301909585657307e-01
-1.233446098982825756e+00,-6.256533756142379499e-01
5.361507645479154371e-01,3.077226017075906372e-01
-9.312303280419779172e-01,-3.558168190725529700e-01
9.435146592087599871e-01,7.774250295816191869e-01
-4.980596238440269108e-01,3.796839887565938154e-01
-8.808868668744602726e-01,2.720220825275479481e-01
-5.431205165642096766e-01,1.905867031069675699e-01
2.858484507502379590e-01,-8.393052002487160212e-01
3.678798856137712181e-01,2.740804265191256195e-01
-3.363702888674716118e-01,-1.289080762564026816e+00
-5.664111098776724029e-01,6.102549010223898840e-01
1.073924980590990286e+00,4.067505793992610696e-01
-2.356275092065152899e-01,-3.053153030600977424e-01
-1.613089816520033803e+00,-2.491396548003180778e-01
-7.406677347594765592e-01,-9.181879739981428923e-01
7.228727890725703542e-01,1.282291790265509268e-01
-4.889492158491282048e-01,-6.303630790573422349e-01
-4.910725332870506388e-01,-7.754060490787432203e-01
-7.366371594228422470e-01,1.171588253081026487e-01
4.440622375064181560e-01,-1.547250720482330699e+00
-1.430136727426848609e+00,-8.506070490173663901e-01
8.178349122211588107e-02,8.302834624229269225e-03
-7.141924784188201369e-02,5.217634021100565379e-03
7.539529315282362809e-01,-1.053049675944170094e+00
4.036038520298192989e-01,-1.539099837654221425e-01
-1.275857942363310071e+00,-5.395566423775554066e-01
-2.176051528051729800e-01,-4.628628125792830228e-01
-7.929513523753555226e-01,2.620518951985194578e-01
1.469413384320166285e-02,-7.242976499041381411e-01
6.520955398262812640e-03,3.061672635694189792e-01
8.187342175082958917e-01,1.143769925201006732e+00
-2.570410949659424071e-01,1.074110938016291872e+00
3.908748041088648262e-01,-1.361564182303707460e+00
4.076705007005398951e-01,-1.535746079725906071e-02
2.856777187058700054e-02,-4.568307018052866209e-01
-2.139214934934787760e-01,-7.336010197513216369e-01
8.377926973441247593e-01,7.050046284716553480e-01
2.606404065702395273e-02,-4.739370367374001747e-01
7.214889838469362715e-02,-2.621585838014345304e-01
-1.078137345362182531e+00,7.458638548627529730e-01
5.431022485646219700e-01,-6.171595272263513676e-01
-6.630177535127148580e-01,2.653052342948758469e-01
2.257869516718243041e-01,1.822458349116422988e-02
-5.443335721717159625e-01,-6.316022201367662570e-01
8.140390191959054889e-01,-2.791705634894814381e-01
-4.699178863381213156e-01,-7.182001041076500059e-01
-6.826884250810114629e-01,9.507579657334822576e-01
4.784109637159898454e-01,-1.212754438073508911e+00
-1.906198285066069975e-01,4.291811576712100673e-01
5.585008025284466937e-01,6.313211249766533806e-01
-2.599482806346494757e-01,8.168428240640512872e-01
-8.583128841026897993e-01,-5.084897314088175913e-01
9.317217634897323464e-01,9.366561794386715767e-02
-7.774358663545255510e-01,-1.959782498797400796e-01
1.425147156530476966e+00,1.663630280356983848e-01
1.402250108843007270e-01,-1.337894026476823539e+00
6.825156893603154806e-01,2.099008669877505673e-01
-1.144754936967764314e+00,-3.061246740265518018e-01
-5.337947430947600491e-01,7.905851923026769867e-01
1.219859967358131625e+00,7.712461865822878293e-01
6.121600751044192767e-01,7.692665299597681861e-01
3.383492417905663574e-01,4.078462956511773596e-01
-2.605428116624606272e-01,5.385087781920101513e-01
1.513664181588526281e-01,-1.390457638598910250e+00
1.296068669772637794e+00,-5.220992151488099142e-02
-2.071266891598397275e-01,-2.675429840519539249e-01
4.983698010894234143e-01,1.005079672543558039e-02
-4.624792874551366118e-01,4.836971385337373031e-01
-3.032802294775751029e-01,-8.886966066254403662e-01
-6.682885083392796355e-02,-5.679689578793276628e-01
2.523504541561580675e-02,1.891585643082876328e-02
-7.377139583075549567e-02,-1.717238455534364494e-01
-4.563255200094128439e-01,-3.163831296507117474e-01
2.456030558170261835e-01,-2.497163674145541634e-01
1.339951225939950419e+00,1.531098135716842945e-01
7.305967488380301633e-01,-1.269051834300746862e+00
-9.037421987798653911e-01,-1.496979321163205978e-01
7.967127872676093014e-01,3.746620401454554550e-01
-2.249825038944571753e-01,-7.060319359934452699e-01
-1.072948045596433309e+00,7.616476107094647396e-01
1.004294834840570028e+00,-7.173065932856940163e-01
7.856073363947414512e-01,-7.118506623795878285e-01
-3.932661157594063983e-01,2.425832116056836629e-01
2.874079607159320260e-02,7.086791803763370368e-01
-1.915789681240178954e-01,7.557432982341203420e-01
1.406624593159224945e+00,1.001077766460348517e+00
6.975089904561629917e-01,-3.510813510967621121e-02
2.942866929800604936e-01,3.254687494864823560e-01
3.839063532189861960e-01,7.336086764124819526e-01
9.489613438153814418e-01,-7.522233560364075533e-01
-1.452460793181174770e-01,2.189969803712993324e-01
-7.564888985849990144e-01,-5.612593208329994532e-01
4.868295423094856633e-01,-5.936663442122025458e-01
1.338513482686005451e+00,8.840161370140569019e-01
4.798397596429195833e-01,-7.499178274011487622e-01
2.413848377324767092e-01,3.639287963094278155e-01
-7.691518367560084002e-01,4.573266364991817601e-01
-2.502923288703143290e-01,-5.982921971079094847e-01
1.535994745543558249e-01,1.318913854189214030e+00
2.089068346956712841e+00,-6.618804355129052075e-01
1.433554281630618377e+00,-1.304446513813382613e-01
-3.386350781991360748e-01,-4.026287934135723279e-01
1.426465318870176358e+00,7.266807038032283561e-01
-1.260413674836786679e-01,-4.733326944076869380e-01
-6.686832511899529208e-02,-5.384863288595368447e-01
-2.074761528899864704e-01,-7.736854056373356769e-01
3.360747536965895677e-01,1.487832832817424233e-01
5.774116546413879947e-01,8.399296179992625511e-02
-8.082444109772060070e-01,-2.248319487061030686e-01
1.518339643039283982e-01,-4.693190714192672919e-02
-1.382027497282535489e+00,1.000582147056793492e+00
2.928393758575684180e-01,-3.375582584785846163e-01
4.505818101103081785e-01,2.013866420328014883e-01
-1.065737763208045308e-01,-3.824477412712023461e-01
-3.956292044567057131e-02,-2.666583708615733350e+00
-8.223383435680255982e-01,-2.611323375815718939e-01
-1.025010854749909939e+00,3.419059550037268358e-01
-1.301419236528167156e+00,-6.245467855254834832e-01
1.245415870838239986e-01,-1.181300710815994304e+00
2.245981109060528058e-01,2.128030191907110069e+00
7.835334299855776230e-01,8.185588674065787940e-01
9.992260527800703174e-02,-5.197357052334435901e-01
-8.714359112441805166e-01,5.814592867721902342e-02
5.984826278183800197e-01,2.275396565555058537e+00
8.072216860643718350e-01,5.454293167232139306e-01
9.354251595832520361e-02,5.369497965678462492e-01
-8.016061156304843394e-01,1.007850161497384933e+00
5.380323084409843748e-01,3.675349450852187783e-01
3.109044610048162238e-01,-1.277753774810661325e+00
2.722030998586321554e-02,-1.812541140431683517e-01
8.172286455436720276e-01,-7.950022062302033454e-01
-6.629705293364567265e-01,-1.755200097576989915e-01
6.948599088907331245e-01,6.454292504538434727e-01
1.292529937093571890e+00,1.036868021743408752e+00
-1.640698303054517748e-01,-6.900105794394610637e-02
-1.991839937826221929e-01,-2.992424525792724763e-02
-1.994736812558433811e-02,2.159275907552673721e-02
-2.137249489540192227e-01,-4.586586061826972704e-01
3.232303077239763456e-02,-7.178954607279944833e-01
-4.708218283620755895e-01,-8.147497486180940163e-01
3.033595150472031057e-02,-1.120483004654715398e+00
3.886739520574253870e-01,-4.919361733390756886e-01
1.344796246059188904e+00,-3.391527480989554588e-01
-1.218491873029925010e+00,1.141977068672076934e+00
8.258378014195155714e-01,2.721788536580971862e-01
3.856156939446035437e-01,4.892943699569600180e-01
-6.367067765670876289e-01,5.753470502702370259e-01
4.354263055415549255e-01,-8.051060873552725594e-01
3.480995002972016306e-02,6.978127611652668039e-01
1.921002251269706695e-01,3.400620574600070611e-01
6.755880607549900885e-02,4.717558352191665305e-01
-8.022348902014233563e-01,-9.676883320377434039e-01
2.619103653727303249e-01,8.782609781017937378e-02
-4.881293163633839693e-01,-1.131439753037041918e+00
-4.134151955332612816e-01,1.654913817328172720e-01
-7.009196808369024811e-01,-1.734540343986097577e+00
5.840137692712369377e-01,8.419883511065794079e-02
7.277843272508068839e-01,-7.190619308948735799e-01
-6.801108522926860855e-01,-1.569430146876176657e+00
4.261332388972519092e-01,2.535013487256065456e+00
1.566928546046185033e+00,-7.170792670522371792e-02
-9.168928169029026964e-01,-7.000582640997795592e-01
1.608302163838400134e-02,-7.078237383819969697e-01
-4.379583379156439249e-01,5.215703490225109817e-01
-3.839274105946074989e-01,-8.544576629863948058e-01
-5.017774593398559579e-01,6.592700157211547340e-01
-7.682584906610868680e-01,-6.774349252956410883e-01
-7.874384929287581159e-01,5.721965198866973967e-01
4.932546506423571807e-03,-5.729982191712809092e-01
6.142629012491105378e-01,5.207050043792738059e-01
1.205480257614325729e-01,-2.619065019339811284e-01
-3.053381291378683970e-01,1.019332777457164330e+00
-2.095677840516291801e-01,5.395805203449140913e-02
-1.657614606457667727e-01,4.286941266281492080e-01
5.473324483181689626e-01,1.667077925690989115e+00
5.492165817371789105e-01,-1.313046789682247306e+00
1.329093124903831802e+00,3.345228057555256762e-01
-2.298546790705486287e-01,2.608324044162597666e-01
6.256118146211812059e-01,1.081144291473834951e+00
-9.362736550356771659e-01,-6.922060186486080902e-01
6.250136778889319178e-01,-6.133053989904242720e-02
8.945167806249463283e-01,-2.675000566820704861e+00
-1.538968550901911037e-01,9.016100834252046559e-01
4.794736909204490027e-01,-1.517459696892228704e+00
-1.299474407237072304e+00,8.066987504040550316e-01
1.209437647642206022e-02,6.969940845511694016e-01
-2.921597380873625083e-01,1.158597728501982171e+00
4.432076435165178130e-01,-3.974713484959579990e-01
-1.655517842118998662e-01,-7.546552731932621993e-01
-4.598229096812890271e-01,-1.606148655748507625e+00
-4.618006117403818944e-01,4.626853880484644299e-01
-2.457880538995572683e-01,-1.154733879393765872e-01
6.502925838653894619e-01,1.050896796399025224e+00
-7.297097079404855080e-01,-6.898860380393080638e-02
-5.701011344498233546e-01,-6.531265070883578439e-01
4.928797011595996425e-02,-3.184480518084658457e-02
-3.006176521097887466e-01,1.999066534742545587e+00
1.150376156554765883e+00,-6.892749199727341569e-01
-1.400204850147353408e+00,-2.467219661128667030e-01
-2.985349300231230352e-01,-1.120150854018906905e+00
-1.726585078091283476e+00,-1.183261587254699432e+00
-7.536350156642693254e-02,-3.874085208177289741e-01
-7.939921619830897503e-01,3.231971863133755174e-01
6.427495391362449961e-01,-1.330193032828233868e+00
-8.372832222102838395e-02,-4.905829257995270587e-01
-6.845860762055843152e-01,-7.286018081936233015e-01
4.860885947248262950e-01,7.722816522818969076e-02
2.204385134689061665e-01,2.604819687403227557e-01
-4.910177620061217940e-01,-3.692873435978801244e-01
6.182282049401218726e-01,-3.114122424369500930e-01
-5.010706064985595010e-01,-4.858108414812299936e-01
9.787742634072934544e-01,-4.819845911757650869e-01
9.064351891309855302e-01,7.549020282381896374e-01
8.634437329094516445e-01,-1.328005564503923763e-01
3.001150106385100380e-01,3.912632085088788569e-01
1.312165101125193634e-01,-3.505458329442660559e-01
-7.346207342338365587e-01,1.197951835294381873e+00
1.537910406571014188e-01,-3.533437532992814711e-01
-6.858209038979575789e-01,2.886845105244652543e-01
-1.943676530531558422e+00,8.754669896179374800e-02
2.842802115179715594e-01,-1.091399423574323402e+00
1.405257763211005817e-01,-1.613364261021728474e+00
4.181983496647465604e-01,-2.029063898780636699e-01
4.019648135968385549e-01,-5.403989435888872234e-02
-1.527077778455701029e-01,-3.651910457290679646e-01
7.977552823755281741e-01,7.845904842245600141e-01
5.572419938231452097e-01,-1.526311354463624204e-01
-2.637651401198056078e+00,-1.458699875556504821e+00
1.204171627393143318e+00,4.584032756541249753e-01
-1.129249166927772663e+00,-1.007214639503108272e-01
5.109763777521968420e-01,2.133328232979095698e-02
-8.665725786158955390e-01,-1.447175205850250723e-01
9.812223242655346844e-01,4.355454242072260840e-01
7.635907641374009014e-01,-7.303552214717183751e-03
-1.406347698289331039e+00,2.154529835089271927e-01
1.792013204714488550e+00,-1.103861658592393935e+00
1.009253422080591100e+00,9.383210774156510725e-01
-1.308407751746079942e-02,3.342466919397906744e-01
-8.348575944413938466e-01,-1.382326228817948865e-01
-8.279000758351549027e-01,1.323043705003059956e-01
1.821741494060325151e+00,-4.110257078982000878e-01
-5.722118937217779422e-01,2.351621358489589253e-01
7.067365579135526099e-01,-1.810391975188838931e-01
-9.208212733520305671e-01,-9.091633073938917287e-01
6.986081102438257417e-01,-1.014446526416246108e+00
5.064413842692451206e-01,1.241359794719518739e+00
4.706733958868612455e-01,-3.881975237214826957e-01
-4.155780989544503035e-01,-4.521685581501564410e-01
-6.899611901746445508e-02,1.304665529885240538e+00
-7.628611911000127144e-01,-7.361346582780191605e-01
6.994350839547801568e-01,2.262281612706821543e-01
-2.060987174765269270e+00,-6.672104881989413538e-01
-8.185761374183508909e-01,-1.240295047986376131e+00
9.202931031643054594e-01,-1.023284087558048006e+00
2.169053948134020415e-01,-6.398518532085389898e-01
5.665561452825742528e-01,-1.765984691024065523e+00
1.139472396359591855e+00,-1.218158956073128074e+00
-1.860874613906171593e-02,2.161125704728087127e-01
-9.257235177452315111e-02,3.367961894583479387e-01
3.378958984063440418e-01,-6.890471139096151498e-01
1.079188724633043828e+00,5.993067428572595307e-02
-7.840904266855120985e-01,1.205317750475429106e+00
-9.843766451133247886e-01,2.268752611180176737e-01
-1.037396122072499899e-01,1.340429584365632865e+00
-2.157946552435699439e-01,-1.477741813641341440e-01
9.177011782070674251e-01,-7.205709530590137524e-02
3.003541236377553769e-01,-5.070766334943456188e-01
6.412824965079558792e-01,-1.086513043624091623e-01
-3.743347477383230371e-01,2.874897606301309860e-01
-7.941185786314095552e-01,-8.456775137970654610e-01
-3.415725809425206871e-01,-8.477465829348179716e-01
6.104768949582712878e-01,-6.692868178412219038e-01
-4.857016731605248161e-01,7.024326798266176952e-02
-1.169259010583270531e+00,7.027241330650899620e-01
-5.513408559771158790e-02,-1.210714629376083096e+00
-2.550871195720114670e-01,3.974974438683001043e-01
-1.979997777802087189e-01,7.182305749719002375e-01
-6.208961572894604597e-01,-4.890042665722083015e-01
7.183336714960995018e-01,-4.516013325620801822e-01
-1.638363299706622644e+00,-1.522983098994540763e+00
9.925652440099204110e-01,-3.344848489488935206e-01
-2.149042722802435801e+00,-7.662121147444256319e-01
2.151391236502751270e-01,-1.137179310191463566e+00
1.528913754405855085e+00,-4.801396406012495288e-01
1.400750060539803332e+00,6.663656605823373713e-01
7.008013090346096319e-02,-1.035986551078065032e+00
2.465037088318406400e-01,5.414987617640979467e-01
2.288509171373933337e-01,7.237992405420798914e-01
2.000147355777333491e+00,-1.048665412021106080e+00
-1.262824691444775382e+00,1.453294659412563306e+00
-5.709279461587941640e-01,-2.723029779248388182e-01
6.023958766628008110e-01,-1.278523457504375793e+00
7.480095875047537701e-02,-1.696428100032447706e-01
-5.278501641300862302e-01,-7.409741653323629329e-01
-6.983413364794018030e-02,1.219882262140546070e+00
2.553720544347727883e-01,-4.357471636595452447e-01
1.996291579212175482e-01,3.535247015216671507e-01
-1.130315031292858263e+00,-8.909100924164340407e-01
-1.029215307802132662e+00,1.137501020135647689e+00
-1.064315369453888938e+00,-1.675086291662272742e-01
-3.493162885360137637e-01,5.743137618891771545e-01
-7.705218591051831156e-01,3.186619732075355316e-01
8.039129629969385959e-01,7.721955670213513923e-01
-9.886213152307812280e-01,-1.351082371764599499e-01
1.086325120481439033e+00,2.516741118453762915e+00
-8.905224776238225282e-01,5.028519611861225203e-01
5.630767478343318144e-01,-5.656648943461561885e-01
1.723958892932584419e+00,5.851054706535028238e-01
-4.996112046660060035e-01,-2.411064619832983535e-01
6.429683515695614471e-01,-7.765874464671678190e-01
1.452665595987431002e-01,1.432325545433305591e-01
-5.065100735891939765e-01,-1.216706496843498325e-01
-1.535607543863004854e-01,5.808170345544326485e-02
1.039153990136772787e+00,-7.606048556179534348e-01
7.356557636752270035e-01,-1.110219672034562066e+00
1.795736999401054135e-01,-1.037666380285620304e+00
-1.072322248588452709e+00,-4.237394890389768465e-01
2.005613246769964164e-01,-6.275874672539129007e-01
5.146271477910645542e-01,-4.356824128464853452e-01
-1.661191345098853300e-01,8.527863565356462450e-02
-3.483588431119084838e-02,3.212798946471895900e-01
3.270487797347527703e-01,-5.970521357629918757e-01
1.009880917243945464e-01,1.377298093202625529e+00
6.883009371789596820e-01,7.703476969869346158e-01
-7.276254384226105154e-01,1.364214100850658751e+00
-1.256552473678215209e+00,-1.825173600073445312e-01
-8.603805406460096616e-01,-3.584089205071939732e-01
1.718484255564165952e+00,-7.895465999973587667e-01
-3.472183404540546414e-01,-3.529508462574539873e-01
-1.068103576303621072e+00,-3.874416081195290462e-01
-6.277106505140339632e-01,-2.062961344710347422e+00
3.733617676074215130e-01,1.882619145221393064e-01
-1.889495231338903514e-01,4.114984162766418541e-01
-1.108959323796537610e+00,-1.140539936168402796e-01
-6.325336172500918563e-02,-4.739808204455803753e-01
7.965761740229334587e-01,7.270654574049163488e-01
-1.284766995320132388e+00,-2.850003819570959274e-01
-3.100557138233120957e-01,4.389766882122562719e-01
-6.535670455354309905e-01,1.448757376378421169e+00
-6.383414167401534924e-03,1.281555371617183692e+00
-7.828710812524219964e-02,-6.843349598488932539e-01
6.955048120388169774e-01,2.784877359005520359e-01
4.267229411903523673e-01,6.094640473001485814e-01
-4.053174147195630073e-01,-4.888719823807040066e-01
2.132091646141103247e-01,-6.278066785467841804e-01
-3.744247895828298200e-01,-1.004782625756119874e+00
-1.953413867518905001e-01,4.696524171255475055e-01
-3.522407009794921162e-01,6.706467443495263137e-01
-3.729547841159728261e-01,-9.638556985947484002e-01
-3.722975485437006182e-01,5.598807081506189665e-01
-6.748863755121763119e-02,-7.717284867518615643e-01
-5.520810447068739135e-01,-1.372728154458986161e-01
-2.462674151438420389e-01,-5.396669873409408735e-01
1.266623060691126179e+00,2.329868121178930440e-01
-9.951160711150781601e-01,1.121786695137467760e+00
-3.191514461148057258e-01,2.646072115095973176e-01
-3.514184796121856968e-01,-1.265284774218461861e+00
-4.336441090428566070e-01,8.583938268896035284e-01
6.722209663691033343e-01,-3.081593417993878647e-01
3.442461468824519755e-01,6.262984770067605567e-01
1.236335524663153995e+00,4.458273104363839057e-01
-9.097075938465475076e-02,6.592054610836511896e-01
1.685189280802103395e+00,1.628544725656332348e-01
-8.557699057205233606e-01,-7.418057515155471737e-01
-3.723179147433047786e-01,-1.417493698346157238e-01
-5.109181473134908336e-01,-1.499288136893412240e-02
-9.344850968490994170e-01,1.064412447678052126e-01
4.020230762306584715e-01,6.606933704721833500e-01
9.890501241737128524e-01,8.085602530737152627e-01
9.212141595416238893e-01,1.798952811245468464e+00
2.261161281003352397e-01,5.516552936136089880e-01
-1.086049183026788767e-01,-3.560023188372067882e-01
-9.192627983730173868e-01,1.044258015815530127e-01
3.585519340141425926e-01,1.025294814898997792e-01
1.018581305362012746e+00,-2.722255574843662207e-01
-1.582483398991970658e-01,9.557603081844253667e-01
7.629031567860736773e-01,7.301869891090566611e-01
4.069443534394007744e-01,7.887801915263082941e-01
-5.356130322192387272e-01,7.581508584828605679e-01
-1.309339350380999134e+00,1.288004141312252715e+00
-9.511570084342723108e-01,7.821771773101339198e-01
-5.647607627478616887e-01,-4.108512805443353955e-01
-2.213851460819309835e+00,-9.516860548728957037e-01
-1.045596189046389846e+00,2.925698786867599321e-01
-1.591063460543701846e-01,-3.806249494139822831e-01
1.017446121266958547e+00,1.994694531845357388e-01
-4.318619766888339151e-01,2.250900038444447471e-01
-6.479554579792072833e-01,5.153059553655348068e-01
-1.134734966066239942e-01,8.616942357507256789e-01
2.994805108412550432e-01,-1.825193427268569368e-01
-5.901246341018170048e-03,7.300740718160203535e-01
1.093628388440734289e+00,-6.084974646301790635e-01
-7.356997332067459761e-01,1.042943863549088634e+00
-1.288774542361417474e-01,-6.238780041285842126e-02
-1.177476671293651300e+00,-2.890790221538922511e-01
-3.623639646503484246e-01,9.022041636249051866e-01
-6.449782485818535971e-01,-4.401059501448800759e-01
8.768179225103975849e-01,-9.886336411377170119e-01
-1.601063584533055195e+00,4.588778087502634051e-01
5.455890791499884429e-01,7.916816689255367079e-01
9.267782122783916332e-01,-5.309486114079075003e-01
4.039001706649952839e-01,3.395879941124454460e-01
-4.907922308652538090e-01,-4.261679416402734399e-01
-5.524729180926265526e-01,1.412008396583810388e-01
-8.592263285380296045e-01,-9.326418148737586344e-02
1.737249216094401305e+00,-5.310953359077549285e-01
1.860022475282663512e+00,-1.252215043127747063e-01
-2.805171903404184430e-01,-5.696066286213476992e-01
1.045891630621543111e+00,-1.743800122939748398e+00
-2.996694272160445038e-01,6.194722350533420352e-01
-5.795338169489024915e-01,6.449971530608039627e-01
1.195503212280427885e+00,-5.688393260228871151e-01
1.490607699831856814e-01,-9.769211633669824257e-01
1.676408751396168129e-01,1.668524877289172759e+00
-2.659535901637122279e-01,-8.098164402083793956e-01
-3.576390949752504822e-01,-5.799670878190706924e-01
-4.014406185967330787e-01,-1.933564718602444277e+00
1.626739994774915710e+00,8.493784184063275511e-01
6.823122679928081968e-01,-3.648494534724652100e-02
-1.506974012572464883e+00,6.425837574516610196e-02
3.911309652979129414e-02,-1.146756292534456767e+00
3.322337744640353474e-01,-2.235685451398619072e-01
-2.816138543803393263e-02,6.975513134974831164e-01
-5.570993551801570742e-01,-1.091346385028742594e+00
8.470408726557668855e-01,7.335891739280050450e-01
4.275045084208185520e-01,-1.010129584376977974e+00
3.541474497114142639e-01,-6.991606128574313628e-01
-7.038490974486242280e-01,-3.200842142773026588e-01
-2.933456073771716355e-01,-2.294009038424458524e-01
-9.627421929173421988e-01,-3.203175725408696772e-01
3.374559298888713532e-01,-6.289116179714644705e-02
-2.308751152124182415e-01,-4.852301279358275377e-01
-7.786977561475761922e-01,-9.747502351352241856e-01
3.114900477975392490e-01,6.655995286583926696e-01
-2.972755875651059698e-01,-1.814462781032755156e+00
2.300210648215255116e-01,-7.640872952806762042e-01
7.073367817020708159e-01,-4.676271075784698694e-01
-1.549366715060572774e-01,6.298890475977801939e-01
1.585305475423925303e+00,4.602864227896703575e-01
4.804374596979432699e-02,-1.075611153210640492e-01
4.958500314371953044e-01,5.312343507763776090e-02
5.695110688246337594e-01,-8.482458023388005364e-01
1.024185050506736028e+00,8.774419078382624804e-01
9.488742973488978327e-01,-5.674491743944999333e-01
-1.412550191482516426e-01,-2.172072131079705759e+00
-5.309148950401272327e-01,-2.634489014882976932e-01
-5.751427329088206752e-01,1.506238710199926389e+00
-2.169388180846261172e-01,-1.364166775433247325e-01
-1.093925794642632149e-01,-4.544525424458313312e-01
-3.443706143671519671e-02,-6.113722821933292861e-01
1.048816924022561103e+00,-7.475889963164173979e-01
-3.133704147619119085e-01,-1.316981401912589167e+00
-2.256097292610616534e-01,-1.182387608221243447e+00
5.356277393016793953e-01,-1.315467243501658112e+00
-2.648546995394977510e-01,1.387234945585478441e+00
8.015403386419680531e-01,5.990399878925481980e-01
1.157794792212144319e+00,-3.983748993721730747e-01
5.179551405582981383e-02,-4.298205586756646823e-02
-1.191998314300490636e+00,1.181720037578469329e+00
-6.795400837441950559e-01,-1.438441438152776586e+00
-9.903893041865780011e-02,-1.777451950239306300e-01
5.377623369111897977e-01,-5.947165213823609742e-01
3.649494378629470348e-01,1.118260759013964684e-01
2.803723903133329975e-01,-5.925960603011680705e-01
-2.095855408751379212e-01,-4.099116182286880461e-01
4.711611846396097647e-01,-4.732397989941389965e-02
1.639679438742997764e-01,-3.271641286368207613e-01
9.150323555409026755e-01,-1.988119852961193423e+00
7.281027301869000823e-01,-4.376788397658628038e-01
-6.383646148048114366e-01,8.074475681779719194e-01
-3.614328566431921907e-01,1.427378938711388809e-02
-9.071494941400283507e-02,-8.685871675970419092e-01
5.774301514044678507e-01,-3.155229834663332289e-01
-1.251131332751302283e+00,-9.407883637828913237e-01
9.343767829797852142e-01,3.135063464627986241e-01
2.053942047776733185e-02,1.251117782618818286e-01
6.862760869542515463e-02,-8.858977564117196390e-01
-4.207421209404068607e-01,-1.239342297781627522e+00
-4.771612399889482714e-01,2.774501380299682074e-01
-3.762020827321111427e-01,-4.486888345297915248e-01
-3.304204351810801077e-01,-2.196031233420126849e+00
1.382660665235559971e+00,-6.302436965304066829e-01
3.562147460857171405e-02,-1.333381913591320078e+00
3.043892454277056792e-01,-9.255862894587550960e-01
-5.271528403475117530e-01,-3.193568347747699487e-01
-8.222781317433655590e-02,1.108711745119111136e-01
4.677612632405253601e-01,1.299494891727948909e-01
8.041314880708233526e-01,3.457143194731854274e-01
-2.961522959869029581e-01,1.082940643867955188e+00
3.816681176707137357e-01,1.706313359435820853e+00
4.418027998852389060e-02,-3.440343452931590718e-01
1.349693852353001766e+00,-9.972576690230233742e-01
-1.118827799406501899e+00,-8.608812740980787970e-01
6.698310716403059750e-01,-6.747180810248756266e-01
1.490085468307128069e+00,9.967570266923259092e-01
3.366881315846437239e-01,-2.335950978969159320e-01
1.345813060095771174e+00,-2.124627423003873916e-01
2.660595211866511600e-01,2.786863104251940393e-01
4.448021236881606610e-02,-2.124017969783469906e-01
-7.756738044061679549e-01,-1.967897591659135970e-01
-3.013657859488199642e-01,4.141546329129516119e-02
-1.953890818519102637e-02,-1.214263617568252851e+00
4.372540248047945832e-01,-4.786845284591787486e-01
-2.698547072983257800e-01,8.930651616414225780e-02
7.147562942215789361e-01,-1.285918033219423551e+00
-1.471530308338117599e-01,-1.527669850827078069e-01
-1.019704602639165625e+00,-2.137131292752606215e-01
1.061960210191320364e+00,-7.293985136831507288e-02
-1.799811100921793472e-01,1.584156918433025640e-01
-2.567002883246950057e-02,1.049649834710203899e+00
-4.890134918217160093e-02,-6.457415970227721180e-01
-1.082749004096093204e+00,-2.007933897868247330e-01
7.419611385438997786e-01,-3.423838701274821705e-01
-8.419124076650901234e-01,1.867956773806942194e-01
4.401954476444306930e-01,1.174295314343655638e+00
3.152602698674191739e-01,-1.242980288909584008e+00
8.528499384365350044e-01,1.035448301281761685e+00
5.022648659017899808e-01,1.118397503955775640e+00
-4.753348241284279796e-01,1.695394645744742856e+00
-3.248626312224225932e-01,7.391764977190851127e-02
-6.676451451079800092e-01,1.747160961895204978e-01
-7.910350357000960342e-01,1.819037208182668341e-01
-2.274348329702221005e-01,4.158684599299150575e-01
4.952912511065961643e-01,7.370298111711665046e-02
-8.486136046408654376e-02,-6.394388705559747588e-02
3.740125577228092246e-01,-7.735032178990300378e-02
-7.971191538918553920e-01,4.210266898257857271e-01
3.988823875782749329e-01,1.292354826674913859e+00
-1.293059278269815149e+00,-1.155601785601374498e+00
-6.547002915958659297e-02,-2.497478799804047911e-01
-7.483139223684915908e-01,1.842559558356975102e-01
9.391178093120643167e-02,4.477647948837121250e-01
1.039507430844540892e+00,3.803808432614211310e-02
-4.513684091967452849e-02,2.064599551759071505e-01
3.415695756009932693e-01,-7.907664409525990701e-01
-6.983099807370422019e-01,-8.257947041293717261e-01
2.144170798353465801e-01,3.594462260458792802e-01
5.723687840034626939e-01,6.404205000098732725e-01
-6.922983502591097960e-01,-3.229861341081621262e-01
-8.708326878065888454e-01,1.696476310358119022e-01
-1.058922511906305708e+00,4.267886834541233243e-02
7.743619338963645404e-01,-1.141862332927045198e+00
1.538917872766069506e+00,1.224202330641923409e+00
-6.505826086379516981e-01,-3.718305008170754711e-01
7.221164354697391374e-01,1.469648257222205823e+00
4.288223630922474161e-01,-1.378347615498833056e-01
-9.983747678662806546e-01,-1.023392468024895363e+00
1.782197028200313893e+00,-4.255144033073410270e-01
1.205417700513587764e+00,-2.868636339788514511e-01
1.100377858947839682e+00,-9.603674978545915231e-01
-1.020575261543544165e+00,2.524970145067779725e-01
7.016849899839081028e-02,1.484165284015327435e+00
7.539483640002098142e-02,4.428631869814610156e-02
-1.293762264469353329e-01,-6.064459749753321471e-01
1.082180895233147422e-01,3.223090460497261001e-01
-4.606252609133967280e-01,1.151860516462945627e+00
-8.217438940970180905e-01,-5.683543716066246088e-01
-4.919534924300292267e-01,-8.467446935158469412e-02
7.231141705634928085e-01,-3.796262314968436580e-01
1.436153939043292860e-01,3.977525433588172121e-01
8.326667551041176951e-01,-7.634099278531678578e-01
-9.768696430880440262e-01,-3.047797034200404043e-01
-2.321210595031809876e-01,1.203766728659315804e-01
1.291375469409196342e+00,4.294524902938220978e-01
4.012155239176853350e-01,6.834874195239819539e-01
-9.548395733905086225e-01,8.182035685179424034e-01
-8.249717573828957429e-01,2.913966566996710195e-01
-7.881685564089062346e-02,-1.948391380559469088e-01
-6.612314415063029749e-01,5.835188066692940101e-01
-6.113580118886145255e-03,-3.273097853834944782e-01
5.487105365939075607e-01,7.617210527422470234e-02
-1.115667661368781038e-01,1.111687771117312318e-01
-2.687464669972000619e-01,8.969764346324775595e-01
-2.209653880337797693e-01,5.290449849220948408e-01
-5.846804065007695783e-01,-9.288034381983196752e-01
-1.078188374012455153e+00,1.605948095700862888e-01
-9.001367135088402804e-01,-3.052455557180371315e-01
4.165352082157695590e-01,2.092706115023670321e-01
-8.095229496331380892e-01,6.109481386323489804e-01
-9.370445647330036820e-01,6.338560522351154303e-01
1.786815798408597777e-01,6.086858744711494129e-01
-2.730348766270156990e-01,2.237444300889465942e-01
1.085347817562005712e+00,9.180789842340240092e-01
1.417856995562300826e+00,9.048745384810790160e-01
1.000232470877554514e+00,-6.550114453437266837e-01
-2.222591151822867206e-01,-2.372545809363418301e-01
1.041891172024388634e+00,-4.386689014293200795e-01
-1.244322251403642970e-01,-3.194616316030291503e-01
-5.173051969750860346e-01,-4.459161992942198283e-01
3.899640573829260548e-01,-6.464040430745146004e-01
-1.345557042283985982e+00,-2.383497409486560192e-01
-8.668180949252692891e-01,-1.558421067945472693e-01
-3.883707725399296318e-01,6.024108163845336428e-01
3.199986186219019868e-01,-1.783909656823542966e-01
1.075256077144537553e-01,4.814272328062656481e-01
2.074375497094348153e-01,7.075461135278656721e-01
-4.934501152599598539e-01,-3.742561987022902659e-01
-1.551656169392423124e+00,-4.908976031382327188e-01
7.158027016032295631e-01,1.330098251044142366e+00
-5.047458011376280140e-01,4.622956146871491923e-01
4.556646162186742122e-01,1.075107073596093921e+00
-6.310690454150560402e-01,1.388016107135648658e-01
2.626742920402258541e-01,-3.990777584056831584e-01
-2.798414954437880020e-01,-1.747800814395122915e-01
2.277882772691906865e+00,-1.458925623317461895e-01
-6.777301473114363262e-01,-5.202180283077173506e-01
2.243746535409698040e-01,1.106577236823014010e+00
6.289930246294473948e-01,-5.457223516548204145e-03
7.591504691886672429e-01,5.844270749635230855e-01
-6.574140185237509204e-02,6.491658391287391527e-01
-2.423950151617940973e-01,-3.402132576936175434e-01
-1.054424410810147067e-01,-1.151663027180651611e+00
5.519020049527353367e-01,4.095427606381030206e-01
2.341920725889893445e-02,2.163804271358180209e+00
-2.638079090469279686e-01,4.319823670538951998e-01
-3.058621833342137775e-01,-2.687023554949623527e-01
5.742526748358800504e-01,2.961226500947707896e-01
5.072836870464617620e-01,1.706079768582250411e-01
6.766973313174763360e-01,9.254796819952052500e-01
6.219138894023228392e-01,8.227165418752706572e-01
9.480811015378733941e-01,-5.788392185682794677e-01
-7.612164418497451290e-01,-1.443229942894890927e+00
-1.157901684530873609e+00,-3.731222530993496544e-01
-6.126396014741608553e-02,-5.202587615662149917e-02
-1.551957361004166591e+00,-1.177006613818829761e+00
-5.728384200269850401e-01,5.615587978905552807e-02
4.441767210676834110e-01,4.366217711321279671e-01
1.129357496636269609e+00,-7.588946833255518776e-01
8.652071740269998701e-01,-2.048972379867842197e-01
-2.123898215659180966e-01,2.142659285217496934e-01
-4.682565199128988498e-01,5.847477877032913884e-01
-8.676791961814377396e-01,-8.654173043710049473e-01
4.660730863886387576e-01,-4.489087825270241527e-01
-1.312979531764317809e+00,-5.562665783357854110e-01
3.332197666321268237e-01,6.119484726313674239e-01
-4.494171796038484712e-01,-1.257436632149455669e+00
-1.994883336909368879e-02,6.536213392219605289e-01
5.109441203291412714e-01,3.352668574741719809e-02
-1.679375864233870086e+00,-5.088008263135061771e-02
1.733377987387364261e+00,-1.362910716464153849e+00
-6.164875041116963938e-01,-3.799484593095815987e-01
6.578145280189585664e-01,8.307017285349050928e-01
2.019040669031842150e-01,-5.812749851163456771e-01
8.863108882637403818e-01,2.940588252345087694e-01
5.076614008191505656e-01,9.249968950231450826e-01
-9.902612293615155048e-01,5.738847468030332521e-01
8.623870746978751223e-01,-1.657220358160479412e-01
1.530059323824285167e-01,-1.098054978904033696e+00
-8.296667271769814223e-01,-1.083802879407566699e+00
5.900994317052764560e-01,1.510680629778080819e+00
-1.109818053857227094e+00,-9.035052265385551395e-01
-3.496235046410633984e-01,6.746248195834361194e-01
-7.273596923244085577e-01,1.614225225316033407e+00
-4.072019831895454800e-01,3.635171701086217233e-01
3.595023958154280885e-01,-4.294215066401306236e-01
6.286277622650816577e-01,-1.478417970852240249e+00
5.396768217402410084e-01,4.008717551442291249e-01
-1.996073423562125804e+00,-5.907950997597141707e-02
3.829303461519914520e-01,-4.331114737918537183e-01
1.573765908738442298e-01,-5.392290965956023641e-01
-1.377688978991675306e+00,-1.375885969479116566e+00
-1.613851050593016812e+00,5.513773618816902866e-01
7.216627645025481819e-01,2.580070270539915334e-01
-1.128610269844510183e+00,2.758161548813278685e+00
1.296564889491453654e+00,4.466200885565763667e-01
6.847504649597673243e-01,6.439886881254014428e-01
4.078468536471834827e-01,1.523005676219004734e+00
7.165924489329513758e-01,7.768932545994214345e-03
-1.243032318073567177e+00,-1.096611264866454438e-01
-5.820062360673041724e-01,1.111407118611044131e+00
3.843856655145548307e-01,-3.594574584360367142e-01
1.317421963871649337e+00,5.227743241037576816e-01
-1.205152083029280008e-01,-3.748213436846662416e-01
4.861282349695732891e-02,9.743849461245360777e-01
-3.066743074395125723e-01,-2.880005199441965646e-01
6.094915256186276276e-01,1.762168343610950594e-01
-4.767299735219972523e-01,-7.003206534551348339e-01
-3.810375399109666716e-01,2.798683666484094723e-01
1.277194626443778347e+00,-3.691488055917583333e-01
-7.956195353512184321e-01,-1.827367062187748858e-01
-9.103959242250211359e-01,-9.540961334560604801e-01
-8.129105724120030407e-01,-1.462457890671297056e+00
-6.358041232674512822e-01,-8.498387836224498282e-02
3.995895871102462804e-01,1.161992198182040914e+00
1.424321542477405104e-02,3.023566244611466947e-01
9.604751860109689288e-01,-4.477857055982699119e-01
-3.473498080134203303e-02,3.744765478063112885e-01
-3.972208584595172259e-02,-9.802313600975950947e-02
-1.003584176487765989e+00,6.852801876182020024e-02
-1.266627069826318452e+00,7.318843825307381756e-01
-5.042335814607355748e-02,-2.238518215871664330e-01
7.946118198465337290e-01,9.291757549058158316e-01
-5.766886067205528876e-01,3.622270472058954083e-02
-6.427006790757169297e-01,4.015424872281379148e-02
2.422218771109469204e-01,1.165824144596403045e+00
-9.895011913437922191e-01,-4.704257755978358269e-01
-1.162693210037722691e-01,-1.482171800055869515e-01
1.941134289501406374e-01,-4.000910709795872933e-01
2.338813136307096863e-01,-7.394412126852877298e-01
5.542435709245034925e-01,-1.753471430873403181e+00
2.374350799110221955e-01,-9.124181260998860399e-01
2.668766163275352876e-01,9.552473675595637426e-01
1.354154487300306853e+00,7.705181601923666301e-01
6.950833031631150627e-01,2.386982914378226739e-01
-6.197484596026872072e-01,-8.858942313362047627e-02
-8.522297816475119525e-01,-3.981642975398156509e-02
-1.743754183430612281e+00,2.023148321011336015e-01
7.070420865182692749e-01,-3.478514330100060947e-01
-9.731608406436865755e-01,-5.837258278256397120e-02
1.309548234709438486e+00,6.379908623162580117e-01
8.716242651495691440e-01,1.209175636894885164e+00
-1.569331165302401132e-01,-5.230299973079381992e-01
-5.845737818897083216e-01,3.580010179276222892e-01
2.119530548765297340e+00,5.124103517785099093e-01
-7.267252533446975048e-03,5.073118850310811556e-01
-9.037115881298398712e-01,-1.830433927744500311e-01
9.816598338493534026e-01,6.298435451392704332e-01
-9.390859786058584069e-01,5.896076454011057733e-01
-5.711546394784255964e-01,-7.612664844961629651e-01
4.183915157040157262e-01,8.390379282087406798e-01
-3.713997034198532887e-01,-8.043809453861162639e-01
-3.790179382893710813e-01,3.079967633222670531e-01
9.536879383256881004e-01,1.085159911571677238e+00
6.824226585764536779e-01,3.320757360352269982e-01
-1.910034772283062121e-01,-4.555039020067139788e-01
-7.968980059729171561e-01,-1.335845225089169697e+00
4.613864178907274571e-02,-9.241073319490196170e-01
1.217921644574425422e+00,-1.626777481937085046e-01
7.684470773722200665e-01,-2.363469711772654136e-01
3.420269263273268967e-01,-1.312107503953032328e+00
8.046906432543913246e-01,1.400581678088006488e-01
7.075922664127613781e-02,3.051730536250487069e-01
-4.114509110101275957e-01,1.758404191819838092e+00
-1.155430030701330324e+00,2.253432240390982333e+00
1.140184010146782223e-01,-2.721653769858990990e-01
-3.423825905279744702e-02,-4.163229499630601849e-01
7.371660708765558345e-01,5.570147919245914681e-01
8.890167502882502237e-01,-7.980791273148881704e-01
4.574416092190688315e-02,-4.739587824204943289e-01
-6.885961155322688210e-02,-3.409434562575210936e-01
2.541966884529798243e-01,6.686963160336911738e-01
1.854497865308525617e-01,7.622445194667345492e-01
4.493594121593870172e-01,1.775303237724495109e-01
-9.269886712954509278e-01,-8.416069390307510112e-01
4.177936611015848900e-01,-2.359025475374839920e-01
1.240714134064535012e-01,-6.159067074574587908e-01
5.944143183814665221e-02,1.119336624633085808e+00
2.405198925927115317e-01,-2.357832176281544068e-01
-1.063457299100633913e+00,-7.016783295470749859e-01
-1.173906473473717710e-01,1.599870995647411087e+00
-3.799961025126674663e-01,1.709492563440818458e+00
3.086113646568303670e-01,-1.032334697662761203e-01
7.017922233755576888e-01,-2.209010661028049771e+00
-1.558507354561281311e+00,3.878448743808191601e-01
5.713078194911810348e-01,4.467699756819718537e-01
8.574841157035785477e-02,4.433222500247704367e-01
1.357794086336594486e+00,1.410246759903758029e+00
-4.643951163218049127e-01,1.942651596498802924e+00
-6.941429469983967371e-01,2.268401906489268816e-01
8.061899720547978099e-01,-2.142469288833812602e+00
4.704040332115385636e-01,1.336562625155909734e+00
3.120645846573644744e-01,-2.350707751382997979e-01
4.863265485032175484e-01,-7.012476617882384966e-01
5.259302849066768148e-01,8.594272260085973336e-01
2.124832726746090361e-01,4.500605457336968596e-01
6.951118987075752820e-01,-4.269521992175249331e-02
-4.740107851722500931e-01,1.752414900546672982e-01
-1.165722902135268191e+00,1.144111928078893614e+00
-5.368033482114088484e-01,-1.297625630845320177e-01
-2.791111237032570802e-01,2.689415709558285461e-01
5.054620554472799565e-01,-1.086161001297382356e+00
8.805082172304619093e-01,1.273860279993822342e+00
1.125568843290277593e-01,-6.934179844552014471e-02
-1.776018732485952489e-01,6.547510930097917292e-01
2.622447105973872983e-01,-2.832874337927696051e-01
-5.443133304205730605e-01,-6.155821365701782399e-01
-4.275060673545862389e-01,-2.930743941778590211e-01
-3.746116231840411204e-01,-7.212625001113852630e-01
6.871401961364562716e-01,-1.104319230669156271e+00
7.419524010829606775e-01,-4.368005768745923945e-01
5.325603609512762349e-01,3.168509268319391614e-01
-6.102632880055223197e-01,-1.874026141080750996e-01
-6.659161195480260698e-02,-8.118651032590235017e-01
-2.248991069982610169e-01,2.768002181508946169e-01
7.228192195022642430e-01,5.963068005384078996e-01
-3.236350779019206425e-01,-5.680794035552597793e-02
1.078025822957232593e+00,1.097559313940303483e+00
8.988379325512654283e-01,-1.236218614567386354e+00
2.783517846653155714e-01,-4.785083790542705717e-01
-4.991763623624862478e-01,-4.513077297797474796e-01
-2.053932180519428385e+00,6.931346197652968888e-01
9.842204283339125448e-01,-3.862812910607762995e-01
-1.654223915729337913e+00,-1.681357021882091463e+00
-6.179644631404310751e-01,3.909751477389271646e-01
7.696471067243454423e-01,5.288531134593803529e-01
3.134567669228329745e-01,-1.306059836155174791e-01
-3.555493898894768190e-01,-8.598814865464052826e-01
1.070972415425704760e+00,3.387166587329716316e-01
-9.791314825732237992e-01,-1.508325223663761760e-01
1.808503578182550919e-01,4.568180260462618714e-01
1.363337611223887080e+00,-4.054878549692364498e-01
5.322872761844185119e-01,6.705529986872598158e-01
-2.892319639337007642e-01,-8.291988637316650701e-01
2.928857795194350078e-01,2.116962527607724631e+00
-1.212859409803879324e-01,-5.257301389242747813e-01
-3.542388592203319364e-01,4.173533753778599364e-01
-5.143108381186620726e-01,7.364228585527080595e-01
4.771032431273997121e-01,6.113664186792596711e-01
5.178210717541428254e-01,1.186952473391475582e+00
-1.652423608509093547e-02,4.759851601359990081e-01
1.419344661788258799e+00,-3.029586768149081233e-01
1.222881291211235899e+00,5.936204570717080742e-01
4.652319554347876807e-01,6.318937442972980545e-01
-5.887186312272787436e-01,-5.190847291204899738e-01
1.882371466352178724e-01,-7.129825859838797575e-01
1.982942015356773946e-01,-7.115685319215302451e-01
-1.364654128483598461e+00,1.315207304037848246e+00
-6.605366099131022573e-01,-9.429906174417133080e-01
3.327351972373209232e-01,-7.597231509565097740e-01
-3.188132047033787053e-02,-2.123163525647016048e-01
-7.580768305993866862e-01,-1.504833012537479253e-01
3.019580801831924788e-01,-1.522742803391386179e-01
-6.223379076459744502e-02,5.155458349955333031e-01
-5.917850510765280125e-01,-6.484812664410305461e-01
-2.820345589312845958e-01,7.887437851685491497e-01
-6.761258401752093805e-01,-8.347489110345088226e-02
-5.009770881222658234e-01,-9.588938770073560658e-01
-3.640361929066170399e-01,-2.861134187022058573e-01
-1.912413000054914713e-01,-2.068431359768093447e+00
2.079095391679663118e-01,-7.885176702017178130e-01
1.693552284975471667e-01,1.651365090776741318e-01
3.422705266247750844e-01,7.568547819238997942e-03
-7.751725110689260123e-02,2.811158275093772474e-01
-1.335469312176848833e+00,-5.806618717479383740e-02
-4.190037495836895776e-01,1.086958067122405280e+00
1.021261271807160753e+00,-1.554715892168492708e+00
-7.735585751466326210e-01,-6.524610825872539932e-01
-6.587953418054552646e-02,-1.279203445151201046e-01
-1.142080889602202776e-01,1.337938572418217453e-01
3.576060995852439750e-01,-2.259477117397499790e-01
2.902068212191867835e-01,-1.155709962316895378e+00
4.205243546075986272e-01,1.413058977667462246e+00
-1.846634201150448573e-01,7.176759448642812123e-01
-7.639966268900481028e-01,1.794078100472341342e-01
3.205288353545194258e-01,6.325805146661125367e-01
6.749970123993620508e-01,-8.480136949096974686e-01
1.407366131721559110e-01,-5.169555646977139762e-01
3.751080045347089942e-01,6.016070359689248415e-01
-1.452250436175734016e+00,-2.455211216123054652e-01
-1.148638857144331921e-01,7.782469230040383046e-01
3.667310091875473632e-01,-5.120928093058945141e-01
5.100536650984921483e-01,5.432247054278592779e-01
8.806934171678219153e-03,-5.376560605951005156e-01
-5.970484160565715515e-01,1.983928492636357066e-01
9.087893450698773801e-02,-2.151932526285943101e-02
-1.301879247356927172e+00,-1.551390020102531297e-01
1.264076553871291697e-01,4.412530561156722264e-01
-1.681921212699764023e-01,1.934894039840873159e-01
5.331909107097060341e-01,-6.674608611724572871e-01
-9.785200544146011037e-01,-1.424531546369445678e+00
-4.863828422596141454e-01,7.218230865851321676e-01
-8.549851809416099124e-01,3.477387201145211160e-01
-1.881777605395148767e-01,1.339467121370273017e-01
2.696941613401647730e-01,-8.922141239752598429e-02
3.112947942580731112e-02,-1.055420609359961848e+00
-8.621005462736330838e-01,-5.530628626638869338e-01
3.012616585544417285e-03,-1.357319345057053372e-01
1.073878127653352665e+00,9.117211804375942030e-01
1.296605585244556547e-01,2.046504442850263228e+00
2.866737142118744863e-01,-6.177275704090322561e-01
-4.146788907489142861e-01,1.076418240356460942e-01
-4.992777031174792657e-01,9.835178689451912204e-02
7.252473757857016978e-02,9.868539295725554661e-01
4.301184894582604779e-01,-8.648783994751085835e-01
-1.919778888149000551e+00,-1.693834006214111898e-01
6.375439806559847489e-02,2.618097946069523063e-01
5.362123909282968670e-01,-2.122768084898682406e-01
2.449625298721125610e-01,2.297572677827807996e-01
-1.141419203500097616e-02,-1.409257847266618624e+00
-2.357494158813732976e-01,-3.563303876165156425e-01
4.837997489113503580e-01,2.442570509128250689e-01
-3.401759833444460979e-01,5.914422550868916328e-01
1.015434011071210785e+00,3.826280495103588919e-01
-5.560143895457704266e-01,1.425031751158897519e-01
1.499410908151652455e+00,1.201979480727559668e+00
7.072274447963363686e-01,1.203241062270029582e+00
2.344039906588152866e-01,1.533890879891183501e-01
-8.819538191951232786e-01,-7.145873082532557818e-01
-5.929136257581618663e-02,7.002038773970218344e-01
-2.675041249940647847e-01,3.378520329157074786e-01
2.401819008448518478e+00,-7.992994965821998976e-01
-1.673104116646473294e-01,-3.314901431262659570e-01
-3.614853711396494584e-01,-6.165537301495828126e-01
-5.071128309127854727e-01,9.875770993946151322e-01
-2.035117397343923495e-01,-3.541351996268990998e-01
5.003881292846741324e-01,6.733888602058669681e-01
-1.317017104168623221e-01,-3.687405176171607013e-01
-5.892784424801170706e-01,8.248660895920196801e-01
3.505737712640695225e-01,-6.817130816323169890e-03
1.381016205550708864e-01,-5.629727364742675294e-02
1.023606018553540886e-01,-6.192808340491268160e-02
-1.165074433232153206e+00,-3.004793127757738810e-02
4.245821254534479228e-01,-5.802342879348144633e-01
4.504933547879533817e-01,-1.056645969445575872e+00
1.856868221951532283e-01,3.911068917922853605e-01
1.161234307604217975e+00,1.299673174667631770e+00
3.246977455646603006e-01,-1.925197440225306700e+00
-6.815619662453022976e-01,1.066585978336035634e+00
4.396325055596334574e-01,-4.598551126366969277e-01
-2.501034379528560558e-01,1.943432026335799589e-01
1.131932830214818358e-01,-7.031480958086456790e-01
-9.180165121494300307e-01,-7.250204091040307608e-01
2.457768335597695086e-01,7.411630800705765187e-01
4.843129798859061030e-01,2.736627008481679058e-01
6.511219824228914321e-02,-4.125117504848134775e-01
-2.542430037837859480e-01,7.034285012360069755e-01
-7.527760050080549437e-02,1.108935000543145866e-01
1.733324636422314713e+00,7.029068227858267237e-01
2.073818012388421728e-01,-6.920259714839940290e-01
1.115787142490226591e+00,-7.753144290539402961e-02
1.697042067678640187e-01,-1.371323220409004007e+00
-7.018218106442110082e-01,2.700708421148194094e-01
-5.972312482070651907e-01,-6.272683465292014926e-01
6.863660030450056126e-01,5.214726147441219872e-01
8.869329760506194926e-01,8.330125463616945281e-01
2.204043149178791239e-01,-7.312514878763610726e-01
6.347468552744650605e-01,-7.691093945591013226e-01
-8.150467329969206254e-02,-5.996597857704273338e-01
8.570443601574192494e-01,-1.568539851170242527e-01
1.302167318569950716e+00,1.546182325989075235e+00
-3.682136511808934975e-01,-1.401504959793381966e+00
3.682113450013642098e-01,1.151474258923690153e+00
-1.116394213703321592e+00,6.744819650618442131e-01
-5.701829043518438223e-01,-4.033271275671030942e-01
-1.469717059686030947e+00,-2.653411865927375324e-01
-3.574775700599110984e-01,1.131495656574608571e-01
2.477987376894501548e-01,-2.581319444101056737e-01
1.045432966949704223e+00,5.166770108676025375e-01
1.214959313965692234e+00,1.959983887120205215e-01
2.086976639695622637e+00,1.688567477674092432e+00
-8.279576437667039990e-01,2.579443113137715460e-01
1.791769508745263695e-01,-4.907532790860180127e-01
4.938562420267337272e-01,-4.260056965395710334e-03
-3.066076477937197953e-01,5.294764718134181702e-01
-6.154646455095275082e-01,-6.483146430446978803e-01
9.149885634532366474e-01,2.098070924789928460e-01
9.185496702268346469e-01,-7.153910868595644290e-01
3.795152968261116255e-01,-1.346450917015363236e-01
-7.034044456967740722e-01,-1.298414052122769669e-01
4.358821273677356833e-01,3.155037085055245050e-01
3.083215649145938930e-01,-4.780401301326814845e-01
-1.875298847986118789e-01,1.729231174729140230e+00
-6.937334945076896187e-01,7.519676529348663652e-02
-2.242522596786352407e-01,6.625998567148885243e-01
2.889770326105345899e-01,-9.678893956111576102e-01
-9.740247242531613336e-01,-1.045975881313431222e+00
7.953230645090244577e-01,4.123938826983710726e-01
-4.701742018764007436e-01,1.277653911440188805e+00
9.433286583917844803e-01,-1.494383698564782648e-01
9.195275713454613420e-02,-1.207737895965652175e+00
7.712682944169478860e-01,-2.524014706524337071e-03
8.873174408671805624e-01,1.691331007068272441e-01
1.344854440030426757e+00,-2.867981845378998473e-01
-2.699888318038404789e-01,-1.999974392051613245e-02
1.032569677845007083e+00,-1.731457812671407526e+00
8.524540664317747929e-01,1.181989086583690618e+00
-6.769183421813678159e-01,5.503265094506897687e-02
1.208202782741932602e+00,9.457703748852736014e-01
-8.531200395866508912e-02,8.330589527637698444e-01
1.560433706667604427e-02,-3.661466727217403960e-01
1.169506611305765720e+00,-1.917166194534775936e-01
-8.436579267106859570e-01,1.326884293510789403e-01
-4.700331542446818944e-01,-1.178642480532321679e+00
1.793090629098005040e-01,6.451096769095731043e-01
-1.045877219891627963e+00,1.115334621186362840e+00
4.975498285250725683e-01,5.854470487963463476e-01
3.423247875563664722e-01,2.576056157326123142e-01
3.193208374183074683e-01,-4.004954798865671406e-01
8.780439197500811144e-01,-1.436550631156788160e+00
-3.208429901912219773e-01,1.154732927735163228e+00
-2.780106838087966215e-01,2.584165210568946103e-01
5.736733351114117058e-02,4.764318439957758722e-01
-1.593795601153456420e+00,3.655582429582105997e-01
-3.833881980449961868e-01,-1.492721546729057991e+00
1.144511869577477525e-01,-4.659072271882789829e-01
-9.122554691694482187e-01,-6.559124502825192105e-01
-3.316581090125556019e-01,-1.112258882818694783e+00
1.008475599177025117e+00,2.033703917484737389e-01
1.137288943360146437e-02,9.119232233306920343e-02
-8.471187018002173108e-01,-7.353781094747688929e-01
6.913677467395097365e-01,4.129172946981554126e-01
6.811779070642450806e-01,-8.652825586340919806e-01
-3.811064970233575266e-01,8.138862033984063660e-02
9.104502252089112513e-02,-7.196060215568536034e-01
1.792623445302987006e+00,5.592927062847591335e-01
1.737137369643924623e-01,1.177358357724473115e-01
-3.591971715447821456e-01,1.337430830066734355e+00
-1.863009033468436604e+00,-2.784509836216850776e-01
-5.582480574476801349e-01,-6.772974682002668168e-01
8.154564471784860880e-01,-1.314161535288759897e+00
-9.275539200886886992e-02,3.347288664617323883e-01
1.272392875646318089e+00,-1.397844415062028667e-01
-4.928435262357544477e-01,9.187896018712351509e-01
1.058600690977625547e+00,1.086601559404077433e+00
-6.256465093451458737e-01,-2.864339362089521890e-01
5.478242951680001305e-01,8.820215280726292351e-01
1.188477202122141030e+00,4.447677412609620795e-01
3.940845765660533351e-01,2.019167062024378179e-01
4.666742951386922827e-02,1.356755007998023510e+00
-3.228972514452388975e-01,-9.893855999059849582e-01
-1.282395188530739416e+00,9.686435225574364927e-02
-1.327384849947608636e+00,2.941041798361929138e-01
-2.575021997209190044e-03,-1.708846822224973361e-01
3.762415613475545428e-01,-1.083825686472160488e+00
-3.830645078853119750e-02,9.650658910560199200e-01
1.407082220652750293e-01,-1.189320555802178436e+00
1.489395635224842473e-01,3.640260325344902292e-01
6.180242146868555331e-01,2.046781780444920373e-01
3.958005887867888650e-01,-2.661307202034454145e-01
-6.117913591484300945e-02,4.507161670479533089e-01
1.053253210261560907e-01,5.261835284888183306e-02
-1.321415231366383836e+00,8.341119179035159092e-01
9.525018818009114430e-01,9.051524789377833891e-01
-9.547323795449856598e-02,-1.137511796150173282e+00
-3.446869355476889774e-01,1.818002457106318304e-01
-1.055848163288731545e+00,-4.709715300836506136e-02
1.286142763385468291e+00,8.243780201200147373e-02
9.930837468346669084e-02,8.193675667498413473e-01
-3.274243558984131774e-01,-6.462882974763413113e-01
2.261883101975969701e-01,-1.009203320931570946e+00
-7.493891011426080662e-02,1.965860946483529159e-01
1.307469650828741781e+00,-7.952731417471764486e-01
2.735931848828656032e-01,-1.175568466537683238e-01
-9.876509040761000113e-01,-4.479607304238795995e-02
5.035532085864716789e-01,-1.282703275572811830e-01
-8.751902178010494415e-01,-1.132234092343086529e-01
6.427439289452558935e-01,5.354229904287460817e-01
-5.882966517541306575e-03,-1.697639249813416851e-01
3.085268431629661356e-01,-2.595565752634739765e-01
1.018035429938391356e+00,-4.502453085766517371e-01
-9.916396428973931476e-01,-5.167649762384884937e-01
1.205150623716726210e+00,-1.517857227699247746e-01
-4.049396311111626012e-01,1.075371922881723646e-01
4.288919440100037450e-01,-3.801563588045563935e-01
6.048567865181236902e-01,-8.329999029592324300e-01
-1.227670251119432473e-03,1.520658622628492385e+00
5.315900505646806717e-01,-1.773957060527506513e-01
1.203282130964916374e-01,-2.416176488685123913e-01
-2.243376231856204051e+00,3.703288742811456924e-01
-6.981961250915252881e-01,4.816255963711283949e-01
4.037528083182647110e-01,-6.360194154603084071e-02
-5.749452695042706063e-01,4.180317807358389648e-01
2.135092708781900050e+00,3.580570297699224858e-01
-5.995865677539549132e-01,4.749884428226071043e-01
-1.092030197721760354e+00,-1.011407611782906946e+00
-3.668529034210547546e-01,4.939713672691316802e-03
4.793280893733659065e-01,1.207756939376887440e+00
9.339353920148046884e-01,2.228726188174627865e-01
-5.670075647669701180e-01,9.816800768817750544e-01
8.295929470142573425e-01,1.775955226216009986e-01
6.425330546025008124e-03,1.998427455365544281e-01
-7.495824794236486399e-01,7.507963803529685842e-01
-6.548554974467453160e-01,5.295436948832088486e-01
7.835318022196093857e-01,-6.877324502427087927e-01
-6.113503674719100722e-01,-4.894526577782454951e-02
-6.218303360925423462e-01,7.855394906112451725e-01
-4.808204078387466329e-01,-3.060471451907674223e-01
-5.662191046446741760e-01,-6.910427166652670650e-01
8.748238039750267925e-01,1.101537891243635992e+00
-9.877550078978912795e-01,3.312572570336719258e-01
-8.192830794006995543e-01,9.325159285931162723e-01
-1.516492579340960267e+00,-4.731752466083122277e-01
2.937744108662609932e-01,-9.100662358947247954e-01
-3.768085859541561722e-01,7.895010772449880809e-01
1.197820966911856244e+00,-3.560140525564139402e-01
6.295431370995782094e-01,6.840750640450078413e-01
2.385844261613858652e-01,-7.758361698316702804e-02
7.500363907275691133e-01,6.786086227712829766e-01
2.863481189799501614e-01,-1.825612567132439468e+00
2.566812384551737589e-02,2.977631017505160682e-01
-2.373285530692582912e-01,2.723506264299897506e-01
6.225256264523474359e-01,4.013825666556732341e-01
1.589719612006213756e-01,-1.939729317631671002e-01
-4.290804576534756332e-01,6.472050968879901056e-01
1.543349334367330739e-01,1.266627454252740703e+00
6.092002683068749314e-02,-3.588235687985517064e-01
4.346511108024632142e-01,-6.556925230214781519e-02
-6.303450012069164443e-02,2.964647993912347124e-01
7.716106972701590738e-01,-1.402878243939930325e+00
-2.247543342103586750e-01,-2.386073285432710467e-01
4.670232310422585131e-01,-8.741393246884794355e-01
-4.945445374228528423e-02,1.280249070443326920e+00
-7.148068313725748357e-01,1.147257963362138672e-01
5.604672245126101071e-01,1.378926251142005288e+00
6.967836319398167388e-01,-5.803342782356865071e-01
4.752624339547361632e-01,-6.705534578462503115e-01
-1.074512094503464299e+00,8.735032739145591751e-01
9.324204336962663153e-02,4.225280850616501827e-01
-6.638853820087078361e-01,4.461296029059621526e-01
-1.106017968576961330e+00,4.900680399024008316e-01
4.591624063687357871e-01,-6.067034776817525898e-01
-4.493216528943743682e-01,-9.094070274831203005e-01
-1.218469307822389464e-01,4.511544238213777147e-01
1.210095887555553418e+00,1.640907681309258515e-01
1.290717327103875878e+00,1.347727919917982575e+00
-5.810177503395252963e-01,7.569127670290664023e-01
-7.291857729889101858e-01,2.966358750899065200e-01
-8.708990280366674108e-01,-1.603237806156305512e+00
1.797055129652424643e+00,-1.092169925867759878e-01
3.732254243466345267e-01,8.720409461568808807e-01
2.441689637672380953e-01,3.553575392713961834e-01
-6.253686211048048449e-01,-3.718664999568667140e-01
-8.584801081609377826e-01,-4.579959324144007859e-01
4.152675472205099028e-01,1.346546716065731397e+00
7.831312749157276487e-01,-3.072722795887164460e-01
3.094120106003424020e-01,-9.554136275418209090e-01
1.297718227728441365e+00,-9.657693123981418715e-02
-6.723821923868488204e-01,-1.625266630568984461e+00
5.722460872696378820e-01,1.232494522184756081e+00
-3.606808651567356416e-01,-6.747702595457534258e-01
6.417739465244574060e-01,-8.814712574130226796e-01
-2.486727343014653591e-01,-8.264377293188150952e-01
8.451665664423182456e-01,2.809537969469236285e-01
1.213072115712967136e+00,-1.356414747807187071e+00
6.528833087016832071e-01,1.787582850153267566e-01
-1.323328160795473663e+00,4.177636161790978520e-01
4.157974513901216418e-01,1.508314998150270148e+00
5.922974396370570549e-01,5.442379245879269689e-01
-1.537704179283053696e-01,2.280526540218643858e-02
-2.053961847633562210e-01,1.508855450337154291e+00
8.566622214787550371e-02,4.851777053084895264e-01
-2.661903853391623387e-01,-6.826220694224572894e-01
-9.273067470213024466e-01,-5.088596070235079649e-02
-2.117060968823999967e-01,5.698982143761767150e-01
-1.184919817838465450e+00,-5.914985047440686206e-01
1.493292588024582868e-01,1.192338063313982843e+00
3.891974588294093707e-01,-1.257227508531966631e+00
-1.359115872367078898e-02,7.891233604249981992e-01
1.863916058168531009e-01,-3.377970655461337655e-03
1.294660021038917253e-01,-4.118489463557664099e-01
-4.457256206872813320e-01,3.803264853198865536e-01
6.353787368320285012e-01,-1.179516090168866854e-01
-8.522872735492204033e-01,-7.983709599121746603e-01
5.813951266233065018e-01,-5.634045563079992380e-01
4.597788386701798409e-03,-4.949105730355609634e-01
-8.794913956269878597e-02,3.172545744845688409e-01
-6.377368903783440235e-01,2.004250971656020841e+00
-1.536198663241022500e+00,4.072558465466348254e-01
4.921065168422162905e-01,-1.972053160301065478e-01
1.378363231359925001e+00,-2.217075214094023639e-01
-1.236064532387178394e+00,-2.492221074724325081e-01
4.767914849998085569e-01,2.757052250591206510e-01
-1.597048818866631192e+00,-1.199451007279525250e+00
-2.553235037017352882e-01,1.176500111363356416e+00
2.871319981390780818e-01,-4.934111500269891537e-01
-1.065074029515976406e+00,-2.957588822748729029e-01
-1.084896914221449293e-01,2.123320924273377486e+00
1.060174671175275085e+00,8.150054962129015257e-01
-6.445923946628170365e-01,1.240078235513930371e+00
-3.667769027163678142e-01,1.385547870759235856e-01
-8.431909482963126923e-01,-1.326206574294126028e+00
5.692669314536991099e-01,1.465152315865497767e+00
-4.328619432096856290e-01,2.312088461794578609e-01
1.277685903663507316e+00,2.415597027981633282e-01
-7.239219569260303411e-01,-4.960195016204048124e-01
3.054904182457603978e-01,1.210507674870425987e+00
-4.904285948462508982e-01,3.372330225019533056e-01
-9.505923391955233004e-02,-1.702482087898443339e-02
4.547014005879474463e-01,-2.753668460698918685e-01
-2.777272735880332855e-01,7.452896459695570464e-01
3.371178530355112279e-01,-4.621331701711343665e-01
-2.801264185576099464e-01,7.434875604129868032e-01
1.040472379291706106e+00,-1.317131232002788810e+00
1.317022292533356342e+00,9.523567587910870824e-02
1.141711663275366107e+00,4.268471679486334630e-02
3.901215691381844097e-01,3.131847123410919642e-01
1.165104493765477863e-03,7.980700579449414578e-01
1.128640110610416303e-01,7.501476448479278414e-01
-4.271798632966202214e-01,5.678816284364890388e-01
1.074653664949280829e+00,8.230427563487653364e-01
7.741330260143393371e-02,-3.338177226858072832e-01
8.073357102069177449e-01,-4.562417344448525536e-01
3.942155463616407451e-01,1.394639579624228354e-01
3.463281593185276730e-01,-3.271462994659652956e-01
-2.772369477455816078e-01,-1.761787102584757125e+00
7.879610206996542354e-01,9.614805221736580920e-01
6.230984262119826367e-01,-3.908562512314440740e-01
8.006881177353969425e-01,-4.099319036267027282e-03
7.704171406465237792e-02,3.264485450005183975e-01
2.427087788692449122e-01,1.251756397534254051e+00
2.017505202385070640e-01,-1.119353042140048410e-03
2.004354432702793787e+00,6.725057546125252639e-01
7.001958480883296865e-01,3.463022298829024348e-01
5.941510439731544357e-01,2.679692780177033717e-01
1.347171833009020325e+00,8.126111052036397719e-01
7.458161970483386805e-01,-1.401635790321486219e+00
-1.004853132157721651e+00,-1.364589407305362601e+00
-1.005804327571754531e+00,-5.974068141527325571e-01
6.702058245876210130e-01,-3.009010697549980295e-01
9.205045509320052277e-01,8.193513711344533323e-01
-4.476664722213034020e-01,1.060303887891516528e+00
9.445698139847052976e-02,6.693232248653271377e-01
2.786648122448481812e-01,5.911922189951765993e-01
6.976308928924400687e-01,5.648222144919465837e-01
-6.262339448982980894e-01,-3.842477778702623192e-01
-1.513349253881534351e-01,-2.522276201327866563e-01
-2.719656434921421950e-01,3.261432546267913346e-01
-1.690263604845265943e+00,1.285948849912064151e-01
-1.801642868066220468e-02,-9.683592229830207954e-01
2.007109899507378614e+00,4.618098282971437318e-01
-3.599367531172725787e-01,-6.138418010358751564e-01
-1.535980041571090471e+00,6.018014111075460360e-01
6.559845539061193165e-01,-5.702521366629820232e-01
3.785715719485133746e-01,9.337359445016715775e-02
7.924283559242922825e-01,-3.027088854934939163e-02
1.068175545697172657e+00,-1.809431506785990351e-01
-4.839781768537509965e-01,-1.188172989887708253e+00
3.240343681667808284e-01,1.061818370788357280e+00
-8.027586255244906210e-01,6.971375994225144090e-01
-4.116279726912018266e-01,1.460398627231751068e+00
-8.291878022878285126e-01,-4.089492268772414452e-01
-8.162809315004937449e-01,1.133898332612049087e+00
3.532904838208687504e-01,-3.908994714126325376e-01
-2.073227517431859013e-01,5.058577793743282980e-01
3.853016091006097321e-01,-1.527812519495619359e-01
-4.135790064760864193e-01,-7.107800918391647960e-01
2.170269067200563118e-01,-4.788148724793274691e-01
7.028802340115486436e-01,-1.426150258610950461e+00
2.546939308722871997e-01,5.372611150876729358e-01
1.284245608141666217e+00,1.114005612727583111e-01
7.662073896053166189e-02,1.494974168636608591e-01
-2.881183066233453105e-01,-9.164148353437494288e-02
5.451658815993311036e-01,1.516006247035138532e+00
-1.452397419346163621e-01,7.996074517579230267e-01
1.230561659683869352e-01,-1.760230775050751484e-01
-4.316085718489764966e-01,7.441243389290229382e-02
-6.064076336863603034e-01,3.788213507001141900e-01
-4.848754665239728423e-01,4.558088841883896070e-01
-1.582798693740958385e+00,1.759878156449037889e-01
-2.102283582173000986e-01,-1.482248627261178175e-01
-6.381129150663757965e-01,-6.012945551186693605e-01
-1.398926510774570475e-01,-4.536005693364693059e-01
-4.196682468593625481e-01,5.883065310625915645e-01
-5.677207297885032977e-01,-4.271454053892231872e-01
-6.028583708777847383e-02,1.340478995751768876e+00
1.569063822096669891e-01,2.782699728084624957e-01
8.240152997163986415e-01,4.913174842515541374e-01
1.487469359510298572e+00,-1.475117347145589453e-01
8.416711350635994182e-02,6.161463287988863113e-01
-4.064352470733542666e-01,-5.743678787737719338e-01
-3.892001047374902267e-01,-2.153060925862227415e-01
-4.163308775434262365e-01,-4.810758817596679227e-01
3.709656612736413339e-01,-2.587230515543863518e-01
-6.793756577947467068e-02,1.827580213509078233e-01
-6.953508467282518701e-01,6.220184597206049881e-01
-1.551889470221539558e+00,3.547271087511250642e-01
7.278185942982080547e-01,1.187479378633648608e+00
-1.174058488236135345e+00,-1.142437112023596546e+00
2.946678845553937220e-01,1.115508122097358168e+00
7.211993426691654108e-02,8.106594685756958185e-01
-8.620719439899618974e-01,3.227874261309530146e-01
6.698935955656744046e-01,1.661540995475323246e-01
1.734559641383571105e+00,-9.368891997520745196e-01
-1.957273580002523161e-01,4.795088445167881019e-01
-1.112580656701644133e-01,8.860255737556209654e-01
2.448908058485830264e-01,1.544195342859681297e+00
4.951889283149003007e-01,-4.183622196918383440e-01
7.393345049322591622e-01,-2.001937923531457164e-01
1.571339286501273191e-01,4.746767045507452876e-01
8.776522693545388831e-01,-1.896785920392330738e+00
-1.951917858201998313e-01,-9.142512512466762810e-04
9.450586502171692826e-01,-5.593669350533430062e-01
2.108905286640887500e-01,-2.545526106240854070e-01
-1.265470931147383293e-01,3.386504903862155857e-01
1.931869284728864600e-01,3.446146017390889216e-01
-2.757925196438905102e-01,-3.959516606887087398e-01
3.195854228154434429e-01,1.920436617148244096e+00
-8.402742632477309126e-01,-4.602576757188888562e-03
2.189215258138670350e-01,-2.478642172014740852e-01
1.060701073548037110e-01,6.075726831356885738e-01
1.776950807277456190e-01,2.330534394343778681e-01
-1.391604023080256491e-01,-4.977098515771369858e-01
-2.099553904924504000e+00,-5.096884337331180070e-01
-2.893491825287441629e-02,-1.354648965604873245e+00
9.099511083682257917e-01,-4.668488572129186331e-01
-1.505591036156523232e+00,1.046638981745512620e+00
2.481488498233762052e-01,-2.862325018308742863e-01
-2.753666907190671642e-01,1.739271218701058386e-01
4.938228055838752573e-01,5.882354796482126558e-01
4.702917126634786893e-01,-1.150472135210570901e+00
1.105233137986550318e+00,1.673299629983693582e-01
4.686183213475582643e-01,4.233854272626194626e-01
-2.550366096969228780e-01,-9.626234113017021476e-01
-1.646379689759598641e-01,2.895434790611654541e-01
5.905630813920733635e-01,-8.981213076213420687e-02
-1.176194033713520160e-01,5.148776274308726197e-01
-1.346574605703235505e+00,-3.030722328226090681e-02
1.548641548898336495e+00,-2.114983156578202073e-01
-3.271983738394584895e-01,-4.859824862127807843e-01
2.809218894344348572e-01,-6.693395135584599975e-01
5.604770582319390515e-01,-1.378116934350518186e+00
-1.224636629154141731e+00,-9.773467212749902266e-01
-4.438379680066150690e-01,2.309770953847679609e-01
-9.142042006013878508e-01,1.493670404217298797e-01
-8.787806591458218186e-01,-3.829706807121666112e-01
-6.294979148826209681e-01,9.774748873485660239e-01
1.711687998881353256e-01,9.912278168399720757e-01
-1.056703116492482275e+00,-1.358499480571875084e+00
-7.525409105089215789e-01,5.940999384843213826e-02
6.700997680671825218e-01,1.402067853057072044e+00
-1.159936176173599121e+00,8.438681602827835526e-01
7.744765767209222940e-01,-2.620375281898499331e-01
-2.612982044127400427e-01,-2.766093157924427892e+00
-1.772577419244332431e+00,-4.451093106868774241e-01
4.764188588745665864e-02,-4.588562132701339280e-01
4.295069310905382243e-01,-2.912432999586866966e-01
-4.531975146276800426e-01,-3.850620923263132767e-01
-1.488791376536355404e+00,4.891316489666692746e-01
7.991940567973964127e-01,1.165209844410556861e-01
-8.963380911749916358e-01,-1.367655809155848834e-01
7.681883989014579583e-01,-7.879086467083291634e-01
6.652297634931699788e-01,4.897166817017924445e-01
-9.498478743235453381e-01,7.881087210885718841e-01
-5.785741430487995052e-01,-2.655147547437564648e-01
-1.900749908028115109e-01,1.235183256845005184e+00
5.633800549466005947e-01,1.125632102183975913e+00
-1.116560743969962299e+00,-3.720324351224763570e-01
-3.043470017779617010e-01,-1.182152631224428818e+00
6.423497592521180966e-02,8.775360454890873685e-01
7.484500220572941620e-01,6.840319514431508763e-02
-2.261938527695530055e-01,1.815399688544976631e-01
4.127553529321478232e-01,1.853890765082256142e-01
-5.754025650141380011e-01,-1.185959356098331141e-01
1.005393745416494955e+00,-2.165504579360229553e-01
-1.638098531703099825e+00,-3.299828907666221278e-01
-4.541591065307024611e-01,-1.708782828834309320e-01
8.242870473375110696e-02,1.010559450497264145e+00
6.456429554563681839e-01,-9.789946988478347434e-01
-8.573415534517965231e-01,-9.809992317924958183e-01
-4.358442370638527241e-01,7.394719721097323673e-01
-1.468554735545686551e-01,2.108807002084305549e-01
-7.929310067723085442e-01,-1.506932871597374657e+00
1.054437112221941752e-01,-4.152117062219502497e-01
3.314444272808024783e-01,1.201359977478185348e+00
1.262449478634544819e+00,-4.598292049675530013e-02
1.466999341690292114e-02,2.107474557871173104e+00
-1.644527481946129743e-01,8.925889609370700473e-02
1.081665775247573485e-01,-3.220076647685113369e-01
-1.324673295296585340e-01,6.034932105807207237e-02
-1.168345207426762372e-02,-3.469728693935910657e-01
2.301833073774012528e-01,-6.069441260720115361e-01
3.923796506544126594e-01,-1.047621894768314244e+00
-4.147747031527398986e-01,-1.956367584467177678e-01
6.298139788343039003e-01,1.126947625356206295e+00
1.326892370218111239e+00,3.829896805382171365e-01
8.134825549157551627e-01,2.243957269830814116e+00
3.179651244611880201e-01,-2.419609501249563310e-01
-1.328233017489706569e+00,-5.652753478586388658e-01
-6.771853752584285902e-01,-1.394445476935437522e-01
2.839923791998153479e-01,4.514388163954844435e-01
-3.795794857631187291e-01,2.410586570874402312e-01
2.171873795098669957e-01,-3.176154828248887486e-03
1.662538526643209336e+00,-4.149423760190749239e-02
1.095368579937902265e+00,2.658028795006998068e-01
1.489908644042970687e-01,1.339686015240093786e+00
-7.538048370886481220e-02,-2.924860993391228958e-01
5.053716979585299862e-01,-4.453767680224695047e-01
3.584436613880653266e-01,-2.401992032823960788e-01
-1.243086510015635610e-01,7.306218884764447141e-01
-8.717244563701675997e-01,2.719992660883593927e-01
-4.043142855331765539e-01,-4.724066879415844689e-02
1.367901250346376996e+00,5.869530370538937891e-01
-1.163107498953562802e+00,-1.148970875989801410e+00
-1.010162127385029640e+00,1.194052516380181839e+00
-4.342257718775396902e-02,-9.433936902918366174e-01
-4.351012472327855929e-01,-1.577063283265208948e+00
-1.390127712983882935e-01,1.704423499882470328e-01
-6.024791564347854456e-01,5.396895261870616745e-01
-7.678298032881003543e-01,5.543448113789847635e-03
-6.121049578988868589e-01,-7.812999867200903781e-01
-6.244090808203569543e-01,-2.505097708683859392e-01
2.448705307865664538e-01,5.565877743309624037e-01
1.230453037337083444e+00,7.232419555784903586e-01
3.916611967630636015e-01,2.812263854499698734e+00
6.768989881457287972e-01,5.535366506718751856e-01
-1.391105916637896123e-01,1.093941251134572079e+00
-9.334170589033683463e-01,-9.791825926506263211e-02
7.992148225456544575e-01,1.555169310233783797e-01
3.285848449772924701e-02,3.873331711413313672e-01
1.017190334582660949e+00,-3.635420913944349963e-01
-5.945561481627463785e-01,5.759248578537164986e-01
4.720939500217555818e-01,-9.680880876046420447e-01
-1.403310790515021944e+00,1.963065824189804132e-01
-1.109408721270561671e-01,3.822388228070317528e-01
1.013714084084944567e+00,-3.421362627679195301e-01
-5.219849357788661770e-01,4.957648234789951980e-01
-1.529355850772937120e-01,9.031717520872533100e-01
-7.282521432612760748e-01,-9.363751298640193843e-01
-2.118297078974569481e-01,3.659004032552564678e-01
-1.381608143129957333e-01,-1.506701309602345197e-02
-1.076273881142643996e+00,-1.195183510809111338e+00
-7.684933471904736857e-01,1.394305453262369987e-01
-3.552222633024735288e-01,3.761687354957883866e-01
1.383524670064660012e-01,-6.933830806836096539e-01
-7.204454151075349033e-01,1.738449652263077239e+00
3.645909926099499265e-01,-2.330787013794166640e-01
-8.706242687442073969e-01,3.841286880764901990e-01
7.689888563705746805e-01,6.417908816366949543e-01
2.846570450488980497e-01,-1.480444849603298918e+00
1.479785656895924728e-01,-5.148778653695417207e-01
-9.064355314916657802e-01,-3.897573353489536818e-01
1.073599569929806874e+00,5.412519627074643264e-02
-1.027942184152279337e+00,-6.786702293230958416e-01
6.865986006756933380e-01,-1.263179107902092646e+00
3.135715173783091281e-01,1.600330153325631721e-01
4.399339116351836387e-01,-2.598880231455430456e-02
8.414133536097280208e-01,-1.076710929726759913e-01
-5.276826195599619851e-01,-9.105730368794863472e-02
-2.035850961442508406e-02,-1.196811486219109266e+00
3.043196845083069590e-02,3.423392511084086959e-02
-3.968110104262721483e-01,7.490919990558307928e-01
7.408895044490972914e-01,-1.195709207473721003e+00
4.401344436993234188e-01,8.249727893872255136e-01
1.290085196705516690e+00,1.667472578303528796e-01
-3.033893709387415205e-01,-2.112908725056498183e-01
-4.131813445947071228e-01,9.941832851248742775e-02
9.038585560053800094e-01,1.241185601174353836e+00
-3.118481287844858119e-01,8.284792588738477681e-01
8.248054183241737558e-02,-4.738905719262610089e-02
-3.204899696691476674e-02,1.343404099992997480e+00
-8.746476950226733660e-02,-2.356136408705988283e-01
1.420218738777428436e-01,-1.732553070934359507e-01
-2.631633126762507671e-02,-1.116233215396561507e+00
-8.239030940603724318e-01,-3.619092579532348086e-01
1.111021777325931659e+00,2.135456689880270084e-03
8.801344412988527655e-01,1.221772804334771756e+00
-4.353705952105403898e-01,-1.382689814136256024e+00
1.051464619199123929e+00,-5.153246143240022281e-01
4.529176017299037516e-01,-3.311002261813441594e-01
2.819629144365612405e-01,1.591179794123169566e+00
5.249953722568095893e-01,-1.082197237473024654e+00
-1.299469075950460573e+00,1.049601821123333778e+00
-6.281541461426398687e-01,1.282236034653014556e-01
-1.010925323603237391e+00,-1.458172166539306036e-01
1.100470391082915667e+00,2.065130652813068846e+00
1.199605103601545375e+00,-6.342530094251694894e-01
5.947900725538655259e-02,2.259239258306076359e-01
7.499800037043763412e-01,6.296647163999622432e-01
-6.516240921771992989e-02,1.507841704170139741e-01
3.273675893826789585e-01,8.651605954234165008e-02
-1.693655545851583677e-01,1.118963418851630864e+00
1.752892118986178749e-01,-5.463142022185468044e-02
1.987019311011960776e-01,3.021611856347888314e-01
3.358079008303948565e-01,1.086621693572089153e+00
1.363855371963053287e+00,-1.647331155254374291e-01
-3.626683556053029167e-01,2.254835071207867692e-01
7.602940571192534636e-01,-9.171307963696672116e-01
-9.676856980487977822e-01,-2.406387838205787388e-01
8.118758975821570578e-01,-1.029927306943428378e-01
3.657732090736310893e-01,3.688790464678720071e-01
-9.231004509394831192e-01,3.705427445070629267e-01
7.820327191105877485e-02,-1.890114108153822525e-01
-2.841635402838760815e-01,7.713412076342451851e-01
4.740002123373599635e-02,1.079716366277035267e+00
-9.306145388211500835e-02,6.346077687297404513e-01
1.004524164375243611e+00,-1.050821097842438823e+00
-1.506888934741036357e-01,1.338990184590375110e-01
5.324167110885621446e-01,-5.595339231607938668e-01
-1.781800334491726312e-01,5.864025631068920941e-01
-1.556304192730045000e-01,1.824308031749968251e+00
-1.847390600717658260e-01,4.143974896097709637e-01
5.311753809410805216e-01,5.197229295177668851e-01
-4.913284403551650414e-01,3.216162185755185865e-01
-1.183515034409078764e-01,2.281218932924567178e-01
1.204269387928640134e+00,-5.471850471289030349e-01
-6.621075864480923112e-01,3.073563068726538616e-01
-3.837355382050787467e-02,-2.455572695016425278e-01
1.360607660605016311e-01,3.133898584614950300e-01
3.601139351783163578e-01,3.956315772890708904e-02
7.691488333631461005e-01,-4.869209041404540805e-01
-1.605166666063052583e+00,7.713788031342200258e-01
1.918848196203657430e-01,9.518837036472456159e-01
4.812548379237197582e-01,9.061182852376143959e-01
8.531760034209587285e-02,5.384527894213640975e-01
-1.281750170766640662e-01,4.533779804857968054e-01
2.192326344173863184e+00,2.523309779001208231e-01
1.297172153978774167e+00,-1.493796823165699506e+00
2.220695430547161564e+00,-3.728398297058661826e-02
-3.954858532631783108e-01,-7.533401199709636176e-01
1.231048225734035217e-01,1.298652670374922935e-01
1.073873346109013083e+00,4.880372765123195955e-01
3.067497752474283579e-01,1.673828912321392859e-01
-1.562118532954523742e+00,8.354096284879116707e-01
4.683898867499604046e-01,3.347240406450988637e-01
-2.902466058731499876e-01,-1.364983574449168069e+00
-4.198120402664787809e-01,3.262316179947102185e-02
7.633732891328015580e-01,-4.421478101210792322e-01
-5.711235441601764107e-01,-9.603875492425207813e-03
2.608089712854025910e-01,-1.749920119622107917e+00
2.549879618469294229e+00,5.431982277559641581e-01
-9.196762268859433043e-01,8.110898254943783858e-02
1.131014086060986967e+00,1.982493235607131421e+00
3.753337205516518726e-01,5.460425375474153853e-02
5.155389539183630188e-01,5.422806869425627063e-01
-6.892781666449245837e-01,-1.110029761666784520e-01
-9.745957596930095168e-02,8.539477627537103710e-02
3.197251682244259263e-01,2.577697724636340837e-01
-9.709378075450414425e-01,3.455322331166673644e-01
-5.834446213111115637e-02,1.038018036043443226e+00
-2.347494014858570177e-01,-1.568213302539457343e+00
6.664407846564103510e-02,1.981290546189348634e+00
3.150169276923294737e-01,-1.076973377664242282e+00
2.176006260708619189e-01,-1.609763903866585077e-01
5.439644194325359283e-01,4.756298917248490410e-01
3.212197663913564649e-01,-4.815199930745344137e-01
-1.387789087820665880e-02,3.965426485657861932e-01
1.050262186874497683e-01,-1.341094195002983935e-01
1.287552838990032311e-01,3.664155296993682476e-01
2.914753883216516725e-02,1.772889476395143937e+00
1.533106649363194796e-01,4.458266640706372991e-02
-3.120906924928191772e-01,-3.720496053078327647e-01
-9.631708465531888530e-01,-6.143046225627123436e-01
-6.494256298429341712e-01,4.865514936462663614e-02
-1.387510509161617112e+00,9.119429107239054866e-02
7.136897561915238608e-01,-9.981990733716202824e-01
4.154372597598357530e-01,-9.787074640058357478e-01
1.933921090982456195e-02,-1.155415129721846235e+00
-9.137202285464329776e-01,1.342221319716358607e+00
9.651139286106588111e-01,9.697656115817167022e-01
-7.442400570281201833e-02,6.585449076144747060e-01
2.222929716192923733e-01,-7.395923492263145604e-01
8.532435940849460998e-01,-1.207058685456825264e+00
9.736611909105807872e-01,3.411033138165695672e-02
-9.993994669421413235e-01,-7.305364523427797518e-01
-5.269548829548346136e-01,-5.294862741585293353e-01
-3.592467686734573395e-01,-3.652261567106656615e-01
2.893376633877390858e-01,-6.384085917739926730e-01
6.397205997705218694e-01,-2.682210580432809466e-01
3.108523756092351764e-01,5.742544819908298459e-01
2.834643540613649426e-01,-7.412672327851853593e-01
-1.424897524905510471e+00,-6.009092970635291353e-01
-4.310754215645009602e-01,3.345313347400304393e-01
6.275831913533551701e-03,1.125711855156069641e+00
5.780668107268933653e-01,1.732677677334844901e+00
1.147627328962978588e+00,4.830208923494329065e-01
-9.922816810582217872e-01,-5.198173743633270893e-01
1.327369377244135507e+00,-6.918698501031335102e-01
-4.060585281556391424e-01,-7.230131335472355092e-01
7.783256754707189654e-03,3.212004968039876562e-01
-7.846909576441198908e-01,1.994794880756423749e+00
1.489491107932245262e+00,4.529412715131393430e-01
-7.880210151552075049e-01,2.044896357630208161e+00
-3.415166577879651388e-01,5.462405160431300644e-01
1.978815398357046118e-01,-6.264950960333486307e-01
8.395317042950151132e-01,-7.996860620944961084e-01
1.484387065747067025e-01,-9.305318293543202168e-01
3.966869329755385309e-01,3.811042986551604339e-01
-4.026516526826052211e-01,5.660918247874497516e-02
1.218237265940229186e+00,-1.365473658350105091e-01
-5.872050243313030604e-01,1.581137580806107890e+00
-1.377344009221083576e+00,-3.104643459234462943e-01
5.974249309805669261e-01,5.449496523654694391e-01
1.107685009201686333e+00,-3.009308722252196366e-01
-2.089445163406259114e-03,-1.074126144549424622e-01
1.025700178550787323e+00,1.826633246392219412e-01
-7.605983994021316974e-01,-7.943832895501179436e-01
2.915544271823233835e-01,9.574712091051884588e-01
-8.239666823301839971e-01,-9.620717510634156922e-01
-1.861396420142772401e+00,5.850799205412487991e-01
6.081982035918507279e-01,1.224878848116246033e+00
2.868598118776254924e-01,-3.761438833859159780e-02
3.380413513054767449e-01,8.876355092348278131e-01
1.482903040115944870e-01,9.032972863033589261e-01
-1.590714176075028297e+00,-3.295271714458560819e-01
-1.074379806086074751e+00,-5.186651521994425362e-01
2.690581657874526189e-01,-5.555599976821404828e-01
7.073299334919300185e-02,-1.524488313483648161e-01
-9.102661313059542403e-01,3.000681518292175332e-01
1.729032920306026622e+00,-3.108441781444202801e-01
-4.102977022509333993e-02,-4.578534966488596036e-01
-2.606646242466674757e-01,4.515539357817042188e-01
1.311212784621188954e+00,-3.090573357753363393e-01
-1.000122893376906630e+00,-2.315978465686985288e-01
-1.350613979552856558e-01,1.463595482893736760e-03
-5.917252942867327892e-02,-1.080812878312954917e+00
3.014518470549386597e-01,-1.028020292401884639e+00
3.399450367747650636e-01,-2.383766532692304652e-01
6.582022916704589610e-01,-3.587077014129191888e-01
6.537168221282125824e-01,-7.063095183836959334e-01
-2.214276117444130831e-01,9.472643570737317997e-01
-1.420737598452451178e-01,-2.603264910929884435e-01
1.237061884481290841e+00,-7.204209709327970002e-01
9.382285419992626441e-01,-5.256807918814875372e-03
-6.865211810611496768e-01,-2.289397876936855869e-01
1.201442910383951901e+00,-7.666818746838408583e-01
4.628428089773468646e-01,-4.823416039394495813e-01
7.551858379109204211e-01,3.003186996199144754e-01
-1.456786543014069402e+00,9.436373172549382682e-01
5.065777703276861527e-02,-2.324718185456107200e-01
-1.741781529531594708e-01,-1.194634627524190362e+00
-6.642733046242239592e-01,-2.617022287157807492e-01
8.439537993149470643e-04,-1.730020255695627063e-01
-3.014758663994868693e-01,-1.786641125706938116e-01
-6.613887263917641590e-01,-1.738188851972927718e-01
-6.606898420653596338e-01,2.500879998021905415e-01
-7.542104609535837945e-02,3.602035175003722167e-01
4.330368762638560076e-01,1.013341093023552908e+00
-1.428766374649235837e+00,-2.752813304429337360e-01
-9.912850320770526524e-01,-4.710102571607180377e-01
-9.730900571739132809e-01,1.674378209276200236e-01
-1.262864481345082224e+00,6.673019871648750989e-01
-1.136335901451927463e-02,3.856833356898404230e-01
6.827572466183768896e-01,6.842396560944270512e-01
-5.684848138537882400e-01,-1.629838156525579840e-01
9.043713784008403644e-01,-1.097904562541316187e+00
8.607422464247157512e-01,-1.309068877061278835e+00
-8.698888798005095513e-01,-1.138234170528213740e+00
2.705621042291983525e-01,-4.033752153479797653e-01
1.834955339165791682e-03,-1.209852057959773353e+00
1.569036186879368688e-01,-3.843385353897570411e-01
3.475489396759048333e-01,-4.855743537941156207e-01
-1.351839091262865000e-01,2.023650547059718807e-01
-1.799979040870322219e-02,-9.177242677969577045e-02
-4.023028251802652222e-01,6.726668518942185981e-01
7.241501258080557113e-01,1.200765897378332780e-01
5.449728765722073875e-01,5.517620836916992122e-01
8.157580433917337448e-01,5.973035894304088433e-01
-9.967519268189030390e-02,7.328563180672310884e-02
3.660815130859293443e-01,-8.274060619995107224e-01
-6.823103455166779074e-01,-1.440055508014107977e+00
-2.986816167038672254e-01,-7.935079206659479967e-01
-1.194187207427184760e-01,-3.309695326545650240e-01
-7.643064473841759687e-01,5.482002353593190547e-01
3.982384149196798173e-01,-4.677762373262439599e-01
-8.185150965176932747e-01,7.786287554786806009e-01
-4.648379201645405634e-01,1.775441333474466754e-01
8.949970616225673414e-02,8.247997912631728212e-01
-7.523474492276868153e-01,1.296375549591886278e+00
9.500756448909966068e-01,1.362551007583391594e-01
-2.800140258294831486e-01,3.154125418028547734e-01
-2.065731845314887002e-02,1.191481290611241250e-01
-2.477150944470132288e-01,-1.217293022568788907e-01
1.835573277084131816e-01,2.339638859646994140e-01
9.474082004364704490e-01,-1.014857176070076417e-01
7.609221881820793509e-01,8.768912299130410259e-01
-5.601028757933771418e-01,-3.982509080824407910e-01
-5.687064837700047670e-01,-3.633324972081283799e-01
-7.779795171922393449e-01,7.551988179304218729e-01
3.400625656572554556e-01,9.223108049588701896e-03
-3.328166915942809556e-02,9.008066760952222474e-01
4.440853890756571443e-01,9.479867917130044841e-01
9.369708284890368999e-01,-7.572336961473929984e-01
-1.510414728214305891e+00,2.649178827031899996e-01
-1.952805016684918016e+00,-6.203722674618991073e-01
-5.329843688010188485e-01,6.601904996936857062e-01
-4.078342275330824607e-01,-9.596115086519860227e-02
-1.763040952038908760e+00,-4.459698870904448831e-01
5.778138195736975957e-02,-1.040951196154188851e+00
7.747052918957058054e-01,1.464111613273474388e+00
-6.293582207977911347e-01,-2.797066212197186347e-02
-3.250748689734415109e-01,1.596432165016008042e+00
4.961010750292554339e-01,-1.962121584493929927e-01
-1.281802009082424199e-01,-1.168199271928839877e+00
-4.230963375933191051e-01,1.755017438941686991e-01
1.697529333081215508e-01,1.848803647328370325e-01
5.525531841918129849e-02,5.582531976830724663e-01
4.712849329994031056e-01,-3.288529188478295784e-01
1.313980422251730173e+00,5.246222401921930151e-02
3.957340410590980961e-01,1.146090671779429249e+00
4.773655662166652602e-01,-5.697719416537352366e-01
-9.775185029303355977e-01,-8.067318854392018235e-01
1.102113445207768688e-01,-5.926705874493063408e-01
1.524447987461230170e-01,-2.508862873092433388e-01
-1.417580577315262547e+00,-1.235808386697837408e-01
-3.615873119589037565e-01,1.471435097443981821e+00
2.671469785818952336e-01,-2.514665037910279177e-01
-3.788770328350991035e-01,-6.849577098655627028e-01
-3.965417966981057279e-02,1.137498019575277297e+00
2.213642373765127014e-01,1.453026965302152695e-01
-1.484299036358273094e-01,2.276113422796424979e-01
-2.524335907669693624e-01,-1.047232903388005010e+00
-7.257643745561764836e-02,4.676825646255320379e-01
2.747916516564991585e-01,2.996827103911506307e-01
7.145171365379134887e-01,-7.224178609863122213e-01
2.106865827578515926e+00,3.949022052315931952e-01
7.755246848992752851e-01,9.538270388085167140e-01
8.716434931382850693e-02,1.900699434088026774e-01
4.132189096239891613e-01,5.052966643247619460e-01
-1.273524190403290124e-01,3.146953147756647445e-02
2.724310115573290725e-01,-2.358669629815618105e-02
8.341442502658684699e-01,-1.476004036916031215e+00
-1.576345530845947585e-01,-1.354130338841963210e+00
1.819842579740707164e-02,8.725819035290971470e-01
1.914288863419011943e-01,-6.552566478304533426e-01
-1.325964312693264646e-01,-3.437679831228980243e-01
6.827012427671880213e-01,-2.706253646785390377e-01
-4.912887786253304356e-01,2.457738768259049578e-01
8.729167901587098211e-02,-1.085151334410629609e+00
1.037986381608040798e+00,-3.151740625430821674e-01
-4.011883834170852925e-01,1.525134643671857415e-01
-1.624336432032618349e+00,3.414106344559742628e-02
-1.163595106868811291e+00,8.626847122978814619e-01
5.982772337666765194e-01,2.840245419829325324e-01
-5.251710852808798569e-01,8.628973226082115033e-01
6.306194941139373622e-01,-5.010120137056124356e-01
-2.018712614857070837e-03,9.513462564892177786e-01
-1.323660981563237860e+00,-6.517175955259377762e-01
2.184118700739416663e-01,4.563145105910662580e-02
7.929677579723590775e-01,-1.114178030965209176e+00
1.118257378726868478e-01,-2.087538648813135556e+00
8.388686122098885090e-01,-1.323822466255960117e+00
2.327934605938296597e-01,8.063245715692728410e-01
-2.565469340478014892e-01,-1.243283286039283286e+00
1.304391861472570024e+00,1.415856871371291570e+00
3.225266459836282351e+00,1.306163836705598047e-01
-5.541017417330877937e-01,-6.272440226567006505e-01
6.096285452697391971e-01,-5.046622609732150933e-01
7.908901957444663955e-01,-1.750635684467463093e+00
4.605869648717155762e-01,4.092857330884407951e-01
6.574111022849461472e-01,7.783804887562639774e-01
-3.603967363433305815e-01,3.715078833775322109e-01
-6.303413057689084553e-01,8.404850666322153385e-01
-4.857095040924383489e-01,8.629556846927062264e-01
-2.452918667578167511e-01,2.462419498264991069e-01
-3.813473610684457449e-01,8.729258259622911797e-01
-1.057971119512707975e-02,2.315486724488038661e-01
-5.666517005779062588e-01,-9.699139626056395569e-01
-9.308408306823466871e-01,8.579124778104364468e-01
4.312886034087716203e-01,4.763011276968803220e-01
9.547894476930783858e-01,8.155205238496835429e-01
1.128841026058376995e-01,1.274802207944163879e+00
-1.713846341007322360e-01,-1.075384872059542973e-01
6.583390895951943822e-01,-6.288517858111382086e-01
3.921728713087970775e-01,-1.026063429823413919e+00
-1.749544609589586963e-01,2.586032019327987319e-01
-3.467133817466893642e-01,2.476843065628138718e-01
-8.123356850737318835e-01,5.885044465040470962e-01
-6.004332402113418121e-01,-2.565564902625470101e-01
8.371635611970037472e-01,-3.176379428869358090e-01
3.424895234650636722e-01,-8.817996196502482231e-01
-2.192797607382825642e-01,5.362602660677338040e-01
-1.111405397046231869e+00,6.994590721216040752e-01
-1.123801762668579007e+00,-9.816990686987034920e-01
-5.960330157208078017e-01,9.799491340541024997e-02
-1.980035922345818822e+00,-1.075021550729623465e+00
-8.622039641869683191e-01,2.545622839372309598e-01
-1.213973853176985029e+00,2.763060382684655036e-01
2.020812336435875434e-01,3.393281374119241356e-01
4.111172901941240743e-01,4.831007285504620441e-01
-1.109945087815536746e-01,1.374503188341951454e-01
-1.656196244449820720e-01,-1.300915587828892273e+00
-1.077025653310255349e+00,-1.730037152358198549e+00
-2.537362076027595559e-01,1.853008145642887072e-01
2.854734423005234056e-01,-7.477199465341902163e-02
1.077816786779928426e+00,4.089359217936871516e-01
-1.002954192700177938e+00,1.404692187240708101e+00
-1.122538652177143409e-01,6.734267142203842482e-02
1.325102398262350656e+00,8.951650212611691471e-01
-6.988913400791183506e-01,-5.425921323476873281e-01
8.300349916571232445e-01,-1.045906201057749119e+00
4.823453619301761863e-01,5.629303798541467341e-01
9.874475626154037844e-01,1.795796423349890203e-01
-5.310264109178826075e-01,9.284970104859494033e-02
4.911049487660095192e-01,-3.594286283370691781e-01
5.168845064516907062e-01,5.121206068640037357e-01
-5.730132360548089165e-01,-1.580534793580495645e+00
8.657440748069109571e-01,-7.857473447535388011e-01
-3.954445528620512129e-01,-1.345266067243299779e-01
1.177855997237944319e+00,1.436665108481533781e-01
2.535881562687579138e-01,-6.341020274932273049e-01
-1.759895213905258160e+00,-7.117748446772537152e-01
4.159228118734145108e-01,-1.259730225901331435e+00
-4.474999446917292123e-01,4.967590137226117197e-01
1.602520503324222023e+00,1.247731781717968502e+00
-8.988112481306758106e-01,-5.354397257587909520e-01
3.598692024282105217e-01,-5.687409867768714600e-01
7.746601258727220385e-01,1.278363256049962260e+00
-6.777822166786393598e-01,4.528167082913857611e-01
-6.766374249957841647e-01,2.779619292533722086e-01
4.353108370921923709e-01,3.307372733660986497e-01
5.980995456335878868e-02,-7.971367706293073230e-01
1.198208617191584890e+00,8.170650622980643041e-01
-1.281497275698540439e-01,-1.178382670449088954e+00
-1.092855232821128286e+00,1.223273827448325246e+00
1.324846002218555086e+00,-8.855587755288435448e-01
1.178161060431229368e+00,3.018558995040980242e-01
-8.071098851975621047e-01,-1.278136904117026074e+00
-1.294057121191950932e+00,-6.973891098439057856e-01
-1.157551440230726980e+00,1.237725030713117347e+00
-7.658578179633924732e-01,-2.695633596120489694e-01
-4.381347522714018061e-01,1.904930651048096557e+00
1.804326003330752326e-01,9.023877748629395290e-01
-1.938668926301914119e+00,3.426720118415747113e-02
-1.236428344638647481e+00,3.455272916239846004e-01
-1.025076716808885902e+00,-1.540427744775128283e-01
-1.141131497192213740e+00,6.947068816157131455e-01
-1.010292859622220485e+00,-4.408104031582166793e-01
-2.046630669646780643e-01,-2.152841156289143354e-01
2.953194751397612006e-01,-1.541312708023073519e+00
1.292613671677292242e+00,-9.300963899177294714e-01
-6.689051027899767243e-02,-3.309723017009519874e-01
-1.304946221819976104e+00,1.127425022090306816e+00
-1.846380119176446399e+00,-3.842648528335950164e-01
6.511903412593449403e-01,-5.878913377096808279e-01
8.282265162563903216e-01,-8.796195074618222698e-01
-2.251766436379245562e-01,-5.405079152619866045e-01
-5.583160145896521875e-01,1.269882528870203142e-01
9.127815689157993753e-03,-2.998088718523962415e-01
1.435700649924572136e+00,-1.255577267183068502e+00
-5.058859082753960207e-02,1.307528301298702900e+00
9.687083163865284341e-01,-4.270553282292650632e-01
-3.309704087903597158e-01,5.015547362180091673e-01
-7.295377512336623238e-02,-9.031456421052658223e-01
1.148011602842649248e+00,-6.192873874244644306e-01
5.714883869552462442e-02,-2.490709217852050961e-01
-7.608688668459442361e-01,-1.664120489372373779e+00
-1.093191662009577181e+00,-2.597981716422332887e-01
-5.480518929915102477e-01,3.111677329620812227e-01
5.312409722462728690e-01,-3.721869320050626428e-01
4.251220426121185558e-01,9.923509534688755573e-03
5.323912828309441680e-01,3.319652302157609092e-01
4.499173461674867980e-01,-2.247343028750807548e-01
9.197376153086285200e-01,7.938566622034671783e-01
1.097729528140145572e+00,-9.948539926008808099e-01
1.170090486382578676e-01,-8.757445779850602241e-01
-7.629269149158576235e-01,1.000508023003609859e+00
-1.817653594319982857e-01,-3.423981720821592245e-02
4.435018243763998447e-01,-6.569924589179858276e-02
-3.547326383190235743e-01,3.419563230502369391e-03
-6.968709509238502076e-01,1.278301707755817307e-01
9.278681028653353868e-01,-1.098260854006173126e+00
1.845538584429696483e-01,-1.446483715513028123e+00
-5.251313857940023144e-01,-1.499381535621156836e+00
-7.068144229380268762e-01,3.884950152523258815e-01
-2.827536753935869229e-01,-6.829408020668638057e-01
-5.369748464497937634e-01,6.061533298646554213e-01
-1.850097824566288712e-02,5.402377122276713628e-02
8.777572805932907229e-01,-2.546999941982068805e-01
1.004377919754528281e-01,-1.279289810372778780e+00
-9.626605913505721368e-01,-1.924115974837967979e-01
4.314591951210090537e-01,-7.047101045938700126e-02
7.531942251532797172e-01,-4.838310859017962429e-01
3.198549326331830978e-01,3.428101978610134659e-01
4.260519034673678762e-01,-6.443870668293258941e-01
-2.306910266841977197e-02,-7.041743675865935748e-01
-5.721834898117240664e-01,1.002905427762403212e+00
-1.553300638546812468e-02,-3.719718476764578563e-01
-6.035023307834801454e-01,7.191006227212044521e-01
-6.949964749855649937e-02,-7.362470852556425305e-01
1.627086891591359163e-01,-3.113773442297703142e-01
6.233609163744258108e-01,-1.764219478242019745e+00
-4.373798518165564198e-02,1.179928781760024442e-01
-4.624810838022813675e-01,-1.924234988900690724e-01
3.650537106639963336e-01,-8.336737004128555450e-02
7.496590527148043470e-02,6.395613132809156998e-01
1.731209318647125017e-01,-1.523055302194616101e-01
1.510720442804154018e-01,2.566650650705530334e-01
7.007446085576558570e-01,1.308794744472860705e+00
4.505373783222804129e-01,3.428515399587588885e-01
-3.773266495303642110e-01,-3.356553815171741673e-01
-1.417542014555195795e+00,9.493181905919888530e-01
-2.528191840095071752e-02,-9.577397792879486227e-01
-1.726060779462257555e+00,-1.564903798769192944e+00
1.128413015539714570e-01,-4.365117277950107955e-01
2.829575716999717105e-01,8.899753897382203238e-01
1.254341966154586818e-01,-2.515878641102478053e-01
-2.853298554457272540e-01,-3.935484517384152947e-01
1.760473474022396789e-01,-6.371547151697348754e-01
-9.222339111669035361e-02,1.091828565782048344e+00
-1.950243617140292596e-01,6.976644802040299354e-01
1.075604591589597092e+00,4.580847418125179593e-01
-7.045282419216902792e-01,-1.185290336415805390e+00
6.118895374414701216e-01,1.163525706238085045e+00
1.184078113264296350e+00,1.258125687250805980e+00
3.543590132011454341e-01,-9.660844188090255205e-03
8.599688438207360175e-01,-1.076300373991726733e+00
-8.487791907931152569e-01,1.340086299214644949e+00
-7.025786267566156429e-01,-1.362195649228897132e+00
-9.254717448818358116e-01,-3.610652146668218432e-01
1.265245320373531712e-01,7.019109519821132848e-01
-3.562406489200033999e-01,-3.331422363205515103e-01
-4.377384590370864692e-01,-9.767104760853743128e-01
-5.017917919365830759e-01,7.661096793249330128e-01
3.428740535691680025e-01,-6.386148776145477157e-01
-1.369800051384090445e+00,3.638788852139014929e-01
5.208592686167639041e-01,-5.970950765079422462e-01
-1.395179352156564079e+00,-8.089005588654595291e-01
2.125350399698948678e-01,2.182372109197599705e-02
-2.335604203096858580e-02,1.308398624020598922e+00
6.272044787196738858e-01,1.364825871491524290e-01
-2.055026312076143835e+00,3.235311842165283225e-01
-2.380619863166306416e-01,-1.027575094233246222e+00
1.296521422980671190e+00,6.848722543509419003e-01
4.109131019143163477e-01,-1.562330118928418887e+00
2.924027130033057809e-01,-7.627423160147492887e-01
-9.268456301328668878e-02,-3.494570849223321285e-01
-2.102639467338759949e-01,-2.651494809520488216e-01
-7.934460014739648515e-02,3.867501391157509016e-01
-1.188778325157457960e-03,-5.528969509549024330e-01
-1.188051835955418328e-01,-3.016427966321708065e-01
-1.174369844435815491e+00,-1.368419347114978812e+00
-2.544064814834002819e-01,-1.291885374720664614e-01
6.457514614552090082e-01,3.135229227259322959e-01
-7.008531229474433966e-01,8.919148190395359554e-01
-1.146011249800063941e-01,4.854532172149502167e-01
-2.659990690729874818e-01,-1.148132438388526744e+00
-1.232599774731882869e+00,-1.828572499199555113e+00
1.428480860923125206e+00,-1.442458489895498581e-02
7.419825238024027603e-02,-1.649918684265439861e+00
3.353985049116600115e-01,1.213202579487552557e-01
-9.258617301747428252e-01,-1.234420462716768890e-01
8.605272611407023264e-01,-1.053346923757136455e+00
1.037135471805123554e+00,-2.808401745303298336e-01
1.675723604203315231e-01,4.397519263468778750e-01
5.481763771462097035e-01,-9.280923494616576397e-01
7.701491728635260214e-01,-1.741223820476202055e+00
8.688790477081927976e-01,4.907203597607673884e-01
-1.848250108894825272e-01,-3.756561026505720879e-01
1.203020293439473365e+00,1.288675348861738623e+00
3.478634916274435662e-01,-2.205025048727618397e+00
9.455782191305934781e-01,8.624235051005310071e-01
-1.198066268989619321e+00,4.885495515812653955e-01
6.917832465592089752e-01,3.924951788657197183e-01
1.115762412521032615e-01,5.490433191505741384e-01
8.797529047732527419e-01,7.652344769075551945e-01
1.973343196606979211e-01,1.787330010871370500e-01
-3.314302255965956290e-02,1.235300372685945947e+00
2.653876303172393591e-02,2.004783364512341959e-01
-1.893649464280286162e-03,-3.810820849085061468e-01
1.885128373542700186e-01,3.997168737149826845e-02
-6.623022526730222292e-01,-5.772547400037655319e-01
-1.675972075901655256e-01,-1.164731490905737576e+00
-2.206828903251269458e-01,6.021275254707861846e-01
7.150476264053805542e-01,-3.784729135469129258e-01
-8.802912823443989065e-01,-1.538189623560627384e+00
-4.735502432577647358e-01,-1.310810431378549579e+00
-3.062784021969934822e-01,-4.440406545220692419e-02
-6.232390225247547155e-02,-2.251302247567093406e+00
8.838699012969716273e-01,-9.262927030171534681e-02
7.068558392941431956e-01,1.329394680095394472e-02
8.465537130969302826e-01,-7.950816928286082164e-02
-2.418728395325741298e-01,3.920800404780342419e-01
9.980389865214510658e-01,2.430674518379700166e-01
-2.160869047519038411e-01,3.047164595932685960e-01
-5.879877350492850319e-01,9.479282388520833269e-01
-9.358530744031035020e-02,3.505333940854537533e-01
-7.172383116700261629e-01,9.416592353337069898e-01
-1.379973305936148087e+00,1.528653793131833916e-01
8.510938728388258712e-01,-1.703406486111036511e+00
5.988127083456722399e-01,-8.053007835929664182e-01
-4.095768604872795926e-01,-6.140594625128488193e-01
-2.660093496765924548e-01,4.622161468555742725e-01
-9.306078988509128846e-01,2.130348369937621333e-01
-5.559869895323514832e-01,1.388636527579169000e+00
3.636539326290256779e-01,9.082246866170635702e-01
7.977552196587351929e-01,4.131090699000005695e-01
3.256701677018078445e-01,-8.147762892923325895e-01
1.672413545643897326e+00,5.519475752110464262e-01
-9.018980240869192144e-01,-1.132182287035720797e-01
-1.141056478360048532e+00,4.062471780010337152e-01
1.199819088720840865e+00,-1.418178457748970223e+00
7.814627778016098800e-03,-5.534292835630159058e-01
-1.013935488856550771e-01,2.715477567225053068e-01
3.389640256826414455e-01,-1.297576226397363919e-01
4.133156837971665443e-01,-4.067417383812324538e-02
2.352541212184938502e+00,-8.982378326914747246e-02
4.440092322556057902e-01,9.573116686520952712e-01
-9.811829548869620277e-02,-3.568038616089593829e-01
4.593263544433807688e-01,1.851713819354912638e-01
1.091977436160256193e-01,5.705978356185602285e-02
8.416868233909878816e-01,-2.736813861724773228e-02
-1.023515093513800878e+00,-2.466592726430629490e-01
-2.341330277237191060e-01,-8.506126754007886648e-01
-7.717729801005898116e-01,-1.206992785648771882e+00
3.120362793587290184e-01,-5.416625866610839946e-03
1.033425095736131061e+00,1.255151489876848547e+00
-1.799606431072666435e-01,9.515333577641941210e-01
1.610816051349936551e+00,-1.110513138040857717e+00
1.497558739573957576e+00,7.548098934948450633e-01
-1.870397790192662169e-01,-1.512165330492591109e-01
-6.759336924800768420e-01,-1.277376236889605776e-01
-6.412919798583292808e-02,1.328800202670479824e-01
8.260949524907343355e-02,7.025425872972704266e-02
6.662904509064520031e-01,7.836639474788468229e-01
3.999842896415226612e-01,-1.140059173289721839e+00
4.523510628951769030e-01,-2.395934113771972296e+00
-4.466268610445233711e-01,-1.418025164053437148e+00
-5.106537988293941011e-01,9.987648733664623579e-01
-1.652255272287589616e+00,5.126218175831875890e-01
-2.127655089663203214e-01,5.545651491046033055e-01
-9.425227603723052017e-01,-9.745817840444247482e-01
-2.124277067498475891e+00,1.153953766733190750e-02
7.885395042614664618e-01,2.145157991790592744e-01
-7.255095516627951824e-02,-8.694356792497661690e-01
-5.072920926227894034e-01,-2.564165056350632965e-01
-6.804221505343899246e-01,9.038163110265623468e-01
1.415185968412732975e-01,-6.358453233159510054e-01
-7.785025151174208569e-01,-5.885394178585974245e-01
-1.825005076237544155e-01,-2.065571978543053466e-01
9.103857204644415224e-02,-8.200810408208908386e-02
-9.078896786349844872e-01,6.280999800043149950e-01
-6.869324849475642036e-01,-3.814454260096636906e-01
3.801922055394353350e-01,5.777276705585787653e-01
4.027922793609177154e-01,-2.529718321902765243e-01
1.303576730426719177e+00,-7.468385727067435864e-01
-8.032320556779533327e-02,7.888190175471805621e-02
3.040221049352990201e-01,-5.713230199716643476e-01
6.642720283718284158e-01,-9.740048423437162040e-01
-1.944185306239744060e-01,1.633154771086450019e+00
2.037366579010679024e-01,-6.466859139011403579e-02
-2.392324382339023649e-03,-5.348288421345653854e-01
-3.240234538307681378e-01,-3.824386852743252851e-01
4.159539121304105525e-01,1.731402153783815900e-01
7.953195914169927661e-02,-1.960178102714855639e-02
-7.716781088896439433e-01,-6.052779482424790192e-02
8.309316452767566696e-01,-2.240959984360707535e-01
-1.910276150108355248e-02,-6.129131736188055957e-01
6.084101477262707780e-01,8.745807625077895234e-03
-6.330346669595946496e-01,-1.061808106798915352e+00
6.077501773674812702e-01,1.019225563128827394e+00
7.114147352487514286e-01,-1.009504342021860929e-01
-5.448115869446011894e-01,-5.987971266035968521e-02
2.607794963495541768e-02,-9.806134282843147476e-01
1.167627367110803727e+00,-1.054795402021703410e+00
-9.753594586006647527e-02,1.269445147429564685e-02
1.207928648044273717e-01,-1.086341601110100280e-01
-1.779223988678356183e-01,-3.204078074965281964e-01
4.107567402408078827e-01,8.504996098790486986e-03
-6.462281260139146610e-01,2.000976924680315100e-02
-6.137393176167116327e-01,-8.622920616575187047e-01
4.501893661864835305e-01,1.645767994378170007e+00
1.096718657702545174e+00,-1.215546451819573104e+00
2.705415557821774786e-01,-6.457637624582657221e-01
-1.798593538421008192e-02,-1.634810243874258370e-02
1.441223394391065726e+00,5.074033762291455529e-01
2.410797246779184277e+00,-1.936371180443098305e-01
5.730780322017903217e-01,-1.259824266729378250e-01
-5.752645877103279570e-01,1.168945437989165947e+00
9.555472739488574119e-01,1.891854247468829353e-01
5.330327449700377612e-02,1.569380115286855837e+00
9.451029913828304929e-01,1.813700322510164442e-01
-1.593163132800150761e+00,-6.633693037229270173e-01
-2.952513264439580176e-01,8.693739007418456177e-01
-2.726143977735983603e-01,8.249922126552438062e-01
1.111328615401890429e+00,8.945715530716157327e-01
-4.038417379364404036e-01,8.944651696567339216e-02
-8.849445564954935839e-02,3.692382259351913998e-01
-1.028603899531343041e-01,5.519092626877317598e-04
1.367442710296982389e+00,-8.133719986943287183e-02
-1.817099003216397779e-01,-3.718222054852753367e-01
-2.682893398216915637e-01,6.069287850747507873e-01
-1.476169878575744054e-01,3.640144818318770126e-01
-1.156373654750022961e+00,-1.180297018938181453e-01
4.730966135035655218e-01,4.349531099491837360e-01
1.049764042457857149e+00,4.569493648824304310e-01
-1.084083463165361333e-01,-4.291168729283305061e-01
1.476994052916098532e+00,4.238728097273589124e-01
1.151139591389861883e+00,5.768889674554632530e-01
1.130583387180461863e-01,1.146735802069371646e+00
6.626059289628829507e-01,-2.174654675261712633e+00
-3.107610018604209379e-01,7.695296348577268519e-02
1.221263141759801441e+00,9.282406173986744724e-01
4.836618561514409720e-01,1.484212918692910277e+00
-4.403787978105633272e-01,-6.059068693287938262e-02
-4.215658105330250677e-02,4.836609423346820980e-01
-1.063660219447259969e+00,-3.128884481189395106e-01
2.442030075434026282e-01,-2.920234690264595923e-01
-2.815827689397574773e-01,-9.772257140520937968e-01
2.378312746514386622e-01,-2.123734743290164317e-01
4.270879632295548900e-01,-2.385753529924663011e-02
2.216197981000025130e-01,-9.497269639563810095e-01
1.294155900165736839e-01,-1.005650859106106632e+00
-5.563933652590714596e-01,3.119679831160079297e-01
-7.210102489706498030e-01,-4.621892569988385047e-01
-6.202890923315316218e-01,-2.663089173941717847e-01
7.245425653758765794e-01,5.431326549020643046e-02
-1.241304030975095424e-01,-8.313237375694247921e-01
9.668472164731796159e-01,3.352268104336822985e-01
-3.402362307117955953e-01,2.137628773942826244e-02
1.414216457491128454e+00,-1.531386702482571582e+00
1.311530062312773914e+00,8.133162487692482956e-02
3.528644944139801565e-01,-1.404649115048934027e-01
-1.440189155445592339e+00,-1.589231384296791116e+00
-4.291328874354821687e-01,5.711329056959697503e-01
2.540345837618715463e-01,-6.590252178962612284e-01
-7.708388870983474694e-01,-4.863350891928311936e-01
-1.116833944341332874e+00,-8.023440994865955744e-01
1.328119041119590671e+00,-5.575456254315772631e-01
-9.067433080057769601e-01,-3.683291096462886771e-01
6.787014928166847927e-01,-3.833933203465483275e-01
1.031443471841990145e-01,2.286485574122175957e-01
1.935682484359752209e+00,4.501034082132693986e-02
2.767379326565176378e-01,-2.460647530465233102e-01
-7.974322001029953144e-01,-2.660525718546541962e-01
3.053316062112053086e-01,-1.000014093196202714e+00
-4.292310455059410446e-01,-2.099380066027209391e-01
6.425766598060240753e-01,6.940313358993170922e-01
-6.239478304217206395e-01,-4.548003930311070864e-01
1.146115540648716014e+00,5.751710573197490461e-01
8.061375349793633571e-01,-6.546565791848000249e-01
-1.665471979389890000e+00,-7.059894285622357879e-01
7.766241044189249321e-01,-5.833574921030241223e-01
3.128812391442759577e-01,5.569238461460267464e-01
-6.868842957707210761e-01,-6.808555962416900087e-01
1.001304645586811315e+00,6.650275129390620377e-01
1.056544020359246189e-01,-4.146307418712015802e-01
7.307320994364109312e-01,1.403658912646250367e-01
-1.314006560585910144e+00,-5.190711262965163053e-01
-5.743170544952416745e-02,1.005050464814286615e-01
6.304896263363428677e-01,7.934954213798736111e-01
-2.230322026945819325e-01,-1.175991842858096353e-01
8.190985001798442022e-01,8.889285839536109624e-01
-1.200053210655601665e+00,-4.616531852995619523e-01
-1.389127525558005338e+00,8.759521676427922676e-02
1.939126869829243538e-01,-3.856913742782784316e-01
-2.469039489761753470e-01,-3.550097511873453460e-01
-4.376553190318056563e-01,8.180756441275310875e-01
-6.210925968090704741e-01,-1.374376510998675416e+00
-5.083408015929831159e-01,5.159311085327665802e-01
1.208699741546304107e+00,9.084692756029875971e-02
-3.288720266586242502e-01,-2.709678883857459808e-01
-2.808842886057447141e-01,-8.594238725197890227e-01
1.788363254807252278e-01,8.518558051195025405e-01
-9.599611027812442465e-01,1.750941956061643046e+00
-5.790492700333220721e-01,-7.122745903984475380e-01
4.364395785495024382e-01,-3.886418704853934758e-02
5.377849289245691944e-01,7.260563004724632230e-02
-1.413859189878535483e-01,1.563209763083634796e+00
-6.650140666279062973e-01,-8.119663090331374899e-02
1.076271155555503567e+00,6.770496070219251816e-01
2.032120110429491422e-01,-1.063550184348917016e+00
4.081690472947290260e-01,-1.209808578188313472e-01
4.832089290389410263e-01,1.023513912627448952e-01
-1.175659881007756979e+00,-2.251793724596446583e-02
1.182372404076333788e-02,1.276790314208599009e-01
1.879470630761916672e+00,-2.319364492450322057e+00
-3.765875188845291821e-01,-8.293769463506461825e-02
1.005111123537730577e+00,-2.859864548571210974e-01
-1.081436761853733219e-01,-3.328027968775230105e-01
-9.039807184271416718e-01,-2.996937692552842369e-01
8.581079034274312345e-02,9.127672305667694497e-01
1.086887163197123973e+00,-1.249266923788254546e+00
8.682163471390486054e-01,3.815330131633604682e-01
-1.473432532797883665e+00,9.606304806805350538e-02
5.105669520217337443e-01,1.231877467009593552e+00
1.781685334963126546e-02,1.051984217434326629e-01
3.570061480424321920e-01,1.018167698452694170e+00
-4.536573388188122058e-01,-1.478779066899771344e+00
-3.500802346795482967e-01,-1.336603231064240838e+00
-6.819796318132286261e-01,6.674709192333181385e-01
-5.543719241379022576e-03,-8.699429318377521758e-02
4.339876213587681719e-02,-3.240436445239850555e-02
-3.914338820823515808e-01,-2.026493589710693932e+00
-1.520553164871791541e-01,-3.652978842888375821e-01
-4.140283141595187399e-01,1.057778565263461479e+00
-2.082882514291413689e-01,-6.739170839990143470e-03
3.246322292563935119e-01,1.185468923743499658e+00
2.035471848362000902e+00,6.108614953224276167e-01
1.033979786239081378e+00,-2.485273529468787490e-01
1.585682791677056391e+00,5.158710075775785331e-01
5.841828987342660012e-02,1.777128315233888756e-01
6.139276289225530370e-01,6.955797349577479416e-01
-1.173325351911593595e+00,1.171380634539816556e+00
-4.086250990839117581e-01,-1.248267208856833399e+00
-1.240963021220150564e-01,-1.141466250813309435e-01
-1.571296217938770445e-01,3.648511470339683704e-01
-1.016396148497377805e+00,-3.914581902688443193e-01
8.479434121690377912e-01,-9.341629809243493510e-01
4.285189286497820826e-01,-1.395713714558178165e+00
6.957933677410721440e-01,-5.231905568976749077e-01
9.825065275749235161e-01,5.223576479238872111e-02
-9.592257871156439908e-01,4.286477988249228627e-02
5.901323877787484351e-01,-1.667129891252589965e-02
1.149856087515815029e+00,-7.352416581334220158e-01
-3.871338804685449664e-01,3.214738563441819075e-01
4.639359184958171123e-01,1.422230527828206581e+00
8.771309871297640059e-01,8.929788640515368137e-02
1.145336369277348609e+00,-3.903870780599342782e-01
-7.668242034518598649e-01,2.946316739318133870e-01
-2.001253558063194049e+00,-9.644964382150835736e-01
2.816165132897536783e-01,1.188507784765730824e+00
-1.252615228623878307e+00,-3.182197698765782401e-01
-2.522350849814109191e-04,1.764245740446437546e-02
-1.508675897695568091e+00,-1.736744960613537225e+00
7.966972581550719745e-01,-2.330999238086600422e-01
3.887227748744351286e-01,6.150186658078480306e-01
5.457839141353649781e-01,-9.627691658328228763e-02
-9.374886037640973724e-01,-7.126736652897988078e-01
3.234085114068404598e-01,2.644165294448626025e-01
5.852757596470880008e-01,-1.031092382484327663e+00
5.929764020368143429e-01,4.416941863121920941e-01
-7.446778721304611603e-02,7.215986316198227390e-01
-1.611986063945490544e-01,-1.898550452057383986e-01
8.333926543647184326e-01,3.879602720250112102e-01
-6.109683206120780641e-01,-1.515168566934375072e+00
1.565232922629160028e-01,-1.961830727085180914e-01
1.678487270179934709e-01,7.904514012489161079e-01
-3.623143438802124972e-01,-1.214063263208915888e+00
-2.626385132958076185e-01,8.440396165549048091e-02
7.203062878948218728e-01,-4.947753045366639069e-01
-5.163725666460667885e-01,-3.358896270097854186e-01
-5.357234947108014955e-01,-5.815788413827358561e-01
-3.184219140109037505e-02,-1.298076323387676277e-02
6.313181604537865255e-01,-4.650893443774992142e-01
2.923571913958156188e-01,-1.749713116754806619e-01
-1.041032939686834302e+00,-1.439541502181064470e+00
-2.526771836176346930e-01,-3.828751967025253999e-01
-1.776353876138603571e-01,6.062807393974470882e-01
1.566730205342498072e-01,5.082712903537743854e-01
-3.933700098136326817e-01,-1.776871840467908470e+00
1.147062665271953330e+00,8.685979229010404312e-01
-2.774486115317635893e-01,1.405558131212409356e-01
2.565413508155516276e-01,-5.044769721731395817e-01
1.569212269459979270e+00,-8.937441937020609295e-01
-6.131011695500808711e-01,-5.563232855430073620e-01
-8.265495193792777862e-01,-8.166425519228455165e-01
-6.482452354045814547e-01,-3.364688351525834120e-01
-4.503098485964071029e-01,7.313290452280074572e-02
2.837706040411940300e-01,-1.273727709265884689e-01
9.313291710524689293e-01,4.948354684835957751e-01
-3.284498766823787386e-01,2.402905013475331031e-01
-2.961204414931069562e-01,1.587090344838444578e+00
-4.419491253215994675e-01,1.074288936503997816e+00
-8.765827130368720743e-01,3.224526052397806708e-02
5.322634108721906454e-01,1.119109021283685168e-01
5.553891787317272177e-01,2.985795089415235193e-01
-6.099110364505104798e-01,-6.609251676703727096e-02
-2.110412668375507839e-01,-1.121366975863191451e+00
-1.465996283233115538e-01,9.317023395674871589e-01
-8.506675899275726316e-01,9.547104755187076908e-01
4.223009579156976057e-01,-1.156914386154300478e-01
-1.102676127685193519e+00,-1.072314543548216759e-01
8.802030258731026180e-01,9.344695872803676640e-01
9.812312558099217652e-01,-7.677912811459236542e-02
-9.540555271709488805e-01,-1.516371607216728812e+00
1.428001322480426216e+00,-6.917465857183547895e-01
1.238102342258707855e-01,1.205757736416719794e+00
-6.240053062454051780e-01,5.257692400652506093e-01
-1.097669027121503049e+00,-4.585509638013495759e-01
-3.353241215785864315e-01,-2.242631376277987032e-01
-5.155173808634525567e-01,7.065979356287341862e-01
2.812017122488743581e-01,-1.624742751888179182e+00
1.858686210611967038e+00,-1.490335376005400281e-01
1.286176415169777432e+00,9.258068861292887419e-01
5.163234917015181447e-01,3.814995833872988351e-01
8.719594687017722112e-01,-4.293347607773962959e-01
-1.809287738571690451e-01,-4.858511892450556036e-01
-2.764057889005329116e-01,-7.948381127620579578e-01
-3.588818228031759316e-01,1.141549713607144856e+00
-1.620380965368436676e+00,-8.652023089230395647e-02
8.748179626048683266e-01,9.147659664239861099e-01
1.438728540933855271e+00,1.095523165988984804e+00
-1.224233363499336313e+00,2.928319820734335277e-01
-7.382358641733890448e-01,8.238091531843280135e-01
4.074491068204720845e-01,-1.879467291456119682e+00
-5.880846502794122299e-02,2.533105566992477353e-01
1.936847258085240553e-01,1.733840720410705361e-01
-8.035634335100383385e-01,1.278182408947091453e+00
7.811408060960692845e-01,-5.685226963397086442e-01
2.647443695831346866e-01,-8.095323142831345464e-01
1.416802841251260769e+00,2.367087090385663117e+00
-2.859887366962391569e-02,-8.706500628510592532e-02
-3.446814490727227454e-01,6.851068572492056141e-01
1.413390283577571904e-01,1.145300412634651099e-01
7.653493225417659085e-01,4.408857126454879816e-01
6.797479480308594724e-01,1.967592611193284546e-01
-8.356439207751863441e-01,-1.878614800138337093e-01
-5.057381051457700005e-01,1.619616950128177357e-01
4.900727811172486126e-01,1.753179394003349101e-01
5.088920491509060229e-01,-2.829851197582962663e-01
3.176353545215597207e-01,7.209120759628276920e-01
-1.165189356531723397e-02,-4.121763007160843539e-01
4.944677226818033899e-01,9.765514891294123645e-01
-6.705219357022809135e-01,-2.330594855145562139e-01
7.316473493808643980e-01,1.585077791193744423e-01
-4.369506701180452257e-01,-6.590812479008700819e-02
-5.741355175360115526e-01,5.681572836980454122e-01
2.131266499864776232e-01,6.639669938573604657e-01
-9.442721537648609553e-01,-9.255164492937401066e-02
5.152595982075325320e-01,-1.836796999751670253e-02
9.823426784358731956e-01,3.856884264388841244e-01
-9.607499452124935724e-01,-1.382242757021340474e+00
-1.562699993628776651e+00,-7.824592120509521465e-01
1.305769870295117874e-01,2.351080685189483876e-01
-1.949153056520479266e-01,1.742032129023401432e-01
1.059065987423685185e+00,6.730400321562122201e-01
-1.761750784034602779e-01,9.194060718196435111e-01
-6.149464928970909128e-01,3.259481349060381894e-01
-8.678194357855806285e-01,4.718808731609237528e-01
-5.913185743334536948e-01,1.301586247744288771e+00
-2.256439153128775021e-01,-1.180689665759416668e-01
1.946774765078370384e-01,-1.130502092950487647e+00
1.679707878791369124e-01,-3.924413921517200948e-02
1.041466271616614758e+00,5.982188335667565360e-01
6.295252621783678504e-02,2.189815198840751598e-01
4.428027542089183477e-01,-1.233276807352434279e+00
3.290671553177859643e-02,-4.988829368657922703e-01
-4.089487999260554285e-01,5.771419310725829366e-01
-1.307690641564740686e+00,-1.078859836130384942e+00
-4.653409569034087229e-02,-1.123288919386460138e+00
2.369971097448562158e-01,-8.135693656359519466e-01
-1.329601778081569430e+00,-4.744567077619754603e-01
7.675229272809332148e-02,-9.984051522836463466e-01
8.943788103079778340e-01,-5.094844598998207047e-02
-5.643386432223898019e-01,7.990571590386046363e-01
2.037217439356086568e-01,5.296098805101382423e-01
-1.119476036520684614e+00,-4.499416020782676801e-02
2.883365961406054723e-01,1.624913097181904353e+00
-1.052744660593712522e+00,5.567321652434267243e-01
7.025982298871823462e-01,-2.883572280328026149e-01
-7.773819859902920681e-01,3.976969184972022897e-01
1.099283214800882008e-01,-4.080218211291187225e-01
-5.555590960198633077e-01,-1.761353628722822640e+00
2.582156737701513105e-01,-3.536702053796981771e-01
6.753368491963398501e-01,8.747535179412306849e-01
-5.006230300453594628e-01,-1.621299758917322809e+00
4.600069780800589703e-01,4.535175871594437358e-01
-1.347795147848235564e-01,-1.785688817270438378e+00
3.835342028910972423e-01,3.388754869957819604e-01
-1.213745816959991508e+00,8.862081495729091929e-02
-1.093942862195212085e+00,-5.300120725674585254e-01
-3.526585632760393940e-01,1.641694524720414217e+00
3.155247884942708470e-01,-1.506468348933105217e+00
1.062131209412739086e+00,9.283641079134444807e-01
-5.586786407930696141e-01,2.008545584802807760e-01
2.227149818495156308e-01,-4.145243649206719616e-01
1.543923245959856472e-01,1.176414752538772063e-01
-5.448050185076860341e-01,-1.179960824877661407e+00
3.448759117592058443e-01,2.872092350492060353e-01
-3.907507282847962893e-01,8.195123203353357200e-01
-6.567054992110712419e-01,-1.273301694539249324e-02
1.494495036272150412e-01,-1.952454365928952162e+00
-2.352882721680645342e-02,-1.592893523135507916e+00
5.470927998382566493e-01,-1.367147566458915345e-02
-5.681794258493924055e-01,-9.138582655891840378e-01
-2.900673763308727060e-01,8.605954453465677334e-01
-1.609639922259479050e+00,2.204168047875526559e-01
-8.130561991665566923e-01,-5.410529423616265987e-01
-4.457758823409696536e-01,-2.328414204048090963e-01
-1.336156151549727333e+00,1.642180124785028450e-01
3.678252916460177380e-01,-1.630448249503871905e-01
3.290358333976133864e-01,-2.507489540335723910e-01
-3.860626401108702144e-01,-1.419720028886556351e+00
2.308436768390114899e-02,-1.320751851123100229e+00
-7.573048062392037094e-01,2.251580123998901672e-01
-1.207043017834776022e-01,2.212631555058137411e-01
-1.765069530415454890e+00,1.610430111568230196e-02
-6.467364566444423236e-03,-6.859050134954596256e-01
-9.665041909910593310e-01,4.155521357398437865e-01
-4.597752058854614465e-01,-8.783640678365566001e-02
1.385240117876093136e-01,1.103814294266350027e+00
-3.167234560137380806e-01,-8.199889200890233543e-01
-3.633590765291295765e-01,1.282575938631791646e+00
1.053743235230215847e+00,1.387996794471637041e-01
-4.442518186951260883e-01,7.472832586695333790e-01
6.670372292136345083e-01,9.751054556248019145e-02
-2.226864097054747915e-01,1.301584517491775339e-01
3.258561319952586466e-01,-1.059932982758568093e-01
2.711202276062005256e-01,6.038505992498721664e-01
6.347531749432532289e-01,-7.264963638590393735e-01
-1.904992329244192262e-01,2.535433871759198987e-01
-5.393964498040383360e-01,-4.450119573670893725e-02
-1.220773590973292855e+00,9.099631648413690765e-01
-4.171731628148954152e-01,9.910752764642331014e-01
-8.774637298188951995e-01,-5.789422147752184555e-01
8.414906201857763612e-01,-1.174702249106671204e+00
-7.771498352927534992e-01,-2.181166699156081301e-01
-1.708989581797843438e-01,-8.224853014420553388e-01
-2.223342712219179840e-01,6.281611745241240108e-01
-8.323833807203605550e-01,-2.379093615599903178e+00
-8.843521569013775840e-01,2.495124843634356077e-02
1.177054033985297954e+00,4.707797142662514256e-01
-5.089471655009886880e-02,4.310949479206961366e-01
-2.637066979648561849e-01,1.143805605714780654e-01
8.390267091140326053e-03,1.022557494281621349e+00
9.143728394765141543e-01,-8.518898089481832248e-01
-1.259386874212169716e-01,6.682928954267828292e-01
1.983286115092981750e-01,-3.585437523807814553e-01
8.443389407599772856e-01,-2.001534985013712353e-01
-1.029376483863041897e-01,1.038392388719640680e+00
-8.610223957737495049e-01,6.272781819726855335e-02
-5.371500801294539773e-01,-5.027732361410285344e-01
-1.063905922940588722e+00,-1.574716914802592668e-02
6.223300102885507279e-01,9.993049993078292337e-01
5.274416837612342368e-01,-7.355606044118552234e-01
1.733798006230256039e-01,4.485860860349469292e-01
-1.696926573852261810e-01,-2.169164543277106796e-02
-1.270976861876595698e-01,-8.115702524125886219e-01
3.939908856178859775e-01,1.707658724896670421e-01
1.238424880304014986e+00,-4.616773388916994847e-01
-6.271435220324296234e-01,2.046072436191961885e-01
1.492539553610377157e+00,-9.383572974481804163e-01
-7.980649131852313172e-01,1.341865388248842050e+00
-9.237414897914496270e-02,1.400653749435671669e+00
-1.313908385915568688e+00,-1.581380919467098023e+00
1.824375625565125836e-01,3.305854102268522277e-01
5.374647891770199803e-02,-5.398141178153975650e-01
3.437520092568176200e-02,2.787707246954276852e-01
6.627573701239927173e-01,-2.507631517882699113e-01
-2.610388138734136554e-01,-9.669889048165072332e-01
9.155827666092979378e-01,3.637716245464466813e-01
5.992332978886611983e-01,1.213170689596728469e+00
-7.234223199487588296e-01,-4.640073661733560284e-01
-1.415296152194253532e+00,1.040950117802200980e-01
-2.585741646480773648e-01,-2.276115397139356900e-01
6.443121631717927400e-01,9.912448352606344493e-01
-3.354095504618871959e-01,6.482680824405337994e-01
-9.516716372494097298e-01,1.296601471895655611e-01
-5.959372315477511339e-01,1.135371980191681951e+00
-6.276928365771109464e-01,4.979343807527786825e-01
-5.866391054204487254e-01,-8.403290860217302871e-01
-1.230217485340048489e+00,-1.250119139666116264e-01
-1.678073444097008537e-01,7.127554536895738257e-01
-4.260439501129521522e-01,1.035671388408371668e-01
6.529353536564671545e-01,3.051978099241106079e-01
3.721184237842847103e-02,1.136464668115539256e+00
1.170615926528836143e-01,1.832817354244446195e-01
-2.294205921189249875e-01,4.811841316206725283e-01
2.214851783469535540e-01,2.609777223069438268e-01
1.944018767462331598e-01,1.681146678551834084e+00
-8.675962682582769592e-01,-3.341062618871989409e-01
-5.389452736408297806e-01,-7.023308017925106173e-01
7.308309535363813891e-01,1.509725657619295669e+00
8.385870596966971124e-02,-7.353432165024991196e-01
6.459904270236270785e-01,-6.960465555803041493e-01
-7.683375281209046115e-01,-9.392336742182599840e-01
-1.848091389826160835e-01,-2.315040117440564371e-01
7.546961326172546558e-01,3.887203517144648957e-01
1.072351711724090634e-01,-1.023630583778103897e+00
1.570624759180938801e+00,8.348066465732899566e-01
-1.042195326356569085e+00,9.092075297011447121e-01
-1.244126000703500365e-02,1.371193616542240923e+00
-1.714062638700019903e-01,8.151601613677559310e-01
-1.065327970358062482e+00,4.467310223331270036e-01
-1.371395564636043729e-01,5.312827443514971382e-01
-5.537286242396950442e-01,-5.806207157302469835e-01
-4.573932093770010088e-01,7.924823883824442250e-01
-5.360891307995750976e-01,-1.982705650451193832e-02
-2.878857181638715401e-01,-3.233788656111822868e-01
3.897981369308670119e-01,-1.350169822990559820e-01
9.681093730290964983e-01,7.730363212075125334e-01
7.304406644273869764e-01,9.165367100891346208e-01
-5.892122728224572503e-01,-3.501509314866445566e-01
6.663727826174482838e-02,-6.342103440380064683e-01
-1.979267881233134907e-01,5.979111109744972286e-01
-9.412645269492155853e-01,-2.205085460532252850e-01
-4.914319459807061086e-01,7.944985534810111716e-01
-3.958017645204064405e-01,-3.749731309502110088e-01
4.982764389485436207e-02,-1.180388404631836363e-01
4.663677706637635034e-01,4.284921782941175650e-01
6.346354338032067499e-01,7.009636861101131711e-01
5.941956344364458520e-01,-2.892299024732276069e-01
2.050763500746371759e-01,8.832513064389145852e-01
1.672564380241966298e+00,-2.117378677423822075e-01
9.411959542775022447e-01,6.095669602382874919e-01
2.546404871176848883e-01,-5.537662232731609402e-01
1.135819574248956576e-01,-1.092155810293354179e+00
-1.211609879946129176e-01,-4.351452607200153588e-01
-5.631443565263031248e-01,9.667696676249386278e-02
4.659221939688764080e-01,-2.232541237089286090e-01
7.223980381425587627e-01,1.567419694089989823e-01
-6.456486852005677290e-01,-4.675538439098065324e-01
1.221356652060246795e+00,-1.137584655911452636e+00
5.905855823042125419e-01,1.890356975022679631e+00
1.353624141544552462e+00,3.112162774068251148e-01
5.073029891222495813e-01,-5.561047434169593684e-01
-2.142081747894337140e-01,-1.973118967963576553e+00
-4.426269779408397720e-01,-6.621618553122422535e-01
1.211160799863603317e-02,-1.546061811318531154e+00
-1.640579104003158539e+00,6.860383759481551991e-01
-1.698366453655426378e+00,-3.977806354584656479e-01
-1.153505186914212777e+00,2.084731786175454682e-01
-6.224499179958853379e-01,7.018927159317115416e-01
1.089269129293968019e+00,7.513276526444612191e-01
2.886925819427906825e-01,1.042279183527043296e+00
1.123049776153296903e-01,-1.868555337387215909e+00
-1.075259203434629995e+00,-9.239426883916356248e-01
-6.809446863397706773e-01,-1.462518102545713461e-01
4.112882270572048027e-01,8.295988103003687497e-01
5.152289905855553798e-01,-8.322822297039016159e-02
6.750426485983367086e-02,2.102659363915125645e+00
-1.214442810263215433e+00,-3.868839358812884432e-01
6.550345950887738466e-02,-6.918535970692161197e-01
3.538158362731125828e-01,1.079911734884639873e-01
-3.908275842753964890e-01,-6.943098792979665035e-01
-9.709748583016121204e-01,-2.926786946816501422e-01
-4.841408645066061500e-01,6.533042621442080033e-01
7.747503878845004577e-01,-1.080338369845002200e+00
6.805523775941352271e-02,-1.591190218618943941e+00
-3.286911782600658860e-01,-6.367629883191887608e-01
-1.684400246048000926e-01,6.282673149719121275e-01
-1.077173108000724522e+00,5.684323329029253857e-01
-1.837900655117089832e-01,-8.330885992145263819e-01
7.104845967434234577e-01,2.372969513087171134e-01
9.653345787980509643e-03,8.143136999870899118e-01
1.594221234311960222e-01,-8.484884102269906192e-01
-1.852438877729883471e+00,8.098130355358921229e-01
-1.010201812822451917e+00,-8.853641773655962499e-01
-4.748756454426439899e-01,-6.513945337292449400e-01
1.561177556587743487e+00,2.845245381724530453e-01
1.369634449307520208e-01,-1.335267645626569410e-01
-8.650799927409134060e-01,8.050354275097201251e-01
3.047261748164954986e-01,-4.872432164028668855e-01
-6.054573927612829642e-01,8.795445012449916167e-01
1.393888968369812797e+00,2.572847225315320618e-01
1.149516128789863229e-02,-6.018774748959093701e-01
1.368896109470838507e+00,-1.028441673698531122e+00
1.999043121915569099e-01,-1.226738246526787979e+00
3.987860386943231639e-02,-4.258639467069400691e-02
7.802823003628435172e-01,-5.007002020145182586e-01
-4.833166121660671943e-01,3.811427753213026959e-01
-2.403690279367674265e-01,1.348422244839288631e+00
-9.631031704140696759e-01,7.166108027901362254e-01
2.934608959516224816e-02,1.586525538771941024e+00
6.323696633957722746e-01,-1.521797750424699558e+00
4.907029799035204642e-01,-5.679962097009990662e-01
-9.309193466909498893e-01,-6.438328389377724337e-01
1.990948009364559013e-01,-2.454811495363141138e-01
3.135754802526146690e-01,6.676111958453071482e-01
9.907438689272898280e-01,1.320626053051685789e+00
-7.519377643747807705e-01,9.647112484581804592e-02
-1.570785106930746133e+00,-1.096341228756868014e-01
-7.752836657845193491e-01,-4.416963423364432817e-01
-5.483393326440937354e-01,5.180524214010399919e-02
7.718029378815139951e-01,-7.976093264312053011e-01
1.143765628144781443e+00,-4.575807236975084069e-01
-1.333135623457205043e-01,-1.446189513802641935e+00
4.676823157962793909e-01,-5.162045920902258445e-02
4.189006804626279612e-01,-3.425418875254753193e-01
1.597753557311820394e-01,3.547231960619880442e-01
9.100109669621629926e-01,-2.529351778190678246e-01
-4.566934255119358688e-01,-1.151248051414404561e+00
2.767454173051411281e-01,3.580145753912475359e-01
-3.038049116481907341e-01,3.835325874649341826e-01
-6.491538941161645315e-02,-3.731457385617778511e-01
9.998425634052875433e-01,-5.275950033365059966e-01
-6.135401783271269283e-01,1.174935994995639499e-01
9.329256920168171874e-02,-1.975303495202660242e+00
-2.880056387779128882e-02,-7.982184553538267113e-02
-2.347660376352209144e-01,2.805659630719922748e-01
-8.015855384445924603e-01,-1.052079318977862332e+00
-7.264721877088299307e-01,3.041020423372517989e-01
3.708030227372737797e-01,2.966848898381351241e-01
-1.456213141813546663e+00,4.529001327253433934e-02
9.638554850291811693e-01,-1.819824337953321880e-01
4.056712153754015726e-01,-5.210592734872513399e-01
-9.949816574906160671e-01,-7.924396830268075342e-02
-8.798677502417585616e-01,-4.408901241344351796e-01
-6.426787430780181998e-01,-9.021710540298735204e-01
1.151365742802914927e+00,5.291632180903613758e-01
-7.668925957597222398e-01,-3.192818365514842882e-01
-4.451494323883147808e-01,-4.130988740498883760e-01
9.388842436787216972e-01,1.288951059523631093e+00
3.128805694558267070e-01,1.807219626778843846e+00
1.450481391726959335e-01,-2.918679997944685911e-01
2.616445007864469652e-01,2.335903819277648230e-01
-8.176237334603916329e-01,-8.419417768487752474e-01
-8.673604560733400026e-02,-1.024751479292291600e+00
-7.944065353637802529e-01,-1.244537441798058586e+00
-2.312633340477747990e-01,-3.307982248105848511e-01
7.562958744433924407e-02,-4.608492435491560180e-01
-1.717493384476749818e-01,-1.511372040753382828e+00
5.631434836881000772e-01,1.117958327920972328e-01
9.796017449027766277e-01,-1.174227353421210207e+00
2.553587041680779879e-01,-3.968083733643724687e-01
1.086148898187500461e-01,-1.066011829874253580e+00
6.227235430267308303e-01,8.242734760771630587e-01
-7.283247982469428505e-01,-3.154703971578803334e-01
3.636182886781528234e-01,1.956931243694685629e-01
-8.174158042335341601e-02,5.300576588090180064e-01
-1.215489806298735598e+00,1.072812372408769033e+00
9.741776501989352077e-01,-1.421005680983211450e+00
-1.654058243018374785e-01,1.581561957633927040e+00
-3.007751456306138604e-01,-1.314610052410794261e-01
5.637168392910874969e-04,-1.276520922744837527e+00
1.149623961260659799e+00,-3.229763603330504385e-01
-2.843255330489611876e-01,-2.347132358863271984e-01
-4.320403923120062495e-01,-8.685126220223909899e-01
3.891021655412538749e-01,-1.428405574053438043e+00
5.671193328349535268e-01,-7.894680063110672830e-01
6.746002545030045372e-01,1.396547444941721450e+00
5.373745315300570979e-01,1.843793048305027160e-01
-3.877792703629313609e-01,-4.921058149218945910e-01
-3.368206179568655756e-01,-2.073356551948291493e+00
-2.777937528247080290e-01,9.965950828127575489e-01
7.242917241908621850e-01,-5.724075662711070045e-01
-2.003856192012414550e-01,-1.980526410289511763e-01
-1.271800197530884025e-02,-9.166955307847378664e-01
9.869239131365615814e-01,-1.266811980756013256e-01
-9.592269352790981918e-01,1.024214694705448903e+00
-1.187792064167323275e-01,4.868069060345797672e-02
6.320236303503336088e-03,4.373219647851282477e-01
2.493974772899907634e-03,1.065471459040495006e+00
1.880986944438667985e+00,1.377466689358082530e-01
7.240652660297294263e-01,-4.605995646849614378e-01
2.517180197225221239e+00,-2.445835261557754298e-02
1.016962321409859149e-01,-9.464681908201273419e-01
8.796297495752370965e-01,2.669876979475841461e-01
4.991959806497769381e-01,-8.326852516221667777e-01
-9.502028865265295110e-01,1.140923948461576742e+00
6.324029762325110715e-01,-1.788086977647751763e-01
5.102864961938221589e-01,-4.145458930029863875e-01
-8.807873291313506048e-01,-4.350651423319220473e-02
6.898674545965550742e-01,1.254547282710227404e-02
-3.487417493287821302e-02,4.787462446124199356e-01
-7.452292502836884713e-01,-9.963882445209781835e-01
-1.539086936419431062e+00,-9.044183247400487957e-01
4.706327518620698203e-01,-1.966845283863366545e-01
1.369923269499439822e-01,-2.916092412977778214e-01
-6.091467267589940615e-01,-7.084539984661848422e-01
9.133410635770701225e-01,-7.012110373643315464e-01
-1.105737496758619764e+00,3.514985926179177156e-01
-2.020280591920339930e+00,-5.229182733822793638e-01
-1.074105649775738192e+00,-6.245955801174509769e-01
2.234690872448532040e-01,-8.652226495271442275e-01
6.674125501532766069e-01,-1.517522432750682548e-01
-5.057893251463587703e-01,2.182240478963223818e-01
2.259024597557645342e-01,2.065848287917786408e-01
-5.622712964196610042e-01,1.138346181892762710e+00
-5.241631298784387161e-01,3.105481395184382931e-01
-1.245755659659790071e+00,1.264455716771649252e+00
-4.898365112792617548e-01,-2.581352371904274134e-01
-1.546196769966679430e+00,-1.198572889449244089e-01
8.447648712108117852e-01,-4.510066570910735706e-01
-6.864079593707387295e-01,-1.052320854866029665e+00
2.563067943863969744e-01,6.842669449242833046e-01
-2.860858987786773500e-01,2.142661842039017550e+00
1.204644635185962570e-01,9.408313882291566288e-02
3.813906127997806483e-01,-1.936699766469957874e-03
-2.361714871313965181e-01,-1.051578386704745682e+00
-1.027263574471040775e+00,1.794377457683432042e-01
9.104123494773433967e-01,3.344176485177605129e-01
4.956276745131411587e-01,-2.530826323362437291e-01
1.425412199662347668e+00,1.035803260666083025e-01
4.061949409268856281e-01,-1.129494845553880022e-01
3.411634432108825443e-01,5.221507121663745421e-01
-2.279649270708253295e-01,2.514821535579906536e-02
2.248155251293520451e-01,-4.117989980732058020e-01
2.823722202944125570e-01,4.217010228373495595e-01
-9.063603134649331761e-01,-1.745967449925568848e+00
-2.214875965130915780e+00,-1.231074340147307461e-01
1.175708704012639272e+00,-7.834960126946811931e-02
1.226807073543435322e+00,7.559166704880880827e-01
-5.528250203334581503e-01,-1.633834254781169726e+00
5.570394362251136489e-01,5.495740072067057946e-01
4.849812038191155805e-01,-2.088157442536315300e-01
-1.614647303344760587e+00,-1.164302447685911845e+00
4.337316178377355058e-01,-1.268402005378365949e-01
-7.623004704680187704e-02,-7.770497754446815675e-01
5.486018940362794583e-01,-9.054758076902943431e-01
7.580066615615821402e-01,-4.562668983907940956e-01
3.381321680781084749e-01,5.284648952486005191e-01
-1.200989411689473485e+00,-2.020428161552426938e-01
2.490296414768787270e-01,4.799832723722878280e-01
-1.340908557034200310e+00,-6.543289532924104757e-01
5.785250231819637490e-01,1.204318252805870681e+00
-3.104579177124608957e-01,-5.103716029380960251e-01
8.506220937874906518e-01,-4.770122713766857814e-01
1.090379932076337877e+00,-4.499649374809347457e-01
-7.843793444909031853e-01,-6.159018479147075897e-01
4.640442593582133068e-01,-8.889346789389095393e-01
1.840924558317355908e+00,7.237609253813209742e-01
-2.874583913618257713e-01,4.897591985988601349e-01
4.504832075968177585e-01,-6.605239523440350480e-01
4.658718035545097447e-01,1.119461168717938993e+00
-1.387832557737744610e+00,1.479558636852911502e-01
-4.290228522904476205e-01,-3.717836040179558488e-01
-2.164253429052159505e-01,-5.165073707458229801e-01
-8.238382269728269924e-02,-5.550433418584882483e-01
-1.350693201767783069e-01,-1.147556006147063545e+00
1.219848513581372584e+00,5.199540399330750962e-01
6.191915461166780377e-01,-1.392098136828564314e+00
-8.306802826551605845e-01,-2.897265436674088535e-01
3.966356490732551865e-02,-9.093734399964729098e-01
-6.579019040658335392e-03,-6.554021919804751128e-01
-1.572169452995601513e-01,-4.083530223048360552e-01
3.886990489734966081e-01,8.984244047323159954e-01
-7.578826775428518236e-02,1.148542170189746914e+00
5.684430505787975152e-01,-2.809031022788560095e-01
-1.160005120218316810e+00,-2.516707509458636083e-01
-1.075368005618635436e-01,1.002630617719395101e+00
2.142763237644389751e-01,-2.373338266847450362e-01
2.639008766436022335e-01,-3.778913093679963642e-01
-5.689023357728846264e-01,7.282727587086154086e-01
-5.649547901790924476e-01,1.398714767478276944e+00
-3.381121704067421851e-01,-8.462198387027000113e-01
-2.557241586595754845e-01,-8.217782952414462994e-01
-6.018183602498869966e-01,-5.538189532054045572e-02
6.826903372596966335e-01,-1.192819548853507952e-02
1.730520434983461031e-01,8.758498306314679294e-01
-1.178337134459993774e+00,8.872956349315456182e-01
-2.797901881282361392e-01,-1.800578948352282438e-01
-5.842596738654521893e-01,-3.089397968663402105e-01
-1.074247281662666920e+00,-7.448205412132722358e-01
-1.171140433933643754e+00,7.896314955565086890e-01
-5.833618381396200592e-01,-8.020538786890268890e-01
2.470535811353200273e-01,-1.441374143528314056e+00
1.648424593696936835e+00,-8.482140441846034440e-01
9.679954639704847486e-01,1.241364016448380347e+00
-7.428942931443481557e-02,-7.584185976057711276e-01
1.270310067631942763e+00,-1.487819186617166611e+00
1.151554675035535658e+00,7.991889627983428390e-01
4.740260335047324913e-01,-5.534896764868251218e-01
-2.822071943124461746e-01,-3.645697203540117504e-01
-9.528367869616453101e-01,-2.914418212730514046e-01
-2.158924785915574240e+00,-8.636221617761008496e-01
-3.917875163764628077e-01,-1.124533049232978144e+00
3.409136769826849322e-01,-6.690901636091808324e-01
1.213072954322128583e+00,9.481589128749413620e-01
-6.846338675142235597e-02,-2.690468484035108965e-01
2.157365492316531963e+00,-1.982795156459848940e+00
2.254913048415976840e-02,-7.577188395110612262e-01
-1.763024096584003830e-02,2.119897136802734172e-01
-3.527471919483415319e-01,9.329172712969420189e-01
-5.248006788657834099e-01,7.010881305615631609e-01
1.096924391527742237e+00,1.811022457729145607e-01
-9.604908571001793405e-01,-1.053507271754389185e+00
6.102939651671834831e-01,-4.104475748355472797e-01
2.471178042490440041e-01,-9.313290440300048267e-01
2.174833376848145719e-02,-1.813764514943191630e-01
2.111117113224949271e-01,1.683473403370282506e-01
4.640219066082768018e-01,-5.584855493073040411e-02
-6.544195219599795166e-02,1.336560605308838301e-01
7.800505780989361870e-01,-9.865843930353708213e-01
-1.016586556755155080e+00,-1.095501710412895013e+00
-6.643174844068353568e-01,-7.172740759087539164e-01
-2.488978861142055743e-01,-1.528564049128479541e+00
-8.427387796318565050e-01,8.438276067875687125e-02
7.063244328088410517e-01,-3.153517017519075205e-01
1.546496626205981384e+00,-4.166578697458103164e-01
2.364101236834824926e-01,-2.521644173411143885e-01
1.176494313470253461e+00,-2.513451647330938732e-01
4.325357871711105889e-02,-5.429646586350658222e-01
-8.060481976565389561e-02,1.082919753642722860e+00
2.049064890694995145e-01,1.218261421770242547e+00
1.833226250159427084e-01,-3.629290874634967246e-01
6.131062854178649379e-01,1.715669421507792780e-02
-1.281225750696716403e+00,1.100548431129643401e+00
5.996952511369607608e-01,-2.161692865576808398e+00
-8.135815573814671187e-02,3.115251801703819989e-01
7.880650302133459517e-01,1.252204070302306516e+00
6.778958203512615022e-01,3.908827191820610225e-01
4.851596710685829317e-01,-2.318466983502384671e-01
-2.873373793269811127e-01,-4.171486976883028719e-01
3.291700211646279017e-01,-1.388060813701290863e+00
2.398178377350133894e-01,2.310244920307163163e-01
1.376409596582002903e+00,-8.535993287831957765e-01
-1.029448450626044842e+00,-2.543231412374482026e-01
5.247661333760141877e-01,-6.847623061122628529e-01
-6.323901322288713600e-02,-2.032596846714059824e-01
-2.057223743835278895e-01,-1.391303363518319181e-01
5.195705946599341596e-01,4.082901994458610906e-01
-8.109605577067429127e-01,-3.420659662507981591e-01
-5.794838911156487971e-01,-5.721811955664474203e-01
-6.829419525859042883e-01,-1.065944938534820891e-01
8.126931792427566359e-02,-1.063001361550211854e+00
1.865142206946503123e+00,-3.453059256347835310e-02
6.562153001261132879e-01,-6.220833257948151784e-01
-9.156803478342291358e-01,2.970167799266276720e-01
-3.636177115678500271e-02,8.180144672555923480e-01
5.480076357947046839e-01,1.156808041091494710e+00
-2.403915847178070622e-02,-1.625491999125119991e+00
3.715324235031858824e-01,-1.406924994487419034e-01
1.769941053393262187e-01,1.294369477162748416e-01
-3.841293138488184877e-01,5.925830464548011989e-01
7.549794807897922677e-01,-1.130430898499571457e+00
-2.697349188006737952e-01,-2.798347008664618385e-01
7.772197724118237172e-01,3.871779030698723756e-01
-4.416803008945025533e-01,5.967257898905079516e-01
-1.112149688606732356e+00,-1.974815624428622185e-01
2.364634191463146351e-01,-2.305148386356012102e-01
-1.171871096445256999e+00,-4.035518252451168464e-01
-8.876770909703703971e-01,-9.144411168798535217e-01
3.745813200955650513e-01,-1.039457311154683206e+00
-4.043232103954236822e-01,5.372884780117429537e-01
1.032152437432901415e+00,8.594987853328489580e-01
2.343880473593952518e-01,-5.488349910855544467e-01
-1.143419801118691209e-01,1.441463486908215019e+00
4.070038495352574781e-01,2.109328684506970308e-01
2.178974428235676622e-02,1.097574563296953354e+00
-8.678017435073919206e-01,6.087900137086704744e-01
-3.403898550992550120e-01,-7.171258212634376017e-01
7.187793637791106693e-01,-3.770432974915767788e-01
-8.462268957965392024e-01,-6.700049579777217490e-01
-2.983260857263743682e-01,1.901665146346235735e+00
3.213554239205652641e-01,6.084560138274722751e-01
-1.316881691361776185e-01,-1.849098824325221546e-01
1.104226774626904106e+00,-8.286149867784703416e-01
-1.856020547109644980e-01,9.324654944242888321e-01
2.041547495358468634e-01,6.373182301587779208e-02
5.168171720570037264e-01,-4.817294054566818584e-01
3.347773419198138423e-02,-6.843230739675805196e-01
-3.794168571122165656e-01,-1.411384168885483126e+00
-1.609077152952448908e-01,5.012826820002737049e-01
9.622070030360935222e-01,-4.357400043555871849e-01
7.463266052070554046e-01,-4.307646336455562275e-01
-1.354298726401820252e+00,-2.072689735760720464e-01
-1.634598750067617623e-01,2.971669535094830783e-01
-5.360713161583199327e-01,-2.536156920422126815e-01
5.019239635894089391e-01,-5.307390459988220455e-01
-1.061973503407173336e+00,-9.308400465650932265e-01
-8.304263400305057774e-02,-2.106679497388705413e-01
-4.160948809699439171e-02,1.126649725665135104e+00
-7.972273398673727085e-01,-2.313028747644084449e-02
-4.782899286886145851e-01,3.224220298014602304e-01
-5.248701928805752370e-01,2.971187392682036466e-01
-6.675153522739434298e-01,-8.156028156460809475e-01
-1.691013304208322854e+00,-1.177387920776812757e+00
-1.460492695255730222e+00,-6.459342325191196332e-01
5.209692878116214398e-01,-4.421727192502140080e-01
-6.451698941231830409e-01,9.131258336076477633e-01
8.866214784510541291e-02,3.939532307367544783e-01
-5.607999386192238367e-01,1.294741571135172853e-01
-8.545515851696876553e-01,1.506769284070511583e+00
-5.637882402801600579e-01,-3.692879238271274955e-01
1.016784214461921909e+00,-9.081728405134366078e-01
-4.927406126209673554e-01,-9.473390165357857551e-02
-1.027247070137715435e+00,-1.972543804169648099e-02
-1.271205772350028962e+00,-1.036268691123662267e+00
4.413595611290575538e-01,3.295151157527133612e-01
-2.030941860751509787e-01,-5.625915133449177485e-02
1.318565118348961951e+00,1.311577039140907841e+00
2.145177828498914252e+00,-2.371805780206442671e-01
-7.576203867688783289e-01,-6.075997022385370983e-01
-1.122183328948195280e+00,-1.401723496135429126e-01
1.168706241878576746e+00,-5.277608806786506790e-01
9.011912416974982021e-01,6.382595837636092506e-01
-2.236613857205582145e-01,1.339859765085518462e-01
-4.195348669034563160e-01,-8.019222896137422341e-01
1.876874176154342405e-02,-5.212567094174683779e-01
3.220849688221850693e-01,-3.764118290649690612e-01
-9.089803686856409159e-01,-1.438075882034487996e-01
4.271747112549845182e-02,1.373134424195408210e+00
-1.516701185763613235e+00,1.148236165193261327e+00
1.493811159414213385e+00,-1.444206926732763518e+00
-9.895262307169754024e-02,-9.043726256781521311e-01
6.240655470849399734e-03,-2.333029807778632531e-02
4.802052140615394316e-01,2.108469613702511347e-01
3.260651784283991605e-01,-5.399755492904549647e-02
6.115182049654570295e-02,-3.834496209582748949e-01
6.999947763388537636e-01,5.604726023959305525e-01
-1.548210977075327399e+00,3.518885752388818955e-01
-1.361182782178764761e+00,3.924334130061344905e-01
-4.850195136481307290e-01,-3.490192020585197175e-01
4.972102373096637384e-01,-5.517110430122317277e-01
-2.155732664349593042e-01,6.138885183051753236e-01
-6.629541719985773129e-01,1.887478097335176241e-01
-7.177151838643468507e-01,1.514481750827723072e+00
1.204659604062831152e-01,8.593839533258671448e-01
-7.399062461738311614e-01,7.849039718890007400e-01
4.762455661307634647e-01,-1.033137245178675334e+00
-5.100468487082252533e-01,5.182427829544885567e-01
1.121944415933616934e+00,-5.185872150247423651e-01
1.709591354273058972e-01,6.217771994899876642e-01
-1.379775717184605066e-01,3.415771214930090061e-01
-3.313810419600796142e-01,4.689027943511999141e-01
-4.533868295346386579e-01,-5.051029386872674110e-01
7.344266320350972821e-01,-1.024877308176277868e+00
-9.248571376309604464e-01,-8.610799863458209469e-01
-3.902408244324396258e-01,-1.733230119335646413e-01
-6.875855980051295280e-01,-7.269061976556212556e-01
3.993095554749479525e-01,1.894989703952412397e+00
-3.926382804245117097e-01,3.407033257996953945e-02
-2.444552830027234558e-01,2.225975588950468431e-01
-1.926321377005316138e-01,-3.444292690918438482e-01
5.200024796486647505e-01,-1.592256617825462905e+00
4.686062687751819111e-01,6.684861354680945444e-01
6.808898341438932023e-02,-9.866944529519224849e-01
1.646270198686190733e+00,6.456651869562590740e-01
-5.143271996693306036e-01,1.334790700801878005e+00
-2.191513369567616443e-01,-7.786935055154592389e-01
3.568943851994436089e-01,-1.428645278833835075e+00
1.046126469500595846e+00,6.200272654073022416e-01
-9.702707661139413631e-01,-1.925617678636175611e-01
1.040612786096292819e+00,3.112442865847719550e-02
-6.270249043874204231e-01,2.025112410210003766e-01
2.547630708834184299e-01,4.858058082187644011e-01
3.457272024466973015e-01,2.985724766069606795e-01
-2.972370064727836714e-01,1.704907277735389914e-01
-5.165118281520598709e-01,4.449981517756803617e-01
1.175775512984552074e-01,-3.772972698572958916e-01
2.435816400200730147e-01,-1.358881835045697706e-01
1.021847923735905272e+00,-1.676321682938698876e+00
1.633912526534092302e-01,3.923237083686939020e-01
7.651780249776439780e-01,-1.567679449242198597e+00
-5.596624838172753469e-01,4.421746495950008571e-01
1.229550100510181654e+00,-7.726802994562902427e-01
-5.706284160230629121e-01,1.333857936985805681e+00
3.676960203086331730e-02,5.570430862260625782e-01
-4.262176041559984641e-01,-5.724382242494930884e-01
1.169118070189015368e+00,2.421022841576807652e-02
3.803348457100587665e-01,3.052529560370627060e-01
2.883645429111109659e-01,4.549479144431917144e-01
5.937396726581636863e-02,-6.939633079001945593e-01
-6.892640777595423485e-01,7.270354699169920276e-02
4.223162064583097508e-01,5.281764750098377759e-01
-3.328295682610451500e-01,2.764705354928009284e-01
7.596009685648021093e-02,2.894637149485838612e-01
-9.502565048245620316e-02,-4.155948202176847350e-01
-8.531740419354142402e-01,1.023476096604811314e+00
-6.534468916566376073e-01,-2.320173323823212730e+00
-7.186250882820319763e-01,1.943874171121015293e-01
-1.475537380848658264e+00,8.240761934770880481e-01
-1.436311965672175117e-01,1.047179350376876705e+00
-1.073669773832009594e-01,-9.975127964270555925e-01
6.110936418028128925e-01,-1.573156462120257615e+00
-1.912040700905313362e-01,-9.305341904295642008e-01
1.428361313193803994e+00,-4.084789823542318010e-01
-4.538959340606566473e-01,6.217451772757278672e-01
1.317347573325963639e+00,3.146192029040907334e-01
-1.746139222561512439e-01,-8.179922688602773162e-01
-1.513495917306266314e+00,-6.711118325696430187e-02
-7.792043530211387736e-01,5.652333711237798042e-01
-1.710974600431769854e+00,-1.872092124247686229e+00
-5.293674824190036654e-01,-9.159515307227351633e-01
4.752362229158785950e-02,-1.902298657536398485e+00
2.963112887481822444e-01,-1.517398670932674998e+00
4.352849518477284740e-01,1.731694656885004235e+00
-2.302819784412744875e-02,8.324933602769133412e-01
8.334035375726593919e-01,6.157506718719601979e-01
1.130689704646779647e+00,-1.736939295895177704e+00
-7.381557662433090305e-01,-7.579089643468946980e-01
6.459974430792400080e-01,-1.506834042360028214e-01
-1.009508113537320284e+00,-3.979647791024388814e-01
2.677613317098320178e-01,7.852976913409536602e-03
-2.869328302016868615e-01,8.625331842318216813e-01
-1.238382250611828717e+00,-6.382246076657439593e-01
1.145882265934545563e+00,4.974135974021877404e-02
-1.416853722725322853e-02,-1.369126845673685144e+00
-8.741128700134747076e-01,-4.130035866088207497e-01
-1.004073987486054920e-01,2.940185436441166145e-01
4.829504602678806324e-01,-9.350767141764931845e-01
-5.187552386178724273e-01,-1.014553370907415264e+00
3.354035891171566197e-01,-1.879796121191020797e-01
4.677442546670100287e-01,-9.091269804917274655e-01
-1.055783270328285006e+00,9.798768558331359957e-01
2.449075724392291709e-01,-1.155129378463761292e+00
-3.266031787096382866e-01,5.105699639929343059e-01
3.177715384336437521e-01,8.465930637554673621e-02
-8.307435665763428512e-01,7.192150776820568359e-01
4.512455818783356332e-01,1.849499151344729808e-01
-1.217481196435695967e+00,6.103063425245750517e-01
1.295681716231969594e+00,-8.041763405022408495e-01
-1.502844569083840731e-01,-1.011762497073366296e+00
5.305484174722211455e-01,-3.569874668182815292e-01
2.479871592644227740e-01,-2.423464787557706723e-02
-2.186222644681813654e-01,-6.153285254144545968e-01
-1.849801756643235207e+00,9.754365949484261611e-02
1.668693390411682964e-01,1.435299020018909522e+00
-3.061314640706622181e-02,-1.354896890304365886e+00
-3.384136212946738942e-01,-8.833223735980922919e-01
1.069174917846455353e+00,1.966868528746956377e-02
3.467033147944453830e-01,7.483480188318843984e-01
-3.900094366511352995e-01,-8.470363518790741120e-01
1.622882768947270016e+00,-1.264293886429377789e+00
9.679014697524997990e-01,4.380639748185382598e-01
-2.324291252439158462e-01,6.695841010150980210e-01
-1.290309550302732422e+00,1.622229832005145367e-01
8.082531424592089841e-01,-7.116677059239520098e-01
-2.397550297532291819e-01,3.917611481533078144e-01
-3.573958167057168789e-02,1.516820101980899220e-02
5.475359279059874851e-01,-1.155735166945898729e-01
4.443872513268815744e-02,-3.177464487098130008e-01
8.727231479402047798e-01,-4.106016514614273527e-01
8.806831457594822832e-02,3.517233076808685688e-01
3.439214868026320149e-01,6.274692825105182559e-01
4.909745719801678621e-01,4.745889333385740483e-01
2.767836739669167212e-01,-9.809253565890376780e-01
4.143940069750722821e-01,7.903384524622267260e-02
4.480692561014790742e-01,-2.949504584969807053e-01
-1.691660574462585942e-01,9.366602222966096125e-01
-8.631508579852292806e-01,-1.379610011320666851e+00
-8.432325519074137521e-01,4.626302962122871287e-01
3.882586699581947604e-02,-1.278400074405292353e+00
-3.750913016615023410e-01,-9.466752527198325495e-01
-2.734941148327568738e-01,4.166706527434969054e-01
-8.576049150294923207e-01,8.545670083650837023e-01
2.968746000234028654e-02,2.636291727277382257e-01
6.145134252159993871e-01,1.706732227843497984e+00
3.700146050809755005e-01,1.078174502255564438e+00
1.061638757356357488e+00,-1.756490334539671516e-01
3.700928494100615973e-01,-4.769896747910443158e-01
-5.279670490947143691e-01,1.581510001758533290e+00
-1.990667319218115683e-01,-2.098756203197693904e-01
1.268311608639616506e-01,1.898968238121827301e-01
4.974960683570842090e-01,2.913467848869579213e-01
-3.778836856848437065e-01,7.914733680106894598e-01
1.116918823119963600e+00,-8.485222451610274774e-01
2.501449130220895767e-01,-4.583576078556974576e-01
4.873066856908001010e-01,7.774666141469700475e-01
7.567946408467931541e-01,-2.971163306193050704e-02
3.406851033247269012e-01,1.365274462138632294e-01
7.696425611936071887e-01,-1.081882614343067234e-01
-1.122350200239258022e+00,3.636576639111442910e-01
-9.896175809258904721e-01,-4.133838428085464395e-02
-2.459425861667460522e-01,-6.541996159155933910e-01
5.520009541421544430e-01,-6.180758200746222508e-01
-8.113715055168106982e-01,-1.187458737317327984e+00
8.141786779899889970e-01,-6.132169800421843897e-01
2.227039927954040932e-01,2.499105885748891809e-01
-1.153817729640776779e+00,-6.249258036956031326e-01
-5.272131978840369770e-01,-5.595002216023559072e-01
-3.449496875757357417e-01,-1.930803146162676232e-01
1.034149393512365345e+00,-2.870447121149333897e-02
-7.339169519692655408e-01,7.765647518274743089e-01
-8.913297511923694572e-01,6.940027558745108793e-01
1.282348954133768260e+00,-7.785039697039289885e-01
3.015341031388729665e-01,-2.095181120481317549e+00
-6.751798746248729444e-01,1.131194952812333288e+00
1.215051813631528033e+00,9.861579652984050481e-01
9.815913037550257070e-02,9.165302426837589334e-01
1.793686393835445925e+00,1.753868979485090129e+00
5.542880725481413862e-01,7.166531643156144327e-01
-5.278240294584410908e-01,3.499518612997439271e-01
9.966495229815629520e-01,-1.385805463430570761e+00
9.287379641690216014e-02,-1.448349280012617202e+00
1.478140103966037344e+00,-4.018307281488457949e-01
-2.784658206215334109e-01,9.269556724900115396e-01
7.215001120974576243e-02,-1.518248363751451835e-01
2.423673703538496149e-01,-1.612659166681769118e-01
5.981861499829154161e-01,-2.144691352840415011e+00
-1.586620884547973231e+00,7.246785748573035812e-01
-7.666521521421610919e-01,-1.721075249749007274e-01
-6.250487899326768737e-01,7.175675986928502503e-01
-6.196732590191437184e-01,-5.621835481337655871e-01
1.451676049181211070e+00,-3.547856644657478853e-01
7.562821411240180924e-02,7.860878297514245624e-04
-6.867857444504471554e-01,1.822207911240374179e+00
-2.802506039737307636e-02,-2.542044518360656591e-01
-7.098191979457054712e-01,3.299464024825708997e-01
-2.581203450514003572e-01,-2.034555593344744284e-01
1.454222207076817375e-01,3.941749671829333779e-02
-1.223524704527657603e+00,-5.016624749479646761e-01
-7.146788025106401432e-02,-6.482340991342061542e-01
1.105212347428766728e+00,-2.076206801818120118e-01
-6.195913809591080401e-01,5.235747294450758815e-01
2.485260921413594282e-01,-6.068153699714768923e-01
2.198866498007737980e-01,-1.092293411848626467e-01
7.948465088275062929e-01,1.860834688727246722e-01
5.219565840245313781e-01,-2.744208073177962226e-01
-1.037755482026184728e+00,-4.688501356386454155e-01
7.250461407293843329e-03,-1.908584213433826282e-01
2.771062382051025369e-02,9.003105713767564078e-01
1.099918558638832922e+00,1.215773855209735382e-01
1.491803503031157829e+00,-5.663897685091724421e-01
5.277013230201620386e-01,4.505758908502961457e-01
-1.001318237330962868e-01,9.091660396100289532e-01
6.078220556524892570e-01,-7.908198206794576912e-02
-5.105108318651460086e-01,-4.116050431983131475e-01
4.968289804424643741e-01,8.856908511445658050e-01
5.198244399685755246e-01,7.514837864084862595e-02
-7.113590843025563437e-01,-9.708230784905487187e-01
-3.007897504424172919e-01,1.031084098049379338e-01
1.549487331898705689e-01,1.208554887798264588e+00
1.141866343291220165e+00,-1.283081671085440689e+00
-1.078696667339044568e+00,-7.329813257958661676e-01
-1.944724575488806784e-01,-7.686775414596597189e-01
8.846544421275993608e-01,-6.002032884159026471e-01
4.545830676846812635e-01,-4.528135353314668432e-01
-1.284962758386448342e-02,9.079159923689134049e-02
-6.396624346985376741e-01,4.278329727175832486e-01
-2.176330157870264015e-01,-1.401063069932522609e+00
5.476031818079728497e-01,-1.074359118188003004e+00
-4.142378978191794681e-01,3.367422102740925960e-02
-1.194437961685523020e-01,-2.736554415763542969e-01
2.570620562297168399e-01,-3.761569975493019857e-01
9.229084580712615393e-01,1.627747481633952664e-01
4.723684078266163211e-01,7.764594598334906284e-01
-3.559453359377371950e-01,7.784780639944058889e-01
-1.024195180269813626e-01,2.623038912589532590e-01
8.443379769448027261e-01,-1.325489598916042289e-01
6.496963668673219061e-01,1.207501379107662087e+00
7.741099162172407899e-01,-6.627189345826802747e-01
-6.089114231267368504e-01,-7.329522211784689212e-02
5.913604361701112477e-01,-1.707290922558185597e-01
7.144954926428664921e-01,4.979214180777682408e-01
-3.933596378227441348e-01,-1.033512659060420891e+00
8.540089968107825724e-01,-1.523239501647928318e+00
-1.069557813925564177e-01,3.671308860350877001e-01
-1.987176445176543904e+00,-1.857915661057672196e-01
-8.389586008740790302e-01,2.576652214423209020e-01
5.913231978126925331e-02,5.052416642933935664e-01
6.834592436179073305e-01,-9.764504758532941420e-01
-1.268045714369905042e-01,3.559997064132682243e-01
-6.937592297996530988e-01,-1.633179643286413740e-01
7.571692419051102574e-01,-1.708163208181523229e+00
-1.310675777643238060e+00,-7.475226873031621810e-01
-5.317691139602985784e-01,-1.041038637063877781e+00
-1.427675911715367674e+00,5.483347124260877781e-01
2.518450832168245973e-03,1.401897543975591520e-01
-1.272676504223072547e+00,-2.729994046167530386e-01
4.783640896673240633e-02,5.086495751566159074e-01
-2.618458598068393317e-01,-4.931489746775396393e-02
-2.054342341392820792e-01,3.982252110000089607e-01
-2.008442996644909329e+00,7.331944658363237499e-01
6.028461240786547881e-01,-8.282459479137708191e-01
9.591860407885320905e-01,-4.374429436657386039e-01
7.181724211537010572e-01,-3.463229473580211049e-01
2.769817233806630696e-01,-2.714393652181448791e-01
8.237620464153152522e-01,1.184936712679433568e-01
-3.745383623216501090e-01,-5.829251104243244885e-01
-1.232580913869383954e+00,-2.362842905502094693e-01
1.113214932243250299e+00,4.388596872211336652e-01
-4.083420863633808184e-01,6.084303049591784918e-01
-2.656112661240114803e-01,1.633001115340178000e+00
1.832055273325985112e-01,9.435992863377472561e-01
1.978556382588593510e-01,-4.090862918073746579e-01
9.508550524337420207e-01,6.722032360897027825e-01
-8.575385839387186238e-01,-8.603945737282145956e-01
2.196409010437070375e-01,3.599611636218394417e-01
-7.057570022294995700e-03,1.235373563140253622e-01
-6.234163988039425064e-01,5.032411103747965742e-01
2.905496618347215287e-01,-4.153737572281318569e-02
8.986492368750655935e-01,-2.405187418033142066e+00
-6.322887180194473045e-01,-2.285734160909164703e-01
1.562536661734117704e-01,-4.861019799580780232e-01
-5.461439675669509386e-01,-6.307338509521356884e-02
-6.638348216363397780e-01,-7.304365724428687479e-01
5.712373399840707799e-01,-3.200616988616314385e-01
-5.571536838069172104e-01,-9.669729198880893106e-01
-5.963591973739028329e-02,-3.102216932936530669e-01
5.369342697916096308e-01,9.214200646753895052e-01
-3.066183278449859939e-01,-1.145484105820185672e+00
-2.734673344127214190e-01,-2.427968924945881346e-01
2.259656509743982744e-01,2.272064831712254096e-01
7.710794094761316275e-01,-3.465830731396424835e-01
-1.231460255225300893e+00,5.160761908781208440e-01
5.490349903922954189e-01,5.634324265279647692e-01
-2.846612936520762638e-01,4.357583788264469959e-02
-1.530330731904039565e+00,-1.560462554715379146e-01
-5.054284527032231189e-01,-9.624868767378209622e-01
-2.839513125097419266e-01,-1.321851092593507859e+00
2.378897856728656030e-02,3.360336096884707358e-01
-2.260888811854010472e-01,-1.204851005184671475e+00
3.045524496932748848e-01,2.466014688596598059e-01
-1.014473294129573766e+00,1.851416454400937328e-01
-3.556050501312492118e-01,-7.266588902657205029e-01
-1.104302368837362325e+00,-9.151050943181893160e-01
-8.216476217645519997e-02,-2.090652176633050474e-01
-4.630447325120689017e-01,-2.665564110851040613e+00
6.806745790422201736e-01,5.613243320181083851e-01
2.484372136695780220e-01,4.995544557052185586e-01
4.576358726526619791e-01,1.446044127707651894e+00
7.451181304891434376e-01,-8.797315747035187039e-01
4.039069871695519925e-02,4.935926193521447680e-01
-1.540321291242305879e-01,-2.043656083682312830e-01
1.012426407193225408e-01,-2.576328607383454594e-01
2.094645345666068248e-01,1.635898459171521324e+00
-1.966155487465274798e-01,-1.568044546727110078e-01
1.061600530234069611e-01,1.622592742750792238e+00
-3.067286399410543707e-01,7.991621671908241131e-01
1.548851543564123689e+00,-3.690845673691863643e-02
6.893904220767345381e-02,5.074362413280454343e-01
-4.770453404994518531e-01,1.069684815554115431e+00
1.068469157660270286e+00,-1.258431374240312151e+00
-2.988358542570349607e-01,1.014858520861599001e+00
4.644019721464790473e-01,6.172954290657346466e-01
9.435998594061444367e-01,-2.820387346967591080e-01
1.371243584669316729e+00,1.073963817786933728e+00
3.322068687695136635e-01,1.500945314651302098e+00
2.805134368937573508e-01,3.557009508274442400e-01
5.174258768810850034e-02,-1.323808316200866475e+00
9.361393702815197226e-01,-4.384736004919187469e-02
2.174921148293784967e-01,-9.101132270308076588e-02
-2.428741707642178838e-01,2.920096192403960900e-01
-1.529620719176391086e-01,-3.920127747109693472e-01
-1.073096307946402428e+00,-1.299502917767192622e+00
-4.822955710009562691e-01,-1.555142097562209336e-02
-5.345900532103523561e-01,-1.420108867538311948e-01
-2.559654278000477179e-01,-5.737817897460094629e-01
-1.245508919708455814e-01,-5.135038502510270719e-01
-8.744687452646134063e-02,-1.276477596944886495e+00
-1.949106227529092406e-01,4.070307282076335853e-01
5.263623666973752391e-01,1.594116080170510541e+00
1.231186067310670929e+00,-9.430101936816571717e-01
-1.538285985440173365e+00,-7.533384026388063592e-01
-1.486352696072124613e-01,1.152766085900085224e+00
-7.451421581008237371e-01,3.346692902821772342e-01
-2.985739327882897531e-01,-5.023026778363041123e-01
2.497050852299985413e-02,3.296770919205539024e-02
-4.992768922762023942e-02,-5.956736947387236691e-01
1.208125922037478706e+00,3.071042900615519877e-01
-7.932115916116839749e-01,-5.471796237042360067e-01
-1.827153534742318938e-02,8.645581938940405387e-01
5.528906408611602430e-01,4.312975613726394708e-01
4.808480458129176238e-01,9.243508892632127383e-01
5.203407055482697219e-01,-7.830785750530887546e-01
9.124686947013433969e-01,1.052675814015422873e+00
8.057065153643557798e-01,4.041549606410147627e-02
-3.581748773195685409e-01,-1.475935283574203893e+00
-1.070356803903252940e+00,-2.496759294738861157e-01
1.154470696828891363e+00,1.043122415186933827e+00
9.510236772613708256e-01,-3.968272985991832535e-01
-3.332206325783985124e-01,-4.365939370824796772e-01
6.309150984009876950e-01,-8.273862231644410481e-02
-7.247512701891796194e-01,3.089753260694264037e-01
2.074081771681083597e-01,-1.080915249967100866e+00
-1.422330066464239540e+00,-1.559564426733410558e+00
-2.169494855362978647e-01,-9.263551594976944525e-02
5.596482501190725989e-01,1.890959507025188543e-02
-1.302071069319166163e+00,8.028901861523866090e-01
-4.711845811521394589e-01,4.968382725422050283e-01
-3.326817155394511949e-01,-5.048596143663864888e-01
6.281214447104156440e-01,-4.622159843484812125e-01
-8.350343162530105001e-01,-2.157691448302088699e-01
1.800348394001259622e-01,4.578257508005628695e-01
-1.186377912106054033e+00,3.035759233902549092e-01
-4.702194043068194662e-01,-1.147229313237944304e+00
-9.676392150254929936e-01,-2.874301797721311447e-01
1.006801901282245337e+00,9.985280363510440349e-01
1.131213310576004022e-01,6.588738326009317969e-01
-8.642012674139682993e-01,-1.891679896531942018e-01
-2.222284669329349927e-01,-6.464060213082113704e-02
-4.402600291927314946e-01,-9.055122185907386045e-01
-2.785256892525831973e-01,-6.563415936477698942e-01
1.106384834747969892e+00,-3.857979969855536151e-01
-1.006607661941382181e+00,1.530812291683559589e+00
-6.952680062791172233e-01,-6.410035885415933388e-01
1.063208947905601276e+00,-9.647619815238634988e-01
8.406644381730499216e-01,-4.758750397709745061e-01
-1.292135457053436576e-01,4.261788167288625695e-02
-2.366105428320440518e-01,2.366642161646939913e-01
-8.007588016055522395e-01,-1.172221525794068242e+00
-8.122922657328551788e-01,-2.006367078842362928e-01
-1.390977805601399941e+00,-1.392558708030593673e+00
1.212797261862640363e+00,-7.239098361607686494e-01
2.125972728971248782e-01,3.887157292176864343e-01
2.683662172652978017e-01,4.720020022006995303e-02
1.892743602234200351e-01,-9.448078312285880243e-01
-3.147786798958541188e-01,-5.409806297745642922e-01
-1.251651917078188792e+00,-2.023387678278506518e-01
-2.169231759927642278e-01,2.672763369512551335e-01
-2.622613886854836540e-01,-3.348200253890780687e-01
8.100169999560796752e-01,-4.032537415437280615e-01
-5.631503023103113376e-02,-9.566357948231714037e-01
-2.158195534637966373e-01,7.837369195462325910e-01
-1.156090261135694020e+00,5.337923968766130622e-01
-1.655378803608216209e-01,-1.034389447888419022e+00
-4.785075679803976190e-01,-9.344547384619396047e-01
6.191747364203658011e-01,-2.601272349832090547e-01
7.058879200751692895e-02,1.246213840001614948e+00
-8.901072962947090828e-01,2.185700806425170839e+00
3.728002493336544654e-01,-1.676469767913725539e-01
1.350716835843247088e+00,2.233078302790423575e-01
-3.170821054460825628e-01,-2.823513224323377646e-02
9.968542890880398577e-01,-1.179472524780987408e+00
1.177386951218947431e+00,-1.206909862185210347e-01
-6.525463206264203730e-01,5.831305720551515082e-01
4.019942439325520089e-01,5.048694994442793904e-01
-6.840384092696795426e-02,-6.434050000523610091e-01
2.164551617239522663e-01,4.506095402412013118e-01
-1.172093833664340279e+00,-3.623857874005128599e-01
7.215273635280634590e-01,-1.780857207845845669e-01
8.755930232621818021e-01,2.146353587474856273e-01
-1.175991502837380853e+00,2.404223518295433570e-01
7.585002580777955306e-02,3.954286639521680802e-01
-4.021602665438727686e-01,-1.435474171314132970e-02
2.378504675752284581e-01,5.147961605697076726e-01
-7.844092186025003466e-01,-5.877066707913870536e-01
6.374147770818546777e-01,-4.054316002599149260e-01
6.992769963749712048e-01,4.895179740783318079e-01
-4.969318058745882394e-01,2.814480020911343527e-01
1.334203604289072809e+00,8.252563979435391106e-01
1.017928565126305029e+00,5.778023897486268129e-02
8.805450056468671072e-01,-8.518087436293358961e-01
-1.167289682257794059e+00,6.144663522410160894e-01
-2.128187194689364903e-01,2.388066368258315308e-01
3.347287536070576164e-01,8.239823172786289174e-01
4.220762681084602730e-01,-1.497915377287607708e+00
-9.131222749551776152e-01,-8.211213225614415467e-01
2.454800153431044851e-01,5.353322685063592878e-01
7.765728767630212248e-01,1.015229465889729843e-01
-5.829249351679584024e-01,3.702100997538485538e-01
2.005157011503210907e+00,-2.070894463215534831e+00
1.152490890329259804e-01,1.138283492325406154e+00
2.229725005735066490e-01,1.966267378970458501e-01
-6.319414130928459050e-01,-9.467572647174090639e-01
3.483707713425792662e-01,1.127827172007302425e-01
6.245446216720399457e-01,-8.680771332924677730e-02
-2.054358276949469209e-01,6.018108111265568771e-01
-3.468920608636373304e-01,-1.226646844046552332e+00
5.640652463535350547e-01,-5.582027212121083437e-01
-2.463617068396019294e-01,1.299373165970777455e+00
2.956574717163271693e-01,2.073253491192775244e-01
-1.018484329872995309e+00,7.174639409357068676e-01
-2.459772906307814699e-01,-1.520211103794877339e+00
6.193084258219255789e-01,-7.205398681279149287e-01
-1.572782375185953097e+00,-1.555966180771109486e-01
-9.044679324370542561e-01,-3.277046391710470852e-01
-8.181344467610986992e-01,9.203601508247722940e-01
-9.992159264114770512e-01,-6.477145780944957298e-01
-1.081242803290341836e+00,6.931439517167553577e-01
2.530844636828535332e-01,-6.796734424329684554e-01
8.105201124949974467e-01,9.884411133792800896e-01
2.613555309798096249e-01,-1.594437131333955870e-01
-3.023908688438369657e-02,-1.461349165809871176e+00
1.737498707679001608e+00,-3.060915940590704376e-01
-9.745754906338189860e-01,2.447093020472263236e-01
-1.756947950246232626e-01,3.669779077787224675e-02
-9.724434177689910141e-01,6.238263095614560161e-01
-3.442213649501862927e-01,-1.658569475167586960e-01
8.669385818792588738e-01,-1.732351568555803745e+00
-1.190177015602535526e+00,9.185582426959725266e-01
-2.756756247389235415e-01,-1.360936291185333102e+00
8.419027420173894605e-01,-1.708098793395849802e+00
-5.030969912458326254e-01,-1.092755163221868608e+00
-4.277794750824271963e-01,-6.114567349136971197e-01
3.035299108544736724e-01,-9.396666153788701958e-01
-5.382971592181854392e-01,4.004276541781501275e-01
-8.865339993224762294e-01,8.362294608031194121e-02
7.583995120266213696e-01,-3.761928001819294098e-01
-8.760909096515242522e-01,1.223736282629437205e-01
8.572430407351332160e-02,-5.663510653796852701e-01
-5.440673784182350481e-01,2.326541985127503209e-01
-9.644735831562728512e-01,-3.797915955035388591e-01
4.533212130767678150e-01,5.719443125846835480e-02
7.657127625424532402e-01,1.475786721279185310e+00
8.353812656337167297e-01,-6.438763153093799430e-01
-1.105671793983170614e+00,-5.048058538856118327e-01
-8.031759552912113298e-01,1.590081047637688760e+00
9.679678114693723856e-01,6.339449072044412992e-01
-8.021046555829920433e-01,3.310097098388869313e-02
5.805942768919392094e-01,6.687867102487023985e-01
1.294618241038400175e+00,-3.595231023366387557e-01
6.464943683344548386e-01,-1.449748424787660639e+00
-6.226736154432979120e-01,9.558857173457322443e-01
3.011727599024490165e-01,4.147665701695224527e-01
1.374631283305884244e+00,6.543535205433620439e-01
8.329535379740994616e-02,7.941541370532824162e-01
2.407480462912438002e-01,-1.236553232762707344e+00
-8.045183864008891295e-01,7.727723540002026104e-01
4.055734411269541484e-01,-1.177937751749695616e+00
1.556386292753064171e-01,2.723123551094838377e-02
-3.031336740682659681e-01,-5.814998656008590894e-01
1.456449617747162528e-01,-4.078523658628844251e-01
5.656911479243671437e-01,-7.317310861961152935e-02
-7.666259933649434144e-01,-2.343450574343603210e-01
2.500049787297055626e-01,-4.209077610560221228e-01
-5.192342352896838209e-01,-1.182355188401872093e-01
-1.243095847036261192e+00,-4.352829015189436240e-02
9.420575324127734573e-01,8.906774718442998784e-02
-2.626078183808759903e-01,1.880768697637479892e-01
1.007783033897328151e+00,1.997082867996256228e+00
2.018404559509730412e+00,2.118727062596751642e-01
-1.243952783116885064e+00,4.709220134142640402e-01
1.906178388591459605e-01,-2.136589862905775850e-01
8.834296147345104266e-01,-1.216319929771385366e+00
-1.249572939394060889e+00,-6.763268415021769231e-01
2.948107389877018814e-01,1.148864121885405376e-01
-2.176963897339793119e-01,3.514280746869321015e-01
1.164258916056900794e+00,3.523106855418109418e-01
1.199955325863858890e+00,2.278814147141205726e-01
-1.419986626935034968e+00,-1.352317234979392158e+00
1.515920880513425273e-01,-4.048878837408876885e-01
-8.931568048959268591e-01,-6.109551166495781338e-01
2.991209704733404084e-01,8.209560383143225115e-01
-5.282615920142205157e-01,1.569142279341163015e-01
7.046584919771413658e-01,-6.165111299836586456e-01
2.630560864988233938e-01,5.041434425908063455e-01
-7.102188748138011931e-01,-1.833304897885559559e-01
1.413828457783300810e-02,3.556917408143914217e-01
4.021600038883269002e-01,-1.142984211048775484e-01
1.549901945840906903e+00,1.937123213636392727e+00
1.059657043319489622e+00,-7.819836007715207371e-01
5.284552445170858093e-01,7.526944644301656329e-01
6.016253541676005456e-01,-3.049944177644017818e-01
-4.730664582284078712e-01,-1.476217322282226352e+00
-1.350411310180083868e+00,-6.665989136658901915e-01
1.231715391535842974e+00,1.467082105105667611e-01
5.884724518909104779e-02,-3.590721727790217865e-02
5.270450239617666677e-01,-1.221818837728503748e+00
-5.578121352354259432e-01,-3.039917710756375180e-01
3.313231209039808056e-01,-1.285983600338531430e+00
-1.002560297662325794e+00,-1.754835702694881178e-02
3.798506821945820122e-01,-4.111558926501763800e-01
8.624905338288421097e-01,1.777075984199179004e-01
-2.087733092987550609e+00,-2.539078963698928049e-01
1.101285429536157157e+00,-2.660698749573175981e-01
8.051804837774028112e-01,1.386643400800325443e+00
-1.108935867735976882e-01,3.029679016086616605e-01
9.433908318035737484e-01,-6.669994234969330860e-01
-2.270252448802801970e-01,1.421472274609497932e-01
8.507849671831819727e-01,8.896754084357315628e-01
2.199688787602913642e-01,1.716583785776919280e+00
-1.110855872796163268e+00,-7.466862274637232622e-01
1.514466422888725572e-01,-1.349294803495250550e+00
8.298948468060912687e-01,2.379659820802990100e-01
5.079469289104084906e-01,1.249905845322148157e-01
-1.635921996950590040e-01,6.221930752535713705e-01
-1.006112153089823824e+00,3.781816331841935663e-01
4.621030418239835957e-01,7.223947924482268523e-02
-5.156999891953990556e-01,-4.647592515313899164e-01
1.292245732678113102e-01,2.954896778539868596e-02
2.838113738632560001e-01,-7.797308295364397956e-01
-4.792531503392591929e-01,8.870647503554364155e-01
-3.319503284169642021e-01,7.023738569329133208e-01
3.828377193171240145e-01,-4.818207610530403917e-01
7.814990929296306010e-01,-9.802521143805674464e-02
9.614693155830595916e-01,-1.711071244304853411e-01
4.992684683568900939e-01,-1.327600135168821582e+00
-2.880235372755186041e-01,-4.587622953497936251e-01
8.900019459406598166e-02,-2.384835847068828674e+00
6.160537915703558909e-01,-3.197869090372310323e-04
2.358553008976489382e-02,3.500190735693339134e-02
-6.911709688510057070e-01,-5.452760354244521324e-01
3.993010984074720215e-01,-1.585865780117249879e-01
1.239995329341040398e+00,-1.341811862415584811e+00
-4.555241850073462606e-01,-6.076450523091814215e-01
-3.977843002178009235e-01,9.186484622641210018e-01
3.022705446185037226e-01,2.124912410984225897e+00
8.748114658829010404e-01,-1.660938694889044220e-01
-7.612471559927895814e-01,-1.810867059220778730e-01
-4.476103465810198911e-01,2.577772684391088087e-01
1.367997103161727734e+00,5.151489958848012307e-01
-9.067491470136065379e-01,1.525693051210153417e+00
1.669760927753931590e+00,5.031151430313053341e-01
5.200337668645333977e-01,5.475151383396591465e-01
-5.959485785972691296e-01,5.280898363987386324e-01
-6.821982263622945464e-01,8.792934284882499840e-01
8.953683064798924340e-02,-6.671531871716313011e-01
1.613861046796423837e+00,-5.103907582898203898e-01
-2.754556625292314265e-01,1.431420019074413075e+00
-4.813346814088941689e-02,1.301607630252734182e+00
6.048375893526455327e-01,1.481269292435448914e+00
6.736099789518834591e-01,-3.680232467083053849e-01
-1.303215893493737121e-01,5.730464184288923679e-01
5.460923183628786648e-02,-2.076119579342471932e-01
2.119409144887484438e-03,-2.022757317251398401e+00
-1.330318921428401691e-01,1.556120918512032825e-01
3.842341309182092379e-01,-3.478769830865919843e-01
1.392868053379074655e-01,8.149055490286798431e-01
-3.401966976740816717e-01,1.008014281593525296e-01
-1.076553315694307678e+00,3.722230522087104365e-01
5.101566613276555667e-02,3.486498056343943497e-01
-1.923371244913519629e+00,-1.734121561557951940e-01
-6.406019218262040127e-01,-7.252140473085143535e-01
-5.006994749238843356e-01,4.764901943864818801e-01
6.018857320988245663e-01,-9.200048275740410064e-01
-3.187804854017430300e-01,1.148996133482562243e+00
-8.447176511010415223e-02,-9.845717462135530340e-01
3.669319904225186169e-01,-7.167447722060601434e-01
1.183210061686504194e-01,-1.846865976000593434e-01
-6.799670217770346081e-01,-3.480231723914685438e-02
2.505236570487102687e-01,-3.414766136545379083e-01
4.235506457318050089e-01,6.136953555876535349e-01
-4.041583057753639178e-03,3.194156425804446364e-01
7.807152547675733079e-01,-4.424752958027033944e-01
7.503582469657309462e-01,-7.868395194449180619e-02
-2.967825858338672962e-01,7.300105097855396075e-01
2.612940940180124016e-01,2.292654163666510703e-01
-2.614303988259578659e-01,3.383381603230893597e-02
1.233529365932415800e+00,-9.015644871253177817e-01
-6.296459931810315103e-02,7.844967320576321512e-01
-9.468969666673709984e-01,6.123905581029729372e-01
2.623053958993429302e-01,1.073454261588746572e+00
-4.242626012588567863e-01,-1.060476332822450463e+00
-7.740561980887866733e-02,-1.106208920401300144e+00
-2.299422434944760063e-01,4.649859205563476316e-01
8.182732361039682933e-01,-1.397249703561403711e-01
-9.844385152750378953e-01,-3.503262996117540440e-01
2.223522694234105201e-01,1.527329515214873590e+00
-7.984301315804418486e-01,1.009305016599881637e-02
3.931749598056167305e-01,4.326448228164781473e-01
9.982620682176178706e-01,-8.480205657550622389e-01
-4.883233743849671460e-01,-1.172504055405880624e-01
3.974452944457027570e-01,3.429004623435770172e-01
4.871237518988436599e-01,6.348921961198681352e-01
-1.529776126439636119e+00,-4.116512881528587298e-01
